archname,devname,freq_MHz,pipe,precision,wlgroup,wlname,wlinstance,batch,opnum,opname,is_input_node,is_output_node,optype,op_rpt_count,attrs,inList,outList,input_tensors,output_tensors,weight_tensors,domain,opclass,removed,fused,fused_with_op,inElems,outElems,inBytes,outBytes,instrs,inParamCount,inActCount,outActCount,instr_count,compute_cycles,mem_rd_cycles,mem_wr_cycles,ramp_penalty,rsrc_bnck,ideal_cycles,ideal_msecs,cycles,matrix_cycles,vector_cycles,msecs,matrix_pipe_util,vector_pipe_util,mem_rd_util,mem_wr_util,memory_traffic,mem_util,uses_perf_lookup,fidelity,
Wormhole,n150,1000,MATRIX,INT8,TTNN,Matmul2Tensors_1,sweep_32_to_4096_bf16,1,0,ttsim.ttnn.Op_1,TRUE,TRUE,MatMul,1,"{'compute_kernel_config': WormholeComputeKernelConfig(math_fidelity=<MathFidelity.LoFi: 1>, math_approx_mode=False, dst_full_sync_en=False, fp32_dest_acc_en=False, packer_l1_acc=True), 'memory_config': <MemoryConfig.L1: 2>}","['ttsim.ttnn.Tensor_1', 'ttsim.ttnn.Tensor_2']",['ttsim.ttnn.Op_1.out'],ttsim.ttnn.Tensor_1[32x32]:float16;ttsim.ttnn.Tensor_2[32x32]:float16,ttsim.ttnn.Op_1.out[32x32]:float16,,,,FALSE,FALSE,,2048,1024,4096,2048,{'mac': 32768},0,2048,1024,32768,1,18,9,50,MEM,4128,0.004128,5160,1,0,0.00516,0.6,0,0,0,0,0,TRUE,LoFi,5160
Wormhole,n150,1000,MATRIX,INT8,TTNN,Matmul2Tensors_1,sweep_32_to_4096_bf16,1,0,ttsim.ttnn.Op_1,TRUE,TRUE,MatMul,1,"{'compute_kernel_config': WormholeComputeKernelConfig(math_fidelity=<MathFidelity.HiFi2: 2>, math_approx_mode=False, dst_full_sync_en=False, fp32_dest_acc_en=False, packer_l1_acc=True), 'memory_config': <MemoryConfig.L1: 2>}","['ttsim.ttnn.Tensor_1', 'ttsim.ttnn.Tensor_2']",['ttsim.ttnn.Op_1.out'],ttsim.ttnn.Tensor_1[32x32]:float16;ttsim.ttnn.Tensor_2[32x32]:float16,ttsim.ttnn.Op_1.out[32x32]:float16,,,,FALSE,FALSE,,2048,1024,4096,2048,{'mac': 32768},0,2048,1024,32768,1,18,9,50,MEM,4128,0.004128,5160,1,0,0.00516,0.6,0,0,0,0,0,TRUE,HiFi2,5160
Wormhole,n150,1000,MATRIX,INT8,TTNN,Matmul2Tensors_1,sweep_32_to_4096_bf16,1,0,ttsim.ttnn.Op_1,TRUE,TRUE,MatMul,1,"{'compute_kernel_config': WormholeComputeKernelConfig(math_fidelity=<MathFidelity.HiFi4: 4>, math_approx_mode=False, dst_full_sync_en=False, fp32_dest_acc_en=False, packer_l1_acc=True), 'memory_config': <MemoryConfig.L1: 2>}","['ttsim.ttnn.Tensor_1', 'ttsim.ttnn.Tensor_2']",['ttsim.ttnn.Op_1.out'],ttsim.ttnn.Tensor_1[32x32]:float16;ttsim.ttnn.Tensor_2[32x32]:float16,ttsim.ttnn.Op_1.out[32x32]:float16,,,,FALSE,FALSE,,2048,1024,4096,2048,{'mac': 32768},0,2048,1024,32768,1,18,9,50,MEM,4128,0.004128,5160,1,0,0.00516,0.6,0,0,0,0,0,TRUE,HiFi4,5160
Wormhole,n150,1000,MATRIX,INT8,TTNN,Matmul2Tensors_1,sweep_32_to_4096_bf16,1,1,ttsim.ttnn.Op_2,TRUE,TRUE,MatMul,1,"{'compute_kernel_config': WormholeComputeKernelConfig(math_fidelity=<MathFidelity.LoFi: 1>, math_approx_mode=False, dst_full_sync_en=False, fp32_dest_acc_en=False, packer_l1_acc=True), 'memory_config': <MemoryConfig.L1: 2>}","['ttsim.ttnn.Tensor_3', 'ttsim.ttnn.Tensor_4']",['ttsim.ttnn.Op_2.out'],ttsim.ttnn.Tensor_3[64x64]:float16;ttsim.ttnn.Tensor_4[64x64]:float16,ttsim.ttnn.Op_2.out[64x64]:float16,,,,FALSE,FALSE,,8192,4096,16384,8192,{'mac': 262144},0,8192,4096,262144,3,72,36,50,MEM,3720,0.00372,4650,3,0,0.00465,0.6,0,0,0,0,0,TRUE,LoFi,4650
Wormhole,n150,1000,MATRIX,INT8,TTNN,Matmul2Tensors_1,sweep_32_to_4096_bf16,1,1,ttsim.ttnn.Op_2,TRUE,TRUE,MatMul,1,"{'compute_kernel_config': WormholeComputeKernelConfig(math_fidelity=<MathFidelity.HiFi2: 2>, math_approx_mode=False, dst_full_sync_en=False, fp32_dest_acc_en=False, packer_l1_acc=True), 'memory_config': <MemoryConfig.L1: 2>}","['ttsim.ttnn.Tensor_3', 'ttsim.ttnn.Tensor_4']",['ttsim.ttnn.Op_2.out'],ttsim.ttnn.Tensor_3[64x64]:float16;ttsim.ttnn.Tensor_4[64x64]:float16,ttsim.ttnn.Op_2.out[64x64]:float16,,,,FALSE,FALSE,,8192,4096,16384,8192,{'mac': 262144},0,8192,4096,262144,3,72,36,50,MEM,3720,0.00372,4650,3,0,0.00465,0.6,0,0,0,0,0,TRUE,HiFi2,4650
Wormhole,n150,1000,MATRIX,INT8,TTNN,Matmul2Tensors_1,sweep_32_to_4096_bf16,1,1,ttsim.ttnn.Op_2,TRUE,TRUE,MatMul,1,"{'compute_kernel_config': WormholeComputeKernelConfig(math_fidelity=<MathFidelity.HiFi4: 4>, math_approx_mode=False, dst_full_sync_en=False, fp32_dest_acc_en=False, packer_l1_acc=True), 'memory_config': <MemoryConfig.L1: 2>}","['ttsim.ttnn.Tensor_3', 'ttsim.ttnn.Tensor_4']",['ttsim.ttnn.Op_2.out'],ttsim.ttnn.Tensor_3[64x64]:float16;ttsim.ttnn.Tensor_4[64x64]:float16,ttsim.ttnn.Op_2.out[64x64]:float16,,,,FALSE,FALSE,,8192,4096,16384,8192,{'mac': 262144},0,8192,4096,262144,3,72,36,50,MEM,3720,0.00372,4650,3,0,0.00465,0.6,0,0,0,0,0,TRUE,HiFi4,4650
Wormhole,n150,1000,MATRIX,INT8,TTNN,Matmul2Tensors_1,sweep_32_to_4096_bf16,1,2,ttsim.ttnn.Op_3,TRUE,TRUE,MatMul,1,"{'compute_kernel_config': WormholeComputeKernelConfig(math_fidelity=<MathFidelity.LoFi: 1>, math_approx_mode=False, dst_full_sync_en=False, fp32_dest_acc_en=False, packer_l1_acc=True), 'memory_config': <MemoryConfig.L1: 2>}","['ttsim.ttnn.Tensor_5', 'ttsim.ttnn.Tensor_6']",['ttsim.ttnn.Op_3.out'],ttsim.ttnn.Tensor_5[96x96]:float16;ttsim.ttnn.Tensor_6[96x96]:float16,ttsim.ttnn.Op_3.out[96x96]:float16,,,,FALSE,FALSE,,18432,9216,36864,18432,{'mac': 884736},0,18432,9216,884736,11,160,80,50,MEM,3720,0.00372,4650,11,0,0.00465,0.6,0,0,0,0,0,TRUE,LoFi,4650
Wormhole,n150,1000,MATRIX,INT8,TTNN,Matmul2Tensors_1,sweep_32_to_4096_bf16,1,2,ttsim.ttnn.Op_3,TRUE,TRUE,MatMul,1,"{'compute_kernel_config': WormholeComputeKernelConfig(math_fidelity=<MathFidelity.HiFi2: 2>, math_approx_mode=False, dst_full_sync_en=False, fp32_dest_acc_en=False, packer_l1_acc=True), 'memory_config': <MemoryConfig.L1: 2>}","['ttsim.ttnn.Tensor_5', 'ttsim.ttnn.Tensor_6']",['ttsim.ttnn.Op_3.out'],ttsim.ttnn.Tensor_5[96x96]:float16;ttsim.ttnn.Tensor_6[96x96]:float16,ttsim.ttnn.Op_3.out[96x96]:float16,,,,FALSE,FALSE,,18432,9216,36864,18432,{'mac': 884736},0,18432,9216,884736,11,160,80,50,MEM,3720,0.00372,4650,11,0,0.00465,0.6,0,0,0,0,0,TRUE,HiFi2,4650
Wormhole,n150,1000,MATRIX,INT8,TTNN,Matmul2Tensors_1,sweep_32_to_4096_bf16,1,2,ttsim.ttnn.Op_3,TRUE,TRUE,MatMul,1,"{'compute_kernel_config': WormholeComputeKernelConfig(math_fidelity=<MathFidelity.HiFi4: 4>, math_approx_mode=False, dst_full_sync_en=False, fp32_dest_acc_en=False, packer_l1_acc=True), 'memory_config': <MemoryConfig.L1: 2>}","['ttsim.ttnn.Tensor_5', 'ttsim.ttnn.Tensor_6']",['ttsim.ttnn.Op_3.out'],ttsim.ttnn.Tensor_5[96x96]:float16;ttsim.ttnn.Tensor_6[96x96]:float16,ttsim.ttnn.Op_3.out[96x96]:float16,,,,FALSE,FALSE,,18432,9216,36864,18432,{'mac': 884736},0,18432,9216,884736,11,160,80,50,MEM,3720,0.00372,4650,11,0,0.00465,0.6,0,0,0,0,0,TRUE,HiFi4,4650
Wormhole,n150,1000,MATRIX,INT8,TTNN,Matmul2Tensors_1,sweep_32_to_4096_bf16,1,3,ttsim.ttnn.Op_4,TRUE,TRUE,MatMul,1,"{'compute_kernel_config': WormholeComputeKernelConfig(math_fidelity=<MathFidelity.LoFi: 1>, math_approx_mode=False, dst_full_sync_en=False, fp32_dest_acc_en=False, packer_l1_acc=True), 'memory_config': <MemoryConfig.L1: 2>}","['ttsim.ttnn.Tensor_7', 'ttsim.ttnn.Tensor_8']",['ttsim.ttnn.Op_4.out'],ttsim.ttnn.Tensor_7[128x128]:float16;ttsim.ttnn.Tensor_8[128x128]:float16,ttsim.ttnn.Op_4.out[128x128]:float16,,,,FALSE,FALSE,,32768,16384,65536,32768,{'mac': 2097152},0,32768,16384,2097152,24,285,143,50,MEM,3720,0.00372,4650,24,0,0.00465,0.6,0,0,0,0,0,TRUE,LoFi,4650
Wormhole,n150,1000,MATRIX,INT8,TTNN,Matmul2Tensors_1,sweep_32_to_4096_bf16,1,3,ttsim.ttnn.Op_4,TRUE,TRUE,MatMul,1,"{'compute_kernel_config': WormholeComputeKernelConfig(math_fidelity=<MathFidelity.HiFi2: 2>, math_approx_mode=False, dst_full_sync_en=False, fp32_dest_acc_en=False, packer_l1_acc=True), 'memory_config': <MemoryConfig.L1: 2>}","['ttsim.ttnn.Tensor_7', 'ttsim.ttnn.Tensor_8']",['ttsim.ttnn.Op_4.out'],ttsim.ttnn.Tensor_7[128x128]:float16;ttsim.ttnn.Tensor_8[128x128]:float16,ttsim.ttnn.Op_4.out[128x128]:float16,,,,FALSE,FALSE,,32768,16384,65536,32768,{'mac': 2097152},0,32768,16384,2097152,24,285,143,50,MEM,3720,0.00372,4650,24,0,0.00465,0.6,0,0,0,0,0,TRUE,HiFi2,4650
Wormhole,n150,1000,MATRIX,INT8,TTNN,Matmul2Tensors_1,sweep_32_to_4096_bf16,1,3,ttsim.ttnn.Op_4,TRUE,TRUE,MatMul,1,"{'compute_kernel_config': WormholeComputeKernelConfig(math_fidelity=<MathFidelity.HiFi4: 4>, math_approx_mode=False, dst_full_sync_en=False, fp32_dest_acc_en=False, packer_l1_acc=True), 'memory_config': <MemoryConfig.L1: 2>}","['ttsim.ttnn.Tensor_7', 'ttsim.ttnn.Tensor_8']",['ttsim.ttnn.Op_4.out'],ttsim.ttnn.Tensor_7[128x128]:float16;ttsim.ttnn.Tensor_8[128x128]:float16,ttsim.ttnn.Op_4.out[128x128]:float16,,,,FALSE,FALSE,,32768,16384,65536,32768,{'mac': 2097152},0,32768,16384,2097152,24,285,143,50,MEM,3720,0.00372,4650,24,0,0.00465,0.6,0,0,0,0,0,TRUE,HiFi4,4650
Wormhole,n150,1000,MATRIX,INT8,TTNN,Matmul2Tensors_1,sweep_32_to_4096_bf16,1,4,ttsim.ttnn.Op_5,TRUE,TRUE,MatMul,1,"{'compute_kernel_config': WormholeComputeKernelConfig(math_fidelity=<MathFidelity.LoFi: 1>, math_approx_mode=False, dst_full_sync_en=False, fp32_dest_acc_en=False, packer_l1_acc=True), 'memory_config': <MemoryConfig.L1: 2>}","['ttsim.ttnn.Tensor_9', 'ttsim.ttnn.Tensor_10']",['ttsim.ttnn.Op_5.out'],ttsim.ttnn.Tensor_9[160x160]:float16;ttsim.ttnn.Tensor_10[160x160]:float16,ttsim.ttnn.Op_5.out[160x160]:float16,,,,FALSE,FALSE,,51200,25600,102400,51200,{'mac': 4096000},0,51200,25600,4096000,47,445,223,50,MEM,3720,0.00372,4650,47,0,0.00465,0.6,0,0,0,0,0,TRUE,LoFi,4650
Wormhole,n150,1000,MATRIX,INT8,TTNN,Matmul2Tensors_1,sweep_32_to_4096_bf16,1,4,ttsim.ttnn.Op_5,TRUE,TRUE,MatMul,1,"{'compute_kernel_config': WormholeComputeKernelConfig(math_fidelity=<MathFidelity.HiFi2: 2>, math_approx_mode=False, dst_full_sync_en=False, fp32_dest_acc_en=False, packer_l1_acc=True), 'memory_config': <MemoryConfig.L1: 2>}","['ttsim.ttnn.Tensor_9', 'ttsim.ttnn.Tensor_10']",['ttsim.ttnn.Op_5.out'],ttsim.ttnn.Tensor_9[160x160]:float16;ttsim.ttnn.Tensor_10[160x160]:float16,ttsim.ttnn.Op_5.out[160x160]:float16,,,,FALSE,FALSE,,51200,25600,102400,51200,{'mac': 4096000},0,51200,25600,4096000,47,445,223,50,MEM,3720,0.00372,4650,47,0,0.00465,0.6,0,0,0,0,0,TRUE,HiFi2,4650
Wormhole,n150,1000,MATRIX,INT8,TTNN,Matmul2Tensors_1,sweep_32_to_4096_bf16,1,4,ttsim.ttnn.Op_5,TRUE,TRUE,MatMul,1,"{'compute_kernel_config': WormholeComputeKernelConfig(math_fidelity=<MathFidelity.HiFi4: 4>, math_approx_mode=False, dst_full_sync_en=False, fp32_dest_acc_en=False, packer_l1_acc=True), 'memory_config': <MemoryConfig.L1: 2>}","['ttsim.ttnn.Tensor_9', 'ttsim.ttnn.Tensor_10']",['ttsim.ttnn.Op_5.out'],ttsim.ttnn.Tensor_9[160x160]:float16;ttsim.ttnn.Tensor_10[160x160]:float16,ttsim.ttnn.Op_5.out[160x160]:float16,,,,FALSE,FALSE,,51200,25600,102400,51200,{'mac': 4096000},0,51200,25600,4096000,47,445,223,50,MEM,3720,0.00372,4650,47,0,0.00465,0.6,0,0,0,0,0,TRUE,HiFi4,4650
Wormhole,n150,1000,MATRIX,INT8,TTNN,Matmul2Tensors_1,sweep_32_to_4096_bf16,1,5,ttsim.ttnn.Op_6,TRUE,TRUE,MatMul,1,"{'compute_kernel_config': WormholeComputeKernelConfig(math_fidelity=<MathFidelity.LoFi: 1>, math_approx_mode=False, dst_full_sync_en=False, fp32_dest_acc_en=False, packer_l1_acc=True), 'memory_config': <MemoryConfig.L1: 2>}","['ttsim.ttnn.Tensor_11', 'ttsim.ttnn.Tensor_12']",['ttsim.ttnn.Op_6.out'],ttsim.ttnn.Tensor_11[192x192]:float16;ttsim.ttnn.Tensor_12[192x192]:float16,ttsim.ttnn.Op_6.out[192x192]:float16,,,,FALSE,FALSE,,73728,36864,147456,73728,{'mac': 7077888},0,73728,36864,7077888,81,640,320,50,MEM,3720,0.00372,4650,81,0,0.00465,0.6,0,0,0,0,0,TRUE,LoFi,4650
Wormhole,n150,1000,MATRIX,INT8,TTNN,Matmul2Tensors_1,sweep_32_to_4096_bf16,1,5,ttsim.ttnn.Op_6,TRUE,TRUE,MatMul,1,"{'compute_kernel_config': WormholeComputeKernelConfig(math_fidelity=<MathFidelity.HiFi2: 2>, math_approx_mode=False, dst_full_sync_en=False, fp32_dest_acc_en=False, packer_l1_acc=True), 'memory_config': <MemoryConfig.L1: 2>}","['ttsim.ttnn.Tensor_11', 'ttsim.ttnn.Tensor_12']",['ttsim.ttnn.Op_6.out'],ttsim.ttnn.Tensor_11[192x192]:float16;ttsim.ttnn.Tensor_12[192x192]:float16,ttsim.ttnn.Op_6.out[192x192]:float16,,,,FALSE,FALSE,,73728,36864,147456,73728,{'mac': 7077888},0,73728,36864,7077888,81,640,320,50,MEM,3720,0.00372,4650,81,0,0.00465,0.6,0,0,0,0,0,TRUE,HiFi2,4650
Wormhole,n150,1000,MATRIX,INT8,TTNN,Matmul2Tensors_1,sweep_32_to_4096_bf16,1,5,ttsim.ttnn.Op_6,TRUE,TRUE,MatMul,1,"{'compute_kernel_config': WormholeComputeKernelConfig(math_fidelity=<MathFidelity.HiFi4: 4>, math_approx_mode=False, dst_full_sync_en=False, fp32_dest_acc_en=False, packer_l1_acc=True), 'memory_config': <MemoryConfig.L1: 2>}","['ttsim.ttnn.Tensor_11', 'ttsim.ttnn.Tensor_12']",['ttsim.ttnn.Op_6.out'],ttsim.ttnn.Tensor_11[192x192]:float16;ttsim.ttnn.Tensor_12[192x192]:float16,ttsim.ttnn.Op_6.out[192x192]:float16,,,,FALSE,FALSE,,73728,36864,147456,73728,{'mac': 7077888},0,73728,36864,7077888,81,640,320,50,MEM,3720,0.00372,4650,81,0,0.00465,0.6,0,0,0,0,0,TRUE,HiFi4,4650
Wormhole,n150,1000,MATRIX,INT8,TTNN,Matmul2Tensors_1,sweep_32_to_4096_bf16,1,6,ttsim.ttnn.Op_7,TRUE,TRUE,MatMul,1,"{'compute_kernel_config': WormholeComputeKernelConfig(math_fidelity=<MathFidelity.LoFi: 1>, math_approx_mode=False, dst_full_sync_en=False, fp32_dest_acc_en=False, packer_l1_acc=True), 'memory_config': <MemoryConfig.L1: 2>}","['ttsim.ttnn.Tensor_13', 'ttsim.ttnn.Tensor_14']",['ttsim.ttnn.Op_7.out'],ttsim.ttnn.Tensor_13[224x224]:float16;ttsim.ttnn.Tensor_14[224x224]:float16,ttsim.ttnn.Op_7.out[224x224]:float16,,,,FALSE,FALSE,,100352,50176,200704,100352,{'mac': 11239424},0,100352,50176,11239424,128,872,436,50,MEM,3720,0.00372,4650,128,0,0.00465,0.6,0,0,0,0,0,TRUE,LoFi,4650
Wormhole,n150,1000,MATRIX,INT8,TTNN,Matmul2Tensors_1,sweep_32_to_4096_bf16,1,6,ttsim.ttnn.Op_7,TRUE,TRUE,MatMul,1,"{'compute_kernel_config': WormholeComputeKernelConfig(math_fidelity=<MathFidelity.HiFi2: 2>, math_approx_mode=False, dst_full_sync_en=False, fp32_dest_acc_en=False, packer_l1_acc=True), 'memory_config': <MemoryConfig.L1: 2>}","['ttsim.ttnn.Tensor_13', 'ttsim.ttnn.Tensor_14']",['ttsim.ttnn.Op_7.out'],ttsim.ttnn.Tensor_13[224x224]:float16;ttsim.ttnn.Tensor_14[224x224]:float16,ttsim.ttnn.Op_7.out[224x224]:float16,,,,FALSE,FALSE,,100352,50176,200704,100352,{'mac': 11239424},0,100352,50176,11239424,128,872,436,50,MEM,3720,0.00372,4650,128,0,0.00465,0.6,0,0,0,0,0,TRUE,HiFi2,4650
Wormhole,n150,1000,MATRIX,INT8,TTNN,Matmul2Tensors_1,sweep_32_to_4096_bf16,1,6,ttsim.ttnn.Op_7,TRUE,TRUE,MatMul,1,"{'compute_kernel_config': WormholeComputeKernelConfig(math_fidelity=<MathFidelity.HiFi4: 4>, math_approx_mode=False, dst_full_sync_en=False, fp32_dest_acc_en=False, packer_l1_acc=True), 'memory_config': <MemoryConfig.L1: 2>}","['ttsim.ttnn.Tensor_13', 'ttsim.ttnn.Tensor_14']",['ttsim.ttnn.Op_7.out'],ttsim.ttnn.Tensor_13[224x224]:float16;ttsim.ttnn.Tensor_14[224x224]:float16,ttsim.ttnn.Op_7.out[224x224]:float16,,,,FALSE,FALSE,,100352,50176,200704,100352,{'mac': 11239424},0,100352,50176,11239424,128,872,436,50,MEM,3720,0.00372,4650,128,0,0.00465,0.6,0,0,0,0,0,TRUE,HiFi4,4650
Wormhole,n150,1000,MATRIX,INT8,TTNN,Matmul2Tensors_1,sweep_32_to_4096_bf16,1,7,ttsim.ttnn.Op_8,TRUE,TRUE,MatMul,1,"{'compute_kernel_config': WormholeComputeKernelConfig(math_fidelity=<MathFidelity.LoFi: 1>, math_approx_mode=False, dst_full_sync_en=False, fp32_dest_acc_en=False, packer_l1_acc=True), 'memory_config': <MemoryConfig.L1: 2>}","['ttsim.ttnn.Tensor_15', 'ttsim.ttnn.Tensor_16']",['ttsim.ttnn.Op_8.out'],ttsim.ttnn.Tensor_15[256x256]:float16;ttsim.ttnn.Tensor_16[256x256]:float16,ttsim.ttnn.Op_8.out[256x256]:float16,,,,FALSE,FALSE,,131072,65536,262144,131072,{'mac': 16777216},0,131072,65536,16777216,190,1138,569,50,MEM,3720,0.00372,4650,190,0,0.00465,0.6,0,0,0,0,0,TRUE,LoFi,4650
Wormhole,n150,1000,MATRIX,INT8,TTNN,Matmul2Tensors_1,sweep_32_to_4096_bf16,1,7,ttsim.ttnn.Op_8,TRUE,TRUE,MatMul,1,"{'compute_kernel_config': WormholeComputeKernelConfig(math_fidelity=<MathFidelity.HiFi2: 2>, math_approx_mode=False, dst_full_sync_en=False, fp32_dest_acc_en=False, packer_l1_acc=True), 'memory_config': <MemoryConfig.L1: 2>}","['ttsim.ttnn.Tensor_15', 'ttsim.ttnn.Tensor_16']",['ttsim.ttnn.Op_8.out'],ttsim.ttnn.Tensor_15[256x256]:float16;ttsim.ttnn.Tensor_16[256x256]:float16,ttsim.ttnn.Op_8.out[256x256]:float16,,,,FALSE,FALSE,,131072,65536,262144,131072,{'mac': 16777216},0,131072,65536,16777216,190,1138,569,50,MEM,3720,0.00372,4650,190,0,0.00465,0.6,0,0,0,0,0,TRUE,HiFi2,4650
Wormhole,n150,1000,MATRIX,INT8,TTNN,Matmul2Tensors_1,sweep_32_to_4096_bf16,1,7,ttsim.ttnn.Op_8,TRUE,TRUE,MatMul,1,"{'compute_kernel_config': WormholeComputeKernelConfig(math_fidelity=<MathFidelity.HiFi4: 4>, math_approx_mode=False, dst_full_sync_en=False, fp32_dest_acc_en=False, packer_l1_acc=True), 'memory_config': <MemoryConfig.L1: 2>}","['ttsim.ttnn.Tensor_15', 'ttsim.ttnn.Tensor_16']",['ttsim.ttnn.Op_8.out'],ttsim.ttnn.Tensor_15[256x256]:float16;ttsim.ttnn.Tensor_16[256x256]:float16,ttsim.ttnn.Op_8.out[256x256]:float16,,,,FALSE,FALSE,,131072,65536,262144,131072,{'mac': 16777216},0,131072,65536,16777216,190,1138,569,50,MEM,3720,0.00372,4650,190,0,0.00465,0.6,0,0,0,0,0,TRUE,HiFi4,4650
Wormhole,n150,1000,MATRIX,INT8,TTNN,Matmul2Tensors_1,sweep_32_to_4096_bf16,1,8,ttsim.ttnn.Op_9,TRUE,TRUE,MatMul,1,"{'compute_kernel_config': WormholeComputeKernelConfig(math_fidelity=<MathFidelity.LoFi: 1>, math_approx_mode=False, dst_full_sync_en=False, fp32_dest_acc_en=False, packer_l1_acc=True), 'memory_config': <MemoryConfig.L1: 2>}","['ttsim.ttnn.Tensor_17', 'ttsim.ttnn.Tensor_18']",['ttsim.ttnn.Op_9.out'],ttsim.ttnn.Tensor_17[288x288]:float16;ttsim.ttnn.Tensor_18[288x288]:float16,ttsim.ttnn.Op_9.out[288x288]:float16,,,,FALSE,FALSE,,165888,82944,331776,165888,{'mac': 23887872},0,165888,82944,23887872,270,1440,720,50,MEM,16016,0.016016,20019,270,0,0.020019,0.6,0,0,0,0,0,TRUE,LoFi,20019
Wormhole,n150,1000,MATRIX,INT8,TTNN,Matmul2Tensors_1,sweep_32_to_4096_bf16,1,8,ttsim.ttnn.Op_9,TRUE,TRUE,MatMul,1,"{'compute_kernel_config': WormholeComputeKernelConfig(math_fidelity=<MathFidelity.HiFi2: 2>, math_approx_mode=False, dst_full_sync_en=False, fp32_dest_acc_en=False, packer_l1_acc=True), 'memory_config': <MemoryConfig.L1: 2>}","['ttsim.ttnn.Tensor_17', 'ttsim.ttnn.Tensor_18']",['ttsim.ttnn.Op_9.out'],ttsim.ttnn.Tensor_17[288x288]:float16;ttsim.ttnn.Tensor_18[288x288]:float16,ttsim.ttnn.Op_9.out[288x288]:float16,,,,FALSE,FALSE,,165888,82944,331776,165888,{'mac': 23887872},0,165888,82944,23887872,270,1440,720,50,MEM,16016,0.016016,20019,270,0,0.020019,0.6,0,0,0,0,0,TRUE,HiFi2,20019
Wormhole,n150,1000,MATRIX,INT8,TTNN,Matmul2Tensors_1,sweep_32_to_4096_bf16,1,8,ttsim.ttnn.Op_9,TRUE,TRUE,MatMul,1,"{'compute_kernel_config': WormholeComputeKernelConfig(math_fidelity=<MathFidelity.HiFi4: 4>, math_approx_mode=False, dst_full_sync_en=False, fp32_dest_acc_en=False, packer_l1_acc=True), 'memory_config': <MemoryConfig.L1: 2>}","['ttsim.ttnn.Tensor_17', 'ttsim.ttnn.Tensor_18']",['ttsim.ttnn.Op_9.out'],ttsim.ttnn.Tensor_17[288x288]:float16;ttsim.ttnn.Tensor_18[288x288]:float16,ttsim.ttnn.Op_9.out[288x288]:float16,,,,FALSE,FALSE,,165888,82944,331776,165888,{'mac': 23887872},0,165888,82944,23887872,270,1440,720,50,MEM,16016,0.016016,20019,270,0,0.020019,0.6,0,0,0,0,0,TRUE,HiFi4,20019
Wormhole,n150,1000,MATRIX,INT8,TTNN,Matmul2Tensors_1,sweep_32_to_4096_bf16,1,9,ttsim.ttnn.Op_10,TRUE,TRUE,MatMul,1,"{'compute_kernel_config': WormholeComputeKernelConfig(math_fidelity=<MathFidelity.LoFi: 1>, math_approx_mode=False, dst_full_sync_en=False, fp32_dest_acc_en=False, packer_l1_acc=True), 'memory_config': <MemoryConfig.L1: 2>}","['ttsim.ttnn.Tensor_19', 'ttsim.ttnn.Tensor_20']",['ttsim.ttnn.Op_10.out'],ttsim.ttnn.Tensor_19[320x320]:float16;ttsim.ttnn.Tensor_20[320x320]:float16,ttsim.ttnn.Op_10.out[320x320]:float16,,,,FALSE,FALSE,,204800,102400,409600,204800,{'mac': 32768000},0,204800,102400,32768000,371,1778,889,50,MEM,14881,0.014881,18601,371,0,0.018601,0.6,0,0,0,0,0,TRUE,LoFi,18601
Wormhole,n150,1000,MATRIX,INT8,TTNN,Matmul2Tensors_1,sweep_32_to_4096_bf16,1,9,ttsim.ttnn.Op_10,TRUE,TRUE,MatMul,1,"{'compute_kernel_config': WormholeComputeKernelConfig(math_fidelity=<MathFidelity.HiFi2: 2>, math_approx_mode=False, dst_full_sync_en=False, fp32_dest_acc_en=False, packer_l1_acc=True), 'memory_config': <MemoryConfig.L1: 2>}","['ttsim.ttnn.Tensor_19', 'ttsim.ttnn.Tensor_20']",['ttsim.ttnn.Op_10.out'],ttsim.ttnn.Tensor_19[320x320]:float16;ttsim.ttnn.Tensor_20[320x320]:float16,ttsim.ttnn.Op_10.out[320x320]:float16,,,,FALSE,FALSE,,204800,102400,409600,204800,{'mac': 32768000},0,204800,102400,32768000,371,1778,889,50,MEM,14881,0.014881,18601,371,0,0.018601,0.6,0,0,0,0,0,TRUE,HiFi2,18601
Wormhole,n150,1000,MATRIX,INT8,TTNN,Matmul2Tensors_1,sweep_32_to_4096_bf16,1,9,ttsim.ttnn.Op_10,TRUE,TRUE,MatMul,1,"{'compute_kernel_config': WormholeComputeKernelConfig(math_fidelity=<MathFidelity.HiFi4: 4>, math_approx_mode=False, dst_full_sync_en=False, fp32_dest_acc_en=False, packer_l1_acc=True), 'memory_config': <MemoryConfig.L1: 2>}","['ttsim.ttnn.Tensor_19', 'ttsim.ttnn.Tensor_20']",['ttsim.ttnn.Op_10.out'],ttsim.ttnn.Tensor_19[320x320]:float16;ttsim.ttnn.Tensor_20[320x320]:float16,ttsim.ttnn.Op_10.out[320x320]:float16,,,,FALSE,FALSE,,204800,102400,409600,204800,{'mac': 32768000},0,204800,102400,32768000,371,1778,889,50,MEM,14881,0.014881,18601,371,0,0.018601,0.6,0,0,0,0,0,TRUE,HiFi4,18601
Wormhole,n150,1000,MATRIX,INT8,TTNN,Matmul2Tensors_1,sweep_32_to_4096_bf16,1,10,ttsim.ttnn.Op_11,TRUE,TRUE,MatMul,1,"{'compute_kernel_config': WormholeComputeKernelConfig(math_fidelity=<MathFidelity.LoFi: 1>, math_approx_mode=False, dst_full_sync_en=False, fp32_dest_acc_en=False, packer_l1_acc=True), 'memory_config': <MemoryConfig.L1: 2>}","['ttsim.ttnn.Tensor_21', 'ttsim.ttnn.Tensor_22']",['ttsim.ttnn.Op_11.out'],ttsim.ttnn.Tensor_21[352x352]:float16;ttsim.ttnn.Tensor_22[352x352]:float16,ttsim.ttnn.Op_11.out[352x352]:float16,,,,FALSE,FALSE,,247808,123904,495616,247808,{'mac': 43614208},0,247808,123904,43614208,493,2152,1076,50,MEM,15789,0.015789,19736,493,0,0.019736,0.6,0,0,0,0,0,TRUE,LoFi,19736
Wormhole,n150,1000,MATRIX,INT8,TTNN,Matmul2Tensors_1,sweep_32_to_4096_bf16,1,10,ttsim.ttnn.Op_11,TRUE,TRUE,MatMul,1,"{'compute_kernel_config': WormholeComputeKernelConfig(math_fidelity=<MathFidelity.HiFi2: 2>, math_approx_mode=False, dst_full_sync_en=False, fp32_dest_acc_en=False, packer_l1_acc=True), 'memory_config': <MemoryConfig.L1: 2>}","['ttsim.ttnn.Tensor_21', 'ttsim.ttnn.Tensor_22']",['ttsim.ttnn.Op_11.out'],ttsim.ttnn.Tensor_21[352x352]:float16;ttsim.ttnn.Tensor_22[352x352]:float16,ttsim.ttnn.Op_11.out[352x352]:float16,,,,FALSE,FALSE,,247808,123904,495616,247808,{'mac': 43614208},0,247808,123904,43614208,493,2152,1076,50,MEM,15789,0.015789,19736,493,0,0.019736,0.6,0,0,0,0,0,TRUE,HiFi2,19736
Wormhole,n150,1000,MATRIX,INT8,TTNN,Matmul2Tensors_1,sweep_32_to_4096_bf16,1,10,ttsim.ttnn.Op_11,TRUE,TRUE,MatMul,1,"{'compute_kernel_config': WormholeComputeKernelConfig(math_fidelity=<MathFidelity.HiFi4: 4>, math_approx_mode=False, dst_full_sync_en=False, fp32_dest_acc_en=False, packer_l1_acc=True), 'memory_config': <MemoryConfig.L1: 2>}","['ttsim.ttnn.Tensor_21', 'ttsim.ttnn.Tensor_22']",['ttsim.ttnn.Op_11.out'],ttsim.ttnn.Tensor_21[352x352]:float16;ttsim.ttnn.Tensor_22[352x352]:float16,ttsim.ttnn.Op_11.out[352x352]:float16,,,,FALSE,FALSE,,247808,123904,495616,247808,{'mac': 43614208},0,247808,123904,43614208,493,2152,1076,50,MEM,15789,0.015789,19736,493,0,0.019736,0.6,0,0,0,0,0,TRUE,HiFi4,19736
Wormhole,n150,1000,MATRIX,INT8,TTNN,Matmul2Tensors_1,sweep_32_to_4096_bf16,1,11,ttsim.ttnn.Op_12,TRUE,TRUE,MatMul,1,"{'compute_kernel_config': WormholeComputeKernelConfig(math_fidelity=<MathFidelity.LoFi: 1>, math_approx_mode=False, dst_full_sync_en=False, fp32_dest_acc_en=False, packer_l1_acc=True), 'memory_config': <MemoryConfig.L1: 2>}","['ttsim.ttnn.Tensor_23', 'ttsim.ttnn.Tensor_24']",['ttsim.ttnn.Op_12.out'],ttsim.ttnn.Tensor_23[384x384]:float16;ttsim.ttnn.Tensor_24[384x384]:float16,ttsim.ttnn.Op_12.out[384x384]:float16,,,,FALSE,FALSE,,294912,147456,589824,294912,{'mac': 56623104},0,294912,147456,56623104,641,2560,1280,50,MEM,14881,0.014881,18601,641,0,0.018601,0.6,0,0,0,0,0,TRUE,LoFi,18601
Wormhole,n150,1000,MATRIX,INT8,TTNN,Matmul2Tensors_1,sweep_32_to_4096_bf16,1,11,ttsim.ttnn.Op_12,TRUE,TRUE,MatMul,1,"{'compute_kernel_config': WormholeComputeKernelConfig(math_fidelity=<MathFidelity.HiFi2: 2>, math_approx_mode=False, dst_full_sync_en=False, fp32_dest_acc_en=False, packer_l1_acc=True), 'memory_config': <MemoryConfig.L1: 2>}","['ttsim.ttnn.Tensor_23', 'ttsim.ttnn.Tensor_24']",['ttsim.ttnn.Op_12.out'],ttsim.ttnn.Tensor_23[384x384]:float16;ttsim.ttnn.Tensor_24[384x384]:float16,ttsim.ttnn.Op_12.out[384x384]:float16,,,,FALSE,FALSE,,294912,147456,589824,294912,{'mac': 56623104},0,294912,147456,56623104,641,2560,1280,50,MEM,14881,0.014881,18601,641,0,0.018601,0.6,0,0,0,0,0,TRUE,HiFi2,18601
Wormhole,n150,1000,MATRIX,INT8,TTNN,Matmul2Tensors_1,sweep_32_to_4096_bf16,1,11,ttsim.ttnn.Op_12,TRUE,TRUE,MatMul,1,"{'compute_kernel_config': WormholeComputeKernelConfig(math_fidelity=<MathFidelity.HiFi4: 4>, math_approx_mode=False, dst_full_sync_en=False, fp32_dest_acc_en=False, packer_l1_acc=True), 'memory_config': <MemoryConfig.L1: 2>}","['ttsim.ttnn.Tensor_23', 'ttsim.ttnn.Tensor_24']",['ttsim.ttnn.Op_12.out'],ttsim.ttnn.Tensor_23[384x384]:float16;ttsim.ttnn.Tensor_24[384x384]:float16,ttsim.ttnn.Op_12.out[384x384]:float16,,,,FALSE,FALSE,,294912,147456,589824,294912,{'mac': 56623104},0,294912,147456,56623104,641,2560,1280,50,MEM,14881,0.014881,18601,641,0,0.018601,0.6,0,0,0,0,0,TRUE,HiFi4,18601
Wormhole,n150,1000,MATRIX,INT8,TTNN,Matmul2Tensors_1,sweep_32_to_4096_bf16,1,12,ttsim.ttnn.Op_13,TRUE,TRUE,MatMul,1,"{'compute_kernel_config': WormholeComputeKernelConfig(math_fidelity=<MathFidelity.LoFi: 1>, math_approx_mode=False, dst_full_sync_en=False, fp32_dest_acc_en=False, packer_l1_acc=True), 'memory_config': <MemoryConfig.L1: 2>}","['ttsim.ttnn.Tensor_25', 'ttsim.ttnn.Tensor_26']",['ttsim.ttnn.Op_13.out'],ttsim.ttnn.Tensor_25[416x416]:float16;ttsim.ttnn.Tensor_26[416x416]:float16,ttsim.ttnn.Op_13.out[416x416]:float16,,,,FALSE,FALSE,,346112,173056,692224,346112,{'mac': 71991296},0,346112,173056,71991296,814,3005,1503,50,MEM,15638,0.015638,19547,814,0,0.019547,0.6,0,0,0,0,0,TRUE,LoFi,19547
Wormhole,n150,1000,MATRIX,INT8,TTNN,Matmul2Tensors_1,sweep_32_to_4096_bf16,1,12,ttsim.ttnn.Op_13,TRUE,TRUE,MatMul,1,"{'compute_kernel_config': WormholeComputeKernelConfig(math_fidelity=<MathFidelity.HiFi2: 2>, math_approx_mode=False, dst_full_sync_en=False, fp32_dest_acc_en=False, packer_l1_acc=True), 'memory_config': <MemoryConfig.L1: 2>}","['ttsim.ttnn.Tensor_25', 'ttsim.ttnn.Tensor_26']",['ttsim.ttnn.Op_13.out'],ttsim.ttnn.Tensor_25[416x416]:float16;ttsim.ttnn.Tensor_26[416x416]:float16,ttsim.ttnn.Op_13.out[416x416]:float16,,,,FALSE,FALSE,,346112,173056,692224,346112,{'mac': 71991296},0,346112,173056,71991296,814,3005,1503,50,MEM,15638,0.015638,19547,814,0,0.019547,0.6,0,0,0,0,0,TRUE,HiFi2,19547
Wormhole,n150,1000,MATRIX,INT8,TTNN,Matmul2Tensors_1,sweep_32_to_4096_bf16,1,12,ttsim.ttnn.Op_13,TRUE,TRUE,MatMul,1,"{'compute_kernel_config': WormholeComputeKernelConfig(math_fidelity=<MathFidelity.HiFi4: 4>, math_approx_mode=False, dst_full_sync_en=False, fp32_dest_acc_en=False, packer_l1_acc=True), 'memory_config': <MemoryConfig.L1: 2>}","['ttsim.ttnn.Tensor_25', 'ttsim.ttnn.Tensor_26']",['ttsim.ttnn.Op_13.out'],ttsim.ttnn.Tensor_25[416x416]:float16;ttsim.ttnn.Tensor_26[416x416]:float16,ttsim.ttnn.Op_13.out[416x416]:float16,,,,FALSE,FALSE,,346112,173056,692224,346112,{'mac': 71991296},0,346112,173056,71991296,814,3005,1503,50,MEM,15638,0.015638,19547,814,0,0.019547,0.6,0,0,0,0,0,TRUE,HiFi4,19547
Wormhole,n150,1000,MATRIX,INT8,TTNN,Matmul2Tensors_1,sweep_32_to_4096_bf16,1,13,ttsim.ttnn.Op_14,TRUE,TRUE,MatMul,1,"{'compute_kernel_config': WormholeComputeKernelConfig(math_fidelity=<MathFidelity.LoFi: 1>, math_approx_mode=False, dst_full_sync_en=False, fp32_dest_acc_en=False, packer_l1_acc=True), 'memory_config': <MemoryConfig.L1: 2>}","['ttsim.ttnn.Tensor_27', 'ttsim.ttnn.Tensor_28']",['ttsim.ttnn.Op_14.out'],ttsim.ttnn.Tensor_27[448x448]:float16;ttsim.ttnn.Tensor_28[448x448]:float16,ttsim.ttnn.Op_14.out[448x448]:float16,,,,FALSE,FALSE,,401408,200704,802816,401408,{'mac': 89915392},0,401408,200704,89915392,1017,3485,1743,50,MEM,14881,0.014881,18601,1017,0,0.018601,0.6,0,0,0,0,0,TRUE,LoFi,18601
Wormhole,n150,1000,MATRIX,INT8,TTNN,Matmul2Tensors_1,sweep_32_to_4096_bf16,1,13,ttsim.ttnn.Op_14,TRUE,TRUE,MatMul,1,"{'compute_kernel_config': WormholeComputeKernelConfig(math_fidelity=<MathFidelity.HiFi2: 2>, math_approx_mode=False, dst_full_sync_en=False, fp32_dest_acc_en=False, packer_l1_acc=True), 'memory_config': <MemoryConfig.L1: 2>}","['ttsim.ttnn.Tensor_27', 'ttsim.ttnn.Tensor_28']",['ttsim.ttnn.Op_14.out'],ttsim.ttnn.Tensor_27[448x448]:float16;ttsim.ttnn.Tensor_28[448x448]:float16,ttsim.ttnn.Op_14.out[448x448]:float16,,,,FALSE,FALSE,,401408,200704,802816,401408,{'mac': 89915392},0,401408,200704,89915392,1017,3485,1743,50,MEM,14881,0.014881,18601,1017,0,0.018601,0.6,0,0,0,0,0,TRUE,HiFi2,18601
Wormhole,n150,1000,MATRIX,INT8,TTNN,Matmul2Tensors_1,sweep_32_to_4096_bf16,1,13,ttsim.ttnn.Op_14,TRUE,TRUE,MatMul,1,"{'compute_kernel_config': WormholeComputeKernelConfig(math_fidelity=<MathFidelity.HiFi4: 4>, math_approx_mode=False, dst_full_sync_en=False, fp32_dest_acc_en=False, packer_l1_acc=True), 'memory_config': <MemoryConfig.L1: 2>}","['ttsim.ttnn.Tensor_27', 'ttsim.ttnn.Tensor_28']",['ttsim.ttnn.Op_14.out'],ttsim.ttnn.Tensor_27[448x448]:float16;ttsim.ttnn.Tensor_28[448x448]:float16,ttsim.ttnn.Op_14.out[448x448]:float16,,,,FALSE,FALSE,,401408,200704,802816,401408,{'mac': 89915392},0,401408,200704,89915392,1017,3485,1743,50,MEM,14881,0.014881,18601,1017,0,0.018601,0.6,0,0,0,0,0,TRUE,HiFi4,18601
Wormhole,n150,1000,MATRIX,INT8,TTNN,Matmul2Tensors_1,sweep_32_to_4096_bf16,1,14,ttsim.ttnn.Op_15,TRUE,TRUE,MatMul,1,"{'compute_kernel_config': WormholeComputeKernelConfig(math_fidelity=<MathFidelity.LoFi: 1>, math_approx_mode=False, dst_full_sync_en=False, fp32_dest_acc_en=False, packer_l1_acc=True), 'memory_config': <MemoryConfig.L1: 2>}","['ttsim.ttnn.Tensor_29', 'ttsim.ttnn.Tensor_30']",['ttsim.ttnn.Op_15.out'],ttsim.ttnn.Tensor_29[480x480]:float16;ttsim.ttnn.Tensor_30[480x480]:float16,ttsim.ttnn.Op_15.out[480x480]:float16,,,,FALSE,FALSE,,460800,230400,921600,460800,{'mac': 110592000},0,460800,230400,110592000,1251,4000,2000,50,MEM,15529,0.015529,19411,1251,0,0.019411,0.6,0,0,0,0,0,TRUE,LoFi,19411
Wormhole,n150,1000,MATRIX,INT8,TTNN,Matmul2Tensors_1,sweep_32_to_4096_bf16,1,14,ttsim.ttnn.Op_15,TRUE,TRUE,MatMul,1,"{'compute_kernel_config': WormholeComputeKernelConfig(math_fidelity=<MathFidelity.HiFi2: 2>, math_approx_mode=False, dst_full_sync_en=False, fp32_dest_acc_en=False, packer_l1_acc=True), 'memory_config': <MemoryConfig.L1: 2>}","['ttsim.ttnn.Tensor_29', 'ttsim.ttnn.Tensor_30']",['ttsim.ttnn.Op_15.out'],ttsim.ttnn.Tensor_29[480x480]:float16;ttsim.ttnn.Tensor_30[480x480]:float16,ttsim.ttnn.Op_15.out[480x480]:float16,,,,FALSE,FALSE,,460800,230400,921600,460800,{'mac': 110592000},0,460800,230400,110592000,1251,4000,2000,50,MEM,15529,0.015529,19411,1251,0,0.019411,0.6,0,0,0,0,0,TRUE,HiFi2,19411
Wormhole,n150,1000,MATRIX,INT8,TTNN,Matmul2Tensors_1,sweep_32_to_4096_bf16,1,14,ttsim.ttnn.Op_15,TRUE,TRUE,MatMul,1,"{'compute_kernel_config': WormholeComputeKernelConfig(math_fidelity=<MathFidelity.HiFi4: 4>, math_approx_mode=False, dst_full_sync_en=False, fp32_dest_acc_en=False, packer_l1_acc=True), 'memory_config': <MemoryConfig.L1: 2>}","['ttsim.ttnn.Tensor_29', 'ttsim.ttnn.Tensor_30']",['ttsim.ttnn.Op_15.out'],ttsim.ttnn.Tensor_29[480x480]:float16;ttsim.ttnn.Tensor_30[480x480]:float16,ttsim.ttnn.Op_15.out[480x480]:float16,,,,FALSE,FALSE,,460800,230400,921600,460800,{'mac': 110592000},0,460800,230400,110592000,1251,4000,2000,50,MEM,15529,0.015529,19411,1251,0,0.019411,0.6,0,0,0,0,0,TRUE,HiFi4,19411
Wormhole,n150,1000,MATRIX,INT8,TTNN,Matmul2Tensors_1,sweep_32_to_4096_bf16,1,15,ttsim.ttnn.Op_16,TRUE,TRUE,MatMul,1,"{'compute_kernel_config': WormholeComputeKernelConfig(math_fidelity=<MathFidelity.LoFi: 1>, math_approx_mode=False, dst_full_sync_en=False, fp32_dest_acc_en=False, packer_l1_acc=True), 'memory_config': <MemoryConfig.L1: 2>}","['ttsim.ttnn.Tensor_31', 'ttsim.ttnn.Tensor_32']",['ttsim.ttnn.Op_16.out'],ttsim.ttnn.Tensor_31[512x512]:float16;ttsim.ttnn.Tensor_32[512x512]:float16,ttsim.ttnn.Op_16.out[512x512]:float16,,,,FALSE,FALSE,,524288,262144,1048576,524288,{'mac': 134217728},0,524288,262144,134217728,1518,4552,2276,50,MEM,14881,0.014881,18601,1518,0,0.018601,0.6,0,0,0,0,0,TRUE,LoFi,18601
Wormhole,n150,1000,MATRIX,INT8,TTNN,Matmul2Tensors_1,sweep_32_to_4096_bf16,1,15,ttsim.ttnn.Op_16,TRUE,TRUE,MatMul,1,"{'compute_kernel_config': WormholeComputeKernelConfig(math_fidelity=<MathFidelity.HiFi2: 2>, math_approx_mode=False, dst_full_sync_en=False, fp32_dest_acc_en=False, packer_l1_acc=True), 'memory_config': <MemoryConfig.L1: 2>}","['ttsim.ttnn.Tensor_31', 'ttsim.ttnn.Tensor_32']",['ttsim.ttnn.Op_16.out'],ttsim.ttnn.Tensor_31[512x512]:float16;ttsim.ttnn.Tensor_32[512x512]:float16,ttsim.ttnn.Op_16.out[512x512]:float16,,,,FALSE,FALSE,,524288,262144,1048576,524288,{'mac': 134217728},0,524288,262144,134217728,1518,4552,2276,50,MEM,14881,0.014881,18601,1518,0,0.018601,0.6,0,0,0,0,0,TRUE,HiFi2,18601
Wormhole,n150,1000,MATRIX,INT8,TTNN,Matmul2Tensors_1,sweep_32_to_4096_bf16,1,15,ttsim.ttnn.Op_16,TRUE,TRUE,MatMul,1,"{'compute_kernel_config': WormholeComputeKernelConfig(math_fidelity=<MathFidelity.HiFi4: 4>, math_approx_mode=False, dst_full_sync_en=False, fp32_dest_acc_en=False, packer_l1_acc=True), 'memory_config': <MemoryConfig.L1: 2>}","['ttsim.ttnn.Tensor_31', 'ttsim.ttnn.Tensor_32']",['ttsim.ttnn.Op_16.out'],ttsim.ttnn.Tensor_31[512x512]:float16;ttsim.ttnn.Tensor_32[512x512]:float16,ttsim.ttnn.Op_16.out[512x512]:float16,,,,FALSE,FALSE,,524288,262144,1048576,524288,{'mac': 134217728},0,524288,262144,134217728,1518,4552,2276,50,MEM,14881,0.014881,18601,1518,0,0.018601,0.6,0,0,0,0,0,TRUE,HiFi4,18601
Wormhole,n150,1000,MATRIX,INT8,TTNN,Matmul2Tensors_1,sweep_32_to_4096_bf16,1,16,ttsim.ttnn.Op_17,TRUE,TRUE,MatMul,1,"{'compute_kernel_config': WormholeComputeKernelConfig(math_fidelity=<MathFidelity.LoFi: 1>, math_approx_mode=False, dst_full_sync_en=False, fp32_dest_acc_en=False, packer_l1_acc=True), 'memory_config': <MemoryConfig.L1: 2>}","['ttsim.ttnn.Tensor_33', 'ttsim.ttnn.Tensor_34']",['ttsim.ttnn.Op_17.out'],ttsim.ttnn.Tensor_33[544x544]:float16;ttsim.ttnn.Tensor_34[544x544]:float16,ttsim.ttnn.Op_17.out[544x544]:float16,,,,FALSE,FALSE,,591872,295936,1183744,591872,{'mac': 160989184},0,591872,295936,160989184,1820,5138,2569,50,MEM,36205,0.036205,45256,1820,0,0.045256,0.6,0,0,0,0,0,TRUE,LoFi,45256
Wormhole,n150,1000,MATRIX,INT8,TTNN,Matmul2Tensors_1,sweep_32_to_4096_bf16,1,16,ttsim.ttnn.Op_17,TRUE,TRUE,MatMul,1,"{'compute_kernel_config': WormholeComputeKernelConfig(math_fidelity=<MathFidelity.HiFi2: 2>, math_approx_mode=False, dst_full_sync_en=False, fp32_dest_acc_en=False, packer_l1_acc=True), 'memory_config': <MemoryConfig.L1: 2>}","['ttsim.ttnn.Tensor_33', 'ttsim.ttnn.Tensor_34']",['ttsim.ttnn.Op_17.out'],ttsim.ttnn.Tensor_33[544x544]:float16;ttsim.ttnn.Tensor_34[544x544]:float16,ttsim.ttnn.Op_17.out[544x544]:float16,,,,FALSE,FALSE,,591872,295936,1183744,591872,{'mac': 160989184},0,591872,295936,160989184,1820,5138,2569,50,MEM,36205,0.036205,45256,1820,0,0.045256,0.6,0,0,0,0,0,TRUE,HiFi2,45256
Wormhole,n150,1000,MATRIX,INT8,TTNN,Matmul2Tensors_1,sweep_32_to_4096_bf16,1,16,ttsim.ttnn.Op_17,TRUE,TRUE,MatMul,1,"{'compute_kernel_config': WormholeComputeKernelConfig(math_fidelity=<MathFidelity.HiFi4: 4>, math_approx_mode=False, dst_full_sync_en=False, fp32_dest_acc_en=False, packer_l1_acc=True), 'memory_config': <MemoryConfig.L1: 2>}","['ttsim.ttnn.Tensor_33', 'ttsim.ttnn.Tensor_34']",['ttsim.ttnn.Op_17.out'],ttsim.ttnn.Tensor_33[544x544]:float16;ttsim.ttnn.Tensor_34[544x544]:float16,ttsim.ttnn.Op_17.out[544x544]:float16,,,,FALSE,FALSE,,591872,295936,1183744,591872,{'mac': 160989184},0,591872,295936,160989184,1820,5138,2569,50,MEM,36205,0.036205,45256,1820,0,0.045256,0.6,0,0,0,0,0,TRUE,HiFi4,45256
Wormhole,n150,1000,MATRIX,INT8,TTNN,Matmul2Tensors_1,sweep_32_to_4096_bf16,1,17,ttsim.ttnn.Op_18,TRUE,TRUE,MatMul,1,"{'compute_kernel_config': WormholeComputeKernelConfig(math_fidelity=<MathFidelity.LoFi: 1>, math_approx_mode=False, dst_full_sync_en=False, fp32_dest_acc_en=False, packer_l1_acc=True), 'memory_config': <MemoryConfig.L1: 2>}","['ttsim.ttnn.Tensor_35', 'ttsim.ttnn.Tensor_36']",['ttsim.ttnn.Op_18.out'],ttsim.ttnn.Tensor_35[576x576]:float16;ttsim.ttnn.Tensor_36[576x576]:float16,ttsim.ttnn.Op_18.out[576x576]:float16,,,,FALSE,FALSE,,663552,331776,1327104,663552,{'mac': 191102976},0,663552,331776,191102976,2160,5760,2880,50,MEM,33483,0.033483,41853,2160,0,0.041852,0.6,0,0,0,0,0,TRUE,LoFi,41852
Wormhole,n150,1000,MATRIX,INT8,TTNN,Matmul2Tensors_1,sweep_32_to_4096_bf16,1,17,ttsim.ttnn.Op_18,TRUE,TRUE,MatMul,1,"{'compute_kernel_config': WormholeComputeKernelConfig(math_fidelity=<MathFidelity.HiFi2: 2>, math_approx_mode=False, dst_full_sync_en=False, fp32_dest_acc_en=False, packer_l1_acc=True), 'memory_config': <MemoryConfig.L1: 2>}","['ttsim.ttnn.Tensor_35', 'ttsim.ttnn.Tensor_36']",['ttsim.ttnn.Op_18.out'],ttsim.ttnn.Tensor_35[576x576]:float16;ttsim.ttnn.Tensor_36[576x576]:float16,ttsim.ttnn.Op_18.out[576x576]:float16,,,,FALSE,FALSE,,663552,331776,1327104,663552,{'mac': 191102976},0,663552,331776,191102976,2160,5760,2880,50,MEM,33483,0.033483,41853,2160,0,0.041852,0.6,0,0,0,0,0,TRUE,HiFi2,41852
Wormhole,n150,1000,MATRIX,INT8,TTNN,Matmul2Tensors_1,sweep_32_to_4096_bf16,1,17,ttsim.ttnn.Op_18,TRUE,TRUE,MatMul,1,"{'compute_kernel_config': WormholeComputeKernelConfig(math_fidelity=<MathFidelity.HiFi4: 4>, math_approx_mode=False, dst_full_sync_en=False, fp32_dest_acc_en=False, packer_l1_acc=True), 'memory_config': <MemoryConfig.L1: 2>}","['ttsim.ttnn.Tensor_35', 'ttsim.ttnn.Tensor_36']",['ttsim.ttnn.Op_18.out'],ttsim.ttnn.Tensor_35[576x576]:float16;ttsim.ttnn.Tensor_36[576x576]:float16,ttsim.ttnn.Op_18.out[576x576]:float16,,,,FALSE,FALSE,,663552,331776,1327104,663552,{'mac': 191102976},0,663552,331776,191102976,2160,5760,2880,50,MEM,33483,0.033483,41853,2160,0,0.041852,0.6,0,0,0,0,0,TRUE,HiFi4,41852
Wormhole,n150,1000,MATRIX,INT8,TTNN,Matmul2Tensors_1,sweep_32_to_4096_bf16,1,18,ttsim.ttnn.Op_19,TRUE,TRUE,MatMul,1,"{'compute_kernel_config': WormholeComputeKernelConfig(math_fidelity=<MathFidelity.LoFi: 1>, math_approx_mode=False, dst_full_sync_en=False, fp32_dest_acc_en=False, packer_l1_acc=True), 'memory_config': <MemoryConfig.L1: 2>}","['ttsim.ttnn.Tensor_37', 'ttsim.ttnn.Tensor_38']",['ttsim.ttnn.Op_19.out'],ttsim.ttnn.Tensor_37[608x608]:float16;ttsim.ttnn.Tensor_38[608x608]:float16,ttsim.ttnn.Op_19.out[608x608]:float16,,,,FALSE,FALSE,,739328,369664,1478656,739328,{'mac': 224755712},0,739328,369664,224755712,2541,6418,3209,50,MEM,34616,0.034616,43270,2541,0,0.04327,0.6,0,0,0,0,0,TRUE,LoFi,43270
Wormhole,n150,1000,MATRIX,INT8,TTNN,Matmul2Tensors_1,sweep_32_to_4096_bf16,1,18,ttsim.ttnn.Op_19,TRUE,TRUE,MatMul,1,"{'compute_kernel_config': WormholeComputeKernelConfig(math_fidelity=<MathFidelity.HiFi2: 2>, math_approx_mode=False, dst_full_sync_en=False, fp32_dest_acc_en=False, packer_l1_acc=True), 'memory_config': <MemoryConfig.L1: 2>}","['ttsim.ttnn.Tensor_37', 'ttsim.ttnn.Tensor_38']",['ttsim.ttnn.Op_19.out'],ttsim.ttnn.Tensor_37[608x608]:float16;ttsim.ttnn.Tensor_38[608x608]:float16,ttsim.ttnn.Op_19.out[608x608]:float16,,,,FALSE,FALSE,,739328,369664,1478656,739328,{'mac': 224755712},0,739328,369664,224755712,2541,6418,3209,50,MEM,34616,0.034616,43270,2541,0,0.04327,0.6,0,0,0,0,0,TRUE,HiFi2,43270
Wormhole,n150,1000,MATRIX,INT8,TTNN,Matmul2Tensors_1,sweep_32_to_4096_bf16,1,18,ttsim.ttnn.Op_19,TRUE,TRUE,MatMul,1,"{'compute_kernel_config': WormholeComputeKernelConfig(math_fidelity=<MathFidelity.HiFi4: 4>, math_approx_mode=False, dst_full_sync_en=False, fp32_dest_acc_en=False, packer_l1_acc=True), 'memory_config': <MemoryConfig.L1: 2>}","['ttsim.ttnn.Tensor_37', 'ttsim.ttnn.Tensor_38']",['ttsim.ttnn.Op_19.out'],ttsim.ttnn.Tensor_37[608x608]:float16;ttsim.ttnn.Tensor_38[608x608]:float16,ttsim.ttnn.Op_19.out[608x608]:float16,,,,FALSE,FALSE,,739328,369664,1478656,739328,{'mac': 224755712},0,739328,369664,224755712,2541,6418,3209,50,MEM,34616,0.034616,43270,2541,0,0.04327,0.6,0,0,0,0,0,TRUE,HiFi4,43270
Wormhole,n150,1000,MATRIX,INT8,TTNN,Matmul2Tensors_1,sweep_32_to_4096_bf16,1,19,ttsim.ttnn.Op_20,TRUE,TRUE,MatMul,1,"{'compute_kernel_config': WormholeComputeKernelConfig(math_fidelity=<MathFidelity.LoFi: 1>, math_approx_mode=False, dst_full_sync_en=False, fp32_dest_acc_en=False, packer_l1_acc=True), 'memory_config': <MemoryConfig.L1: 2>}","['ttsim.ttnn.Tensor_39', 'ttsim.ttnn.Tensor_40']",['ttsim.ttnn.Op_20.out'],ttsim.ttnn.Tensor_39[640x640]:float16;ttsim.ttnn.Tensor_40[640x640]:float16,ttsim.ttnn.Op_20.out[640x640]:float16,,,,FALSE,FALSE,,819200,409600,1638400,819200,{'mac': 262144000},0,819200,409600,262144000,2963,7112,3556,50,MEM,35752,0.035752,44689,2963,0,0.044689,0.6,0,0,0,0,0,TRUE,LoFi,44689
Wormhole,n150,1000,MATRIX,INT8,TTNN,Matmul2Tensors_1,sweep_32_to_4096_bf16,1,19,ttsim.ttnn.Op_20,TRUE,TRUE,MatMul,1,"{'compute_kernel_config': WormholeComputeKernelConfig(math_fidelity=<MathFidelity.HiFi2: 2>, math_approx_mode=False, dst_full_sync_en=False, fp32_dest_acc_en=False, packer_l1_acc=True), 'memory_config': <MemoryConfig.L1: 2>}","['ttsim.ttnn.Tensor_39', 'ttsim.ttnn.Tensor_40']",['ttsim.ttnn.Op_20.out'],ttsim.ttnn.Tensor_39[640x640]:float16;ttsim.ttnn.Tensor_40[640x640]:float16,ttsim.ttnn.Op_20.out[640x640]:float16,,,,FALSE,FALSE,,819200,409600,1638400,819200,{'mac': 262144000},0,819200,409600,262144000,2963,7112,3556,50,MEM,35752,0.035752,44689,2963,0,0.044689,0.6,0,0,0,0,0,TRUE,HiFi2,44689
Wormhole,n150,1000,MATRIX,INT8,TTNN,Matmul2Tensors_1,sweep_32_to_4096_bf16,1,19,ttsim.ttnn.Op_20,TRUE,TRUE,MatMul,1,"{'compute_kernel_config': WormholeComputeKernelConfig(math_fidelity=<MathFidelity.HiFi4: 4>, math_approx_mode=False, dst_full_sync_en=False, fp32_dest_acc_en=False, packer_l1_acc=True), 'memory_config': <MemoryConfig.L1: 2>}","['ttsim.ttnn.Tensor_39', 'ttsim.ttnn.Tensor_40']",['ttsim.ttnn.Op_20.out'],ttsim.ttnn.Tensor_39[640x640]:float16;ttsim.ttnn.Tensor_40[640x640]:float16,ttsim.ttnn.Op_20.out[640x640]:float16,,,,FALSE,FALSE,,819200,409600,1638400,819200,{'mac': 262144000},0,819200,409600,262144000,2963,7112,3556,50,MEM,35752,0.035752,44689,2963,0,0.044689,0.6,0,0,0,0,0,TRUE,HiFi4,44689
Wormhole,n150,1000,MATRIX,INT8,TTNN,Matmul2Tensors_1,sweep_32_to_4096_bf16,1,20,ttsim.ttnn.Op_21,TRUE,TRUE,MatMul,1,"{'compute_kernel_config': WormholeComputeKernelConfig(math_fidelity=<MathFidelity.LoFi: 1>, math_approx_mode=False, dst_full_sync_en=False, fp32_dest_acc_en=False, packer_l1_acc=True), 'memory_config': <MemoryConfig.L1: 2>}","['ttsim.ttnn.Tensor_41', 'ttsim.ttnn.Tensor_42']",['ttsim.ttnn.Op_21.out'],ttsim.ttnn.Tensor_41[672x672]:float16;ttsim.ttnn.Tensor_42[672x672]:float16,ttsim.ttnn.Op_21.out[672x672]:float16,,,,FALSE,FALSE,,903168,451584,1806336,903168,{'mac': 303464448},0,903168,451584,303464448,3431,7840,3920,50,MEM,33483,0.033483,41853,3431,0,0.041852,0.6,0,0,0,0,0,TRUE,LoFi,41852
Wormhole,n150,1000,MATRIX,INT8,TTNN,Matmul2Tensors_1,sweep_32_to_4096_bf16,1,20,ttsim.ttnn.Op_21,TRUE,TRUE,MatMul,1,"{'compute_kernel_config': WormholeComputeKernelConfig(math_fidelity=<MathFidelity.HiFi2: 2>, math_approx_mode=False, dst_full_sync_en=False, fp32_dest_acc_en=False, packer_l1_acc=True), 'memory_config': <MemoryConfig.L1: 2>}","['ttsim.ttnn.Tensor_41', 'ttsim.ttnn.Tensor_42']",['ttsim.ttnn.Op_21.out'],ttsim.ttnn.Tensor_41[672x672]:float16;ttsim.ttnn.Tensor_42[672x672]:float16,ttsim.ttnn.Op_21.out[672x672]:float16,,,,FALSE,FALSE,,903168,451584,1806336,903168,{'mac': 303464448},0,903168,451584,303464448,3431,7840,3920,50,MEM,33483,0.033483,41853,3431,0,0.041852,0.6,0,0,0,0,0,TRUE,HiFi2,41852
Wormhole,n150,1000,MATRIX,INT8,TTNN,Matmul2Tensors_1,sweep_32_to_4096_bf16,1,20,ttsim.ttnn.Op_21,TRUE,TRUE,MatMul,1,"{'compute_kernel_config': WormholeComputeKernelConfig(math_fidelity=<MathFidelity.HiFi4: 4>, math_approx_mode=False, dst_full_sync_en=False, fp32_dest_acc_en=False, packer_l1_acc=True), 'memory_config': <MemoryConfig.L1: 2>}","['ttsim.ttnn.Tensor_41', 'ttsim.ttnn.Tensor_42']",['ttsim.ttnn.Op_21.out'],ttsim.ttnn.Tensor_41[672x672]:float16;ttsim.ttnn.Tensor_42[672x672]:float16,ttsim.ttnn.Op_21.out[672x672]:float16,,,,FALSE,FALSE,,903168,451584,1806336,903168,{'mac': 303464448},0,903168,451584,303464448,3431,7840,3920,50,MEM,33483,0.033483,41853,3431,0,0.041852,0.6,0,0,0,0,0,TRUE,HiFi4,41852
Wormhole,n150,1000,MATRIX,INT8,TTNN,Matmul2Tensors_1,sweep_32_to_4096_bf16,1,21,ttsim.ttnn.Op_22,TRUE,TRUE,MatMul,1,"{'compute_kernel_config': WormholeComputeKernelConfig(math_fidelity=<MathFidelity.LoFi: 1>, math_approx_mode=False, dst_full_sync_en=False, fp32_dest_acc_en=False, packer_l1_acc=True), 'memory_config': <MemoryConfig.L1: 2>}","['ttsim.ttnn.Tensor_43', 'ttsim.ttnn.Tensor_44']",['ttsim.ttnn.Op_22.out'],ttsim.ttnn.Tensor_43[704x704]:float16;ttsim.ttnn.Tensor_44[704x704]:float16,ttsim.ttnn.Op_22.out[704x704]:float16,,,,FALSE,FALSE,,991232,495616,1982464,991232,{'mac': 348913664},0,991232,495616,348913664,3944,8605,4303,50,MEM,34456,0.034456,43069,3944,0,0.043068,0.6,0,0,0,0,0,TRUE,LoFi,43068
Wormhole,n150,1000,MATRIX,INT8,TTNN,Matmul2Tensors_1,sweep_32_to_4096_bf16,1,21,ttsim.ttnn.Op_22,TRUE,TRUE,MatMul,1,"{'compute_kernel_config': WormholeComputeKernelConfig(math_fidelity=<MathFidelity.HiFi2: 2>, math_approx_mode=False, dst_full_sync_en=False, fp32_dest_acc_en=False, packer_l1_acc=True), 'memory_config': <MemoryConfig.L1: 2>}","['ttsim.ttnn.Tensor_43', 'ttsim.ttnn.Tensor_44']",['ttsim.ttnn.Op_22.out'],ttsim.ttnn.Tensor_43[704x704]:float16;ttsim.ttnn.Tensor_44[704x704]:float16,ttsim.ttnn.Op_22.out[704x704]:float16,,,,FALSE,FALSE,,991232,495616,1982464,991232,{'mac': 348913664},0,991232,495616,348913664,3944,8605,4303,50,MEM,34456,0.034456,43069,3944,0,0.043068,0.6,0,0,0,0,0,TRUE,HiFi2,43068
Wormhole,n150,1000,MATRIX,INT8,TTNN,Matmul2Tensors_1,sweep_32_to_4096_bf16,1,21,ttsim.ttnn.Op_22,TRUE,TRUE,MatMul,1,"{'compute_kernel_config': WormholeComputeKernelConfig(math_fidelity=<MathFidelity.HiFi4: 4>, math_approx_mode=False, dst_full_sync_en=False, fp32_dest_acc_en=False, packer_l1_acc=True), 'memory_config': <MemoryConfig.L1: 2>}","['ttsim.ttnn.Tensor_43', 'ttsim.ttnn.Tensor_44']",['ttsim.ttnn.Op_22.out'],ttsim.ttnn.Tensor_43[704x704]:float16;ttsim.ttnn.Tensor_44[704x704]:float16,ttsim.ttnn.Op_22.out[704x704]:float16,,,,FALSE,FALSE,,991232,495616,1982464,991232,{'mac': 348913664},0,991232,495616,348913664,3944,8605,4303,50,MEM,34456,0.034456,43069,3944,0,0.043068,0.6,0,0,0,0,0,TRUE,HiFi4,43068
Wormhole,n150,1000,MATRIX,INT8,TTNN,Matmul2Tensors_1,sweep_32_to_4096_bf16,1,22,ttsim.ttnn.Op_23,TRUE,TRUE,MatMul,1,"{'compute_kernel_config': WormholeComputeKernelConfig(math_fidelity=<MathFidelity.LoFi: 1>, math_approx_mode=False, dst_full_sync_en=False, fp32_dest_acc_en=False, packer_l1_acc=True), 'memory_config': <MemoryConfig.L1: 2>}","['ttsim.ttnn.Tensor_45', 'ttsim.ttnn.Tensor_46']",['ttsim.ttnn.Op_23.out'],ttsim.ttnn.Tensor_45[736x736]:float16;ttsim.ttnn.Tensor_46[736x736]:float16,ttsim.ttnn.Op_23.out[736x736]:float16,,,,FALSE,FALSE,,1083392,541696,2166784,1083392,{'mac': 398688256},0,1083392,541696,398688256,4507,9405,4703,50,MEM,35428,0.035428,44284,4507,0,0.044284,0.6,0,0,0,0,0,TRUE,LoFi,44284
Wormhole,n150,1000,MATRIX,INT8,TTNN,Matmul2Tensors_1,sweep_32_to_4096_bf16,1,22,ttsim.ttnn.Op_23,TRUE,TRUE,MatMul,1,"{'compute_kernel_config': WormholeComputeKernelConfig(math_fidelity=<MathFidelity.HiFi2: 2>, math_approx_mode=False, dst_full_sync_en=False, fp32_dest_acc_en=False, packer_l1_acc=True), 'memory_config': <MemoryConfig.L1: 2>}","['ttsim.ttnn.Tensor_45', 'ttsim.ttnn.Tensor_46']",['ttsim.ttnn.Op_23.out'],ttsim.ttnn.Tensor_45[736x736]:float16;ttsim.ttnn.Tensor_46[736x736]:float16,ttsim.ttnn.Op_23.out[736x736]:float16,,,,FALSE,FALSE,,1083392,541696,2166784,1083392,{'mac': 398688256},0,1083392,541696,398688256,4507,9405,4703,50,MEM,35428,0.035428,44284,4507,0,0.044284,0.6,0,0,0,0,0,TRUE,HiFi2,44284
Wormhole,n150,1000,MATRIX,INT8,TTNN,Matmul2Tensors_1,sweep_32_to_4096_bf16,1,22,ttsim.ttnn.Op_23,TRUE,TRUE,MatMul,1,"{'compute_kernel_config': WormholeComputeKernelConfig(math_fidelity=<MathFidelity.HiFi4: 4>, math_approx_mode=False, dst_full_sync_en=False, fp32_dest_acc_en=False, packer_l1_acc=True), 'memory_config': <MemoryConfig.L1: 2>}","['ttsim.ttnn.Tensor_45', 'ttsim.ttnn.Tensor_46']",['ttsim.ttnn.Op_23.out'],ttsim.ttnn.Tensor_45[736x736]:float16;ttsim.ttnn.Tensor_46[736x736]:float16,ttsim.ttnn.Op_23.out[736x736]:float16,,,,FALSE,FALSE,,1083392,541696,2166784,1083392,{'mac': 398688256},0,1083392,541696,398688256,4507,9405,4703,50,MEM,35428,0.035428,44284,4507,0,0.044284,0.6,0,0,0,0,0,TRUE,HiFi4,44284
Wormhole,n150,1000,MATRIX,INT8,TTNN,Matmul2Tensors_1,sweep_32_to_4096_bf16,1,23,ttsim.ttnn.Op_24,TRUE,TRUE,MatMul,1,"{'compute_kernel_config': WormholeComputeKernelConfig(math_fidelity=<MathFidelity.LoFi: 1>, math_approx_mode=False, dst_full_sync_en=False, fp32_dest_acc_en=False, packer_l1_acc=True), 'memory_config': <MemoryConfig.L1: 2>}","['ttsim.ttnn.Tensor_47', 'ttsim.ttnn.Tensor_48']",['ttsim.ttnn.Op_24.out'],ttsim.ttnn.Tensor_47[768x768]:float16;ttsim.ttnn.Tensor_48[768x768]:float16,ttsim.ttnn.Op_24.out[768x768]:float16,,,,FALSE,FALSE,,1179648,589824,2359296,1179648,{'mac': 452984832},0,1179648,589824,452984832,5121,10240,5120,50,MEM,33483,0.033483,41853,5121,0,0.041852,0.6,0,0,0,0,0,TRUE,LoFi,41852
Wormhole,n150,1000,MATRIX,INT8,TTNN,Matmul2Tensors_1,sweep_32_to_4096_bf16,1,23,ttsim.ttnn.Op_24,TRUE,TRUE,MatMul,1,"{'compute_kernel_config': WormholeComputeKernelConfig(math_fidelity=<MathFidelity.HiFi2: 2>, math_approx_mode=False, dst_full_sync_en=False, fp32_dest_acc_en=False, packer_l1_acc=True), 'memory_config': <MemoryConfig.L1: 2>}","['ttsim.ttnn.Tensor_47', 'ttsim.ttnn.Tensor_48']",['ttsim.ttnn.Op_24.out'],ttsim.ttnn.Tensor_47[768x768]:float16;ttsim.ttnn.Tensor_48[768x768]:float16,ttsim.ttnn.Op_24.out[768x768]:float16,,,,FALSE,FALSE,,1179648,589824,2359296,1179648,{'mac': 452984832},0,1179648,589824,452984832,5121,10240,5120,50,MEM,33483,0.033483,41853,5121,0,0.041852,0.6,0,0,0,0,0,TRUE,HiFi2,41852
Wormhole,n150,1000,MATRIX,INT8,TTNN,Matmul2Tensors_1,sweep_32_to_4096_bf16,1,23,ttsim.ttnn.Op_24,TRUE,TRUE,MatMul,1,"{'compute_kernel_config': WormholeComputeKernelConfig(math_fidelity=<MathFidelity.HiFi4: 4>, math_approx_mode=False, dst_full_sync_en=False, fp32_dest_acc_en=False, packer_l1_acc=True), 'memory_config': <MemoryConfig.L1: 2>}","['ttsim.ttnn.Tensor_47', 'ttsim.ttnn.Tensor_48']",['ttsim.ttnn.Op_24.out'],ttsim.ttnn.Tensor_47[768x768]:float16;ttsim.ttnn.Tensor_48[768x768]:float16,ttsim.ttnn.Op_24.out[768x768]:float16,,,,FALSE,FALSE,,1179648,589824,2359296,1179648,{'mac': 452984832},0,1179648,589824,452984832,5121,10240,5120,50,MEM,33483,0.033483,41853,5121,0,0.041852,0.6,0,0,0,0,0,TRUE,HiFi4,41852
Wormhole,n150,1000,MATRIX,INT8,TTNN,Matmul2Tensors_1,sweep_32_to_4096_bf16,1,24,ttsim.ttnn.Op_25,TRUE,TRUE,MatMul,1,"{'compute_kernel_config': WormholeComputeKernelConfig(math_fidelity=<MathFidelity.LoFi: 1>, math_approx_mode=False, dst_full_sync_en=False, fp32_dest_acc_en=False, packer_l1_acc=True), 'memory_config': <MemoryConfig.L1: 2>}","['ttsim.ttnn.Tensor_49', 'ttsim.ttnn.Tensor_50']",['ttsim.ttnn.Op_25.out'],ttsim.ttnn.Tensor_49[800x800]:float16;ttsim.ttnn.Tensor_50[800x800]:float16,ttsim.ttnn.Op_25.out[800x800]:float16,,,,FALSE,FALSE,,1280000,640000,2560000,1280000,{'mac': 512000000},0,1280000,640000,512000000,5788,11112,5556,50,MEM,61036,0.061036,76295,5788,0,0.076295,0.6,0,0,0,0,0,TRUE,LoFi,76295
Wormhole,n150,1000,MATRIX,INT8,TTNN,Matmul2Tensors_1,sweep_32_to_4096_bf16,1,24,ttsim.ttnn.Op_25,TRUE,TRUE,MatMul,1,"{'compute_kernel_config': WormholeComputeKernelConfig(math_fidelity=<MathFidelity.HiFi2: 2>, math_approx_mode=False, dst_full_sync_en=False, fp32_dest_acc_en=False, packer_l1_acc=True), 'memory_config': <MemoryConfig.L1: 2>}","['ttsim.ttnn.Tensor_49', 'ttsim.ttnn.Tensor_50']",['ttsim.ttnn.Op_25.out'],ttsim.ttnn.Tensor_49[800x800]:float16;ttsim.ttnn.Tensor_50[800x800]:float16,ttsim.ttnn.Op_25.out[800x800]:float16,,,,FALSE,FALSE,,1280000,640000,2560000,1280000,{'mac': 512000000},0,1280000,640000,512000000,5788,11112,5556,50,MEM,61036,0.061036,76295,5788,0,0.076295,0.6,0,0,0,0,0,TRUE,HiFi2,76295
Wormhole,n150,1000,MATRIX,INT8,TTNN,Matmul2Tensors_1,sweep_32_to_4096_bf16,1,24,ttsim.ttnn.Op_25,TRUE,TRUE,MatMul,1,"{'compute_kernel_config': WormholeComputeKernelConfig(math_fidelity=<MathFidelity.HiFi4: 4>, math_approx_mode=False, dst_full_sync_en=False, fp32_dest_acc_en=False, packer_l1_acc=True), 'memory_config': <MemoryConfig.L1: 2>}","['ttsim.ttnn.Tensor_49', 'ttsim.ttnn.Tensor_50']",['ttsim.ttnn.Op_25.out'],ttsim.ttnn.Tensor_49[800x800]:float16;ttsim.ttnn.Tensor_50[800x800]:float16,ttsim.ttnn.Op_25.out[800x800]:float16,,,,FALSE,FALSE,,1280000,640000,2560000,1280000,{'mac': 512000000},0,1280000,640000,512000000,5788,11112,5556,50,MEM,61036,0.061036,76295,5788,0,0.076295,0.6,0,0,0,0,0,TRUE,HiFi4,76295
Wormhole,n150,1000,MATRIX,INT8,TTNN,Matmul2Tensors_1,sweep_32_to_4096_bf16,1,25,ttsim.ttnn.Op_26,TRUE,TRUE,MatMul,1,"{'compute_kernel_config': WormholeComputeKernelConfig(math_fidelity=<MathFidelity.LoFi: 1>, math_approx_mode=False, dst_full_sync_en=False, fp32_dest_acc_en=False, packer_l1_acc=True), 'memory_config': <MemoryConfig.L1: 2>}","['ttsim.ttnn.Tensor_51', 'ttsim.ttnn.Tensor_52']",['ttsim.ttnn.Op_26.out'],ttsim.ttnn.Tensor_51[832x832]:float16;ttsim.ttnn.Tensor_52[832x832]:float16,ttsim.ttnn.Op_26.out[832x832]:float16,,,,FALSE,FALSE,,1384448,692224,2768896,1384448,{'mac': 575930368},0,1384448,692224,575930368,6510,12018,6009,50,MEM,62549,0.062549,78186,6510,0,0.078186,0.6,0,0,0,0,0,TRUE,LoFi,78186
Wormhole,n150,1000,MATRIX,INT8,TTNN,Matmul2Tensors_1,sweep_32_to_4096_bf16,1,25,ttsim.ttnn.Op_26,TRUE,TRUE,MatMul,1,"{'compute_kernel_config': WormholeComputeKernelConfig(math_fidelity=<MathFidelity.HiFi2: 2>, math_approx_mode=False, dst_full_sync_en=False, fp32_dest_acc_en=False, packer_l1_acc=True), 'memory_config': <MemoryConfig.L1: 2>}","['ttsim.ttnn.Tensor_51', 'ttsim.ttnn.Tensor_52']",['ttsim.ttnn.Op_26.out'],ttsim.ttnn.Tensor_51[832x832]:float16;ttsim.ttnn.Tensor_52[832x832]:float16,ttsim.ttnn.Op_26.out[832x832]:float16,,,,FALSE,FALSE,,1384448,692224,2768896,1384448,{'mac': 575930368},0,1384448,692224,575930368,6510,12018,6009,50,MEM,62549,0.062549,78186,6510,0,0.078186,0.6,0,0,0,0,0,TRUE,HiFi2,78186
Wormhole,n150,1000,MATRIX,INT8,TTNN,Matmul2Tensors_1,sweep_32_to_4096_bf16,1,25,ttsim.ttnn.Op_26,TRUE,TRUE,MatMul,1,"{'compute_kernel_config': WormholeComputeKernelConfig(math_fidelity=<MathFidelity.HiFi4: 4>, math_approx_mode=False, dst_full_sync_en=False, fp32_dest_acc_en=False, packer_l1_acc=True), 'memory_config': <MemoryConfig.L1: 2>}","['ttsim.ttnn.Tensor_51', 'ttsim.ttnn.Tensor_52']",['ttsim.ttnn.Op_26.out'],ttsim.ttnn.Tensor_51[832x832]:float16;ttsim.ttnn.Tensor_52[832x832]:float16,ttsim.ttnn.Op_26.out[832x832]:float16,,,,FALSE,FALSE,,1384448,692224,2768896,1384448,{'mac': 575930368},0,1384448,692224,575930368,6510,12018,6009,50,MEM,62549,0.062549,78186,6510,0,0.078186,0.6,0,0,0,0,0,TRUE,HiFi4,78186
Wormhole,n150,1000,MATRIX,INT8,TTNN,Matmul2Tensors_1,sweep_32_to_4096_bf16,1,26,ttsim.ttnn.Op_27,TRUE,TRUE,MatMul,1,"{'compute_kernel_config': WormholeComputeKernelConfig(math_fidelity=<MathFidelity.LoFi: 1>, math_approx_mode=False, dst_full_sync_en=False, fp32_dest_acc_en=False, packer_l1_acc=True), 'memory_config': <MemoryConfig.L1: 2>}","['ttsim.ttnn.Tensor_53', 'ttsim.ttnn.Tensor_54']",['ttsim.ttnn.Op_27.out'],ttsim.ttnn.Tensor_53[864x864]:float16;ttsim.ttnn.Tensor_54[864x864]:float16,ttsim.ttnn.Op_27.out[864x864]:float16,,,,FALSE,FALSE,,1492992,746496,2985984,1492992,{'mac': 644972544},0,1492992,746496,644972544,7291,12960,6480,50,MEM,64063,0.064063,80078,7291,0,0.080078,0.6,0,0,0,0,0,TRUE,LoFi,80078
Wormhole,n150,1000,MATRIX,INT8,TTNN,Matmul2Tensors_1,sweep_32_to_4096_bf16,1,26,ttsim.ttnn.Op_27,TRUE,TRUE,MatMul,1,"{'compute_kernel_config': WormholeComputeKernelConfig(math_fidelity=<MathFidelity.HiFi2: 2>, math_approx_mode=False, dst_full_sync_en=False, fp32_dest_acc_en=False, packer_l1_acc=True), 'memory_config': <MemoryConfig.L1: 2>}","['ttsim.ttnn.Tensor_53', 'ttsim.ttnn.Tensor_54']",['ttsim.ttnn.Op_27.out'],ttsim.ttnn.Tensor_53[864x864]:float16;ttsim.ttnn.Tensor_54[864x864]:float16,ttsim.ttnn.Op_27.out[864x864]:float16,,,,FALSE,FALSE,,1492992,746496,2985984,1492992,{'mac': 644972544},0,1492992,746496,644972544,7291,12960,6480,50,MEM,64063,0.064063,80078,7291,0,0.080078,0.6,0,0,0,0,0,TRUE,HiFi2,80078
Wormhole,n150,1000,MATRIX,INT8,TTNN,Matmul2Tensors_1,sweep_32_to_4096_bf16,1,26,ttsim.ttnn.Op_27,TRUE,TRUE,MatMul,1,"{'compute_kernel_config': WormholeComputeKernelConfig(math_fidelity=<MathFidelity.HiFi4: 4>, math_approx_mode=False, dst_full_sync_en=False, fp32_dest_acc_en=False, packer_l1_acc=True), 'memory_config': <MemoryConfig.L1: 2>}","['ttsim.ttnn.Tensor_53', 'ttsim.ttnn.Tensor_54']",['ttsim.ttnn.Op_27.out'],ttsim.ttnn.Tensor_53[864x864]:float16;ttsim.ttnn.Tensor_54[864x864]:float16,ttsim.ttnn.Op_27.out[864x864]:float16,,,,FALSE,FALSE,,1492992,746496,2985984,1492992,{'mac': 644972544},0,1492992,746496,644972544,7291,12960,6480,50,MEM,64063,0.064063,80078,7291,0,0.080078,0.6,0,0,0,0,0,TRUE,HiFi4,80078
Wormhole,n150,1000,MATRIX,INT8,TTNN,Matmul2Tensors_1,sweep_32_to_4096_bf16,1,27,ttsim.ttnn.Op_28,TRUE,TRUE,MatMul,1,"{'compute_kernel_config': WormholeComputeKernelConfig(math_fidelity=<MathFidelity.LoFi: 1>, math_approx_mode=False, dst_full_sync_en=False, fp32_dest_acc_en=False, packer_l1_acc=True), 'memory_config': <MemoryConfig.L1: 2>}","['ttsim.ttnn.Tensor_55', 'ttsim.ttnn.Tensor_56']",['ttsim.ttnn.Op_28.out'],ttsim.ttnn.Tensor_55[896x896]:float16;ttsim.ttnn.Tensor_56[896x896]:float16,ttsim.ttnn.Op_28.out[896x896]:float16,,,,FALSE,FALSE,,1605632,802816,3211264,1605632,{'mac': 719323136},0,1605632,802816,719323136,8131,13938,6969,50,MEM,59523,0.059523,74403,8131,0,0.074403,0.6,0,0,0,0,0,TRUE,LoFi,74403
Wormhole,n150,1000,MATRIX,INT8,TTNN,Matmul2Tensors_1,sweep_32_to_4096_bf16,1,27,ttsim.ttnn.Op_28,TRUE,TRUE,MatMul,1,"{'compute_kernel_config': WormholeComputeKernelConfig(math_fidelity=<MathFidelity.HiFi2: 2>, math_approx_mode=False, dst_full_sync_en=False, fp32_dest_acc_en=False, packer_l1_acc=True), 'memory_config': <MemoryConfig.L1: 2>}","['ttsim.ttnn.Tensor_55', 'ttsim.ttnn.Tensor_56']",['ttsim.ttnn.Op_28.out'],ttsim.ttnn.Tensor_55[896x896]:float16;ttsim.ttnn.Tensor_56[896x896]:float16,ttsim.ttnn.Op_28.out[896x896]:float16,,,,FALSE,FALSE,,1605632,802816,3211264,1605632,{'mac': 719323136},0,1605632,802816,719323136,8131,13938,6969,50,MEM,59523,0.059523,74403,8131,0,0.074403,0.6,0,0,0,0,0,TRUE,HiFi2,74403
Wormhole,n150,1000,MATRIX,INT8,TTNN,Matmul2Tensors_1,sweep_32_to_4096_bf16,1,27,ttsim.ttnn.Op_28,TRUE,TRUE,MatMul,1,"{'compute_kernel_config': WormholeComputeKernelConfig(math_fidelity=<MathFidelity.HiFi4: 4>, math_approx_mode=False, dst_full_sync_en=False, fp32_dest_acc_en=False, packer_l1_acc=True), 'memory_config': <MemoryConfig.L1: 2>}","['ttsim.ttnn.Tensor_55', 'ttsim.ttnn.Tensor_56']",['ttsim.ttnn.Op_28.out'],ttsim.ttnn.Tensor_55[896x896]:float16;ttsim.ttnn.Tensor_56[896x896]:float16,ttsim.ttnn.Op_28.out[896x896]:float16,,,,FALSE,FALSE,,1605632,802816,3211264,1605632,{'mac': 719323136},0,1605632,802816,719323136,8131,13938,6969,50,MEM,59523,0.059523,74403,8131,0,0.074403,0.6,0,0,0,0,0,TRUE,HiFi4,74403
Wormhole,n150,1000,MATRIX,INT8,TTNN,Matmul2Tensors_1,sweep_32_to_4096_bf16,1,28,ttsim.ttnn.Op_29,TRUE,TRUE,MatMul,1,"{'compute_kernel_config': WormholeComputeKernelConfig(math_fidelity=<MathFidelity.LoFi: 1>, math_approx_mode=False, dst_full_sync_en=False, fp32_dest_acc_en=False, packer_l1_acc=True), 'memory_config': <MemoryConfig.L1: 2>}","['ttsim.ttnn.Tensor_57', 'ttsim.ttnn.Tensor_58']",['ttsim.ttnn.Op_29.out'],ttsim.ttnn.Tensor_57[928x928]:float16;ttsim.ttnn.Tensor_58[928x928]:float16,ttsim.ttnn.Op_29.out[928x928]:float16,,,,FALSE,FALSE,,1722368,861184,3444736,1722368,{'mac': 799178752},0,1722368,861184,799178752,9033,14952,7476,50,MEM,60820,0.06082,76025,9033,0,0.076025,0.6,0,0,0,0,0,TRUE,LoFi,76025
Wormhole,n150,1000,MATRIX,INT8,TTNN,Matmul2Tensors_1,sweep_32_to_4096_bf16,1,28,ttsim.ttnn.Op_29,TRUE,TRUE,MatMul,1,"{'compute_kernel_config': WormholeComputeKernelConfig(math_fidelity=<MathFidelity.HiFi2: 2>, math_approx_mode=False, dst_full_sync_en=False, fp32_dest_acc_en=False, packer_l1_acc=True), 'memory_config': <MemoryConfig.L1: 2>}","['ttsim.ttnn.Tensor_57', 'ttsim.ttnn.Tensor_58']",['ttsim.ttnn.Op_29.out'],ttsim.ttnn.Tensor_57[928x928]:float16;ttsim.ttnn.Tensor_58[928x928]:float16,ttsim.ttnn.Op_29.out[928x928]:float16,,,,FALSE,FALSE,,1722368,861184,3444736,1722368,{'mac': 799178752},0,1722368,861184,799178752,9033,14952,7476,50,MEM,60820,0.06082,76025,9033,0,0.076025,0.6,0,0,0,0,0,TRUE,HiFi2,76025
Wormhole,n150,1000,MATRIX,INT8,TTNN,Matmul2Tensors_1,sweep_32_to_4096_bf16,1,28,ttsim.ttnn.Op_29,TRUE,TRUE,MatMul,1,"{'compute_kernel_config': WormholeComputeKernelConfig(math_fidelity=<MathFidelity.HiFi4: 4>, math_approx_mode=False, dst_full_sync_en=False, fp32_dest_acc_en=False, packer_l1_acc=True), 'memory_config': <MemoryConfig.L1: 2>}","['ttsim.ttnn.Tensor_57', 'ttsim.ttnn.Tensor_58']",['ttsim.ttnn.Op_29.out'],ttsim.ttnn.Tensor_57[928x928]:float16;ttsim.ttnn.Tensor_58[928x928]:float16,ttsim.ttnn.Op_29.out[928x928]:float16,,,,FALSE,FALSE,,1722368,861184,3444736,1722368,{'mac': 799178752},0,1722368,861184,799178752,9033,14952,7476,50,MEM,60820,0.06082,76025,9033,0,0.076025,0.6,0,0,0,0,0,TRUE,HiFi4,76025
Wormhole,n150,1000,MATRIX,INT8,TTNN,Matmul2Tensors_1,sweep_32_to_4096_bf16,1,29,ttsim.ttnn.Op_30,TRUE,TRUE,MatMul,1,"{'compute_kernel_config': WormholeComputeKernelConfig(math_fidelity=<MathFidelity.LoFi: 1>, math_approx_mode=False, dst_full_sync_en=False, fp32_dest_acc_en=False, packer_l1_acc=True), 'memory_config': <MemoryConfig.L1: 2>}","['ttsim.ttnn.Tensor_59', 'ttsim.ttnn.Tensor_60']",['ttsim.ttnn.Op_30.out'],ttsim.ttnn.Tensor_59[960x960]:float16;ttsim.ttnn.Tensor_60[960x960]:float16,ttsim.ttnn.Op_30.out[960x960]:float16,,,,FALSE,FALSE,,1843200,921600,3686400,1843200,{'mac': 884736000},0,1843200,921600,884736000,10001,16000,8000,50,MEM,62117,0.062117,77646,10001,0,0.077646,0.6,0,0,0,0,0,TRUE,LoFi,77646
Wormhole,n150,1000,MATRIX,INT8,TTNN,Matmul2Tensors_1,sweep_32_to_4096_bf16,1,29,ttsim.ttnn.Op_30,TRUE,TRUE,MatMul,1,"{'compute_kernel_config': WormholeComputeKernelConfig(math_fidelity=<MathFidelity.HiFi2: 2>, math_approx_mode=False, dst_full_sync_en=False, fp32_dest_acc_en=False, packer_l1_acc=True), 'memory_config': <MemoryConfig.L1: 2>}","['ttsim.ttnn.Tensor_59', 'ttsim.ttnn.Tensor_60']",['ttsim.ttnn.Op_30.out'],ttsim.ttnn.Tensor_59[960x960]:float16;ttsim.ttnn.Tensor_60[960x960]:float16,ttsim.ttnn.Op_30.out[960x960]:float16,,,,FALSE,FALSE,,1843200,921600,3686400,1843200,{'mac': 884736000},0,1843200,921600,884736000,10001,16000,8000,50,MEM,62117,0.062117,77646,10001,0,0.077646,0.6,0,0,0,0,0,TRUE,HiFi2,77646
Wormhole,n150,1000,MATRIX,INT8,TTNN,Matmul2Tensors_1,sweep_32_to_4096_bf16,1,29,ttsim.ttnn.Op_30,TRUE,TRUE,MatMul,1,"{'compute_kernel_config': WormholeComputeKernelConfig(math_fidelity=<MathFidelity.HiFi4: 4>, math_approx_mode=False, dst_full_sync_en=False, fp32_dest_acc_en=False, packer_l1_acc=True), 'memory_config': <MemoryConfig.L1: 2>}","['ttsim.ttnn.Tensor_59', 'ttsim.ttnn.Tensor_60']",['ttsim.ttnn.Op_30.out'],ttsim.ttnn.Tensor_59[960x960]:float16;ttsim.ttnn.Tensor_60[960x960]:float16,ttsim.ttnn.Op_30.out[960x960]:float16,,,,FALSE,FALSE,,1843200,921600,3686400,1843200,{'mac': 884736000},0,1843200,921600,884736000,10001,16000,8000,50,MEM,62117,0.062117,77646,10001,0,0.077646,0.6,0,0,0,0,0,TRUE,HiFi4,77646
Wormhole,n150,1000,MATRIX,INT8,TTNN,Matmul2Tensors_1,sweep_32_to_4096_bf16,1,30,ttsim.ttnn.Op_31,TRUE,TRUE,MatMul,1,"{'compute_kernel_config': WormholeComputeKernelConfig(math_fidelity=<MathFidelity.LoFi: 1>, math_approx_mode=False, dst_full_sync_en=False, fp32_dest_acc_en=False, packer_l1_acc=True), 'memory_config': <MemoryConfig.L1: 2>}","['ttsim.ttnn.Tensor_61', 'ttsim.ttnn.Tensor_62']",['ttsim.ttnn.Op_31.out'],ttsim.ttnn.Tensor_61[992x992]:float16;ttsim.ttnn.Tensor_62[992x992]:float16,ttsim.ttnn.Op_31.out[992x992]:float16,,,,FALSE,FALSE,,1968128,984064,3936256,1968128,{'mac': 976191488},0,1968128,984064,976191488,11034,17085,8543,50,MEM,63415,0.063415,79268,11034,0,0.079267,0.6,0,0,0,0,0,TRUE,LoFi,79267
Wormhole,n150,1000,MATRIX,INT8,TTNN,Matmul2Tensors_1,sweep_32_to_4096_bf16,1,30,ttsim.ttnn.Op_31,TRUE,TRUE,MatMul,1,"{'compute_kernel_config': WormholeComputeKernelConfig(math_fidelity=<MathFidelity.HiFi2: 2>, math_approx_mode=False, dst_full_sync_en=False, fp32_dest_acc_en=False, packer_l1_acc=True), 'memory_config': <MemoryConfig.L1: 2>}","['ttsim.ttnn.Tensor_61', 'ttsim.ttnn.Tensor_62']",['ttsim.ttnn.Op_31.out'],ttsim.ttnn.Tensor_61[992x992]:float16;ttsim.ttnn.Tensor_62[992x992]:float16,ttsim.ttnn.Op_31.out[992x992]:float16,,,,FALSE,FALSE,,1968128,984064,3936256,1968128,{'mac': 976191488},0,1968128,984064,976191488,11034,17085,8543,50,MEM,63415,0.063415,79268,11034,0,0.079267,0.6,0,0,0,0,0,TRUE,HiFi2,79267
Wormhole,n150,1000,MATRIX,INT8,TTNN,Matmul2Tensors_1,sweep_32_to_4096_bf16,1,30,ttsim.ttnn.Op_31,TRUE,TRUE,MatMul,1,"{'compute_kernel_config': WormholeComputeKernelConfig(math_fidelity=<MathFidelity.HiFi4: 4>, math_approx_mode=False, dst_full_sync_en=False, fp32_dest_acc_en=False, packer_l1_acc=True), 'memory_config': <MemoryConfig.L1: 2>}","['ttsim.ttnn.Tensor_61', 'ttsim.ttnn.Tensor_62']",['ttsim.ttnn.Op_31.out'],ttsim.ttnn.Tensor_61[992x992]:float16;ttsim.ttnn.Tensor_62[992x992]:float16,ttsim.ttnn.Op_31.out[992x992]:float16,,,,FALSE,FALSE,,1968128,984064,3936256,1968128,{'mac': 976191488},0,1968128,984064,976191488,11034,17085,8543,50,MEM,63415,0.063415,79268,11034,0,0.079267,0.6,0,0,0,0,0,TRUE,HiFi4,79267
Wormhole,n150,1000,MATRIX,INT8,TTNN,Matmul2Tensors_1,sweep_32_to_4096_bf16,1,31,ttsim.ttnn.Op_32,TRUE,TRUE,MatMul,1,"{'compute_kernel_config': WormholeComputeKernelConfig(math_fidelity=<MathFidelity.LoFi: 1>, math_approx_mode=False, dst_full_sync_en=False, fp32_dest_acc_en=False, packer_l1_acc=True), 'memory_config': <MemoryConfig.L1: 2>}","['ttsim.ttnn.Tensor_63', 'ttsim.ttnn.Tensor_64']",['ttsim.ttnn.Op_32.out'],ttsim.ttnn.Tensor_63[1024x1024]:float16;ttsim.ttnn.Tensor_64[1024x1024]:float16,ttsim.ttnn.Op_32.out[1024x1024]:float16,,,,FALSE,FALSE,,2097152,1048576,4194304,2097152,{'mac': 1073741824},0,2097152,1048576,1073741824,12137,18205,9103,50,MEM,59523,0.059523,74403,12137,0,0.074403,0.6,0,0,0,0,0,TRUE,LoFi,74403
Wormhole,n150,1000,MATRIX,INT8,TTNN,Matmul2Tensors_1,sweep_32_to_4096_bf16,1,31,ttsim.ttnn.Op_32,TRUE,TRUE,MatMul,1,"{'compute_kernel_config': WormholeComputeKernelConfig(math_fidelity=<MathFidelity.HiFi2: 2>, math_approx_mode=False, dst_full_sync_en=False, fp32_dest_acc_en=False, packer_l1_acc=True), 'memory_config': <MemoryConfig.L1: 2>}","['ttsim.ttnn.Tensor_63', 'ttsim.ttnn.Tensor_64']",['ttsim.ttnn.Op_32.out'],ttsim.ttnn.Tensor_63[1024x1024]:float16;ttsim.ttnn.Tensor_64[1024x1024]:float16,ttsim.ttnn.Op_32.out[1024x1024]:float16,,,,FALSE,FALSE,,2097152,1048576,4194304,2097152,{'mac': 1073741824},0,2097152,1048576,1073741824,12137,18205,9103,50,MEM,59523,0.059523,74403,12137,0,0.074403,0.6,0,0,0,0,0,TRUE,HiFi2,74403
Wormhole,n150,1000,MATRIX,INT8,TTNN,Matmul2Tensors_1,sweep_32_to_4096_bf16,1,31,ttsim.ttnn.Op_32,TRUE,TRUE,MatMul,1,"{'compute_kernel_config': WormholeComputeKernelConfig(math_fidelity=<MathFidelity.HiFi4: 4>, math_approx_mode=False, dst_full_sync_en=False, fp32_dest_acc_en=False, packer_l1_acc=True), 'memory_config': <MemoryConfig.L1: 2>}","['ttsim.ttnn.Tensor_63', 'ttsim.ttnn.Tensor_64']",['ttsim.ttnn.Op_32.out'],ttsim.ttnn.Tensor_63[1024x1024]:float16;ttsim.ttnn.Tensor_64[1024x1024]:float16,ttsim.ttnn.Op_32.out[1024x1024]:float16,,,,FALSE,FALSE,,2097152,1048576,4194304,2097152,{'mac': 1073741824},0,2097152,1048576,1073741824,12137,18205,9103,50,MEM,59523,0.059523,74403,12137,0,0.074403,0.6,0,0,0,0,0,TRUE,HiFi4,74403
Wormhole,n150,1000,MATRIX,INT8,TTNN,Matmul2Tensors_1,sweep_32_to_4096_bf16,1,32,ttsim.ttnn.Op_33,TRUE,TRUE,MatMul,1,"{'compute_kernel_config': WormholeComputeKernelConfig(math_fidelity=<MathFidelity.LoFi: 1>, math_approx_mode=False, dst_full_sync_en=False, fp32_dest_acc_en=False, packer_l1_acc=True), 'memory_config': <MemoryConfig.L1: 2>}","['ttsim.ttnn.Tensor_65', 'ttsim.ttnn.Tensor_66']",['ttsim.ttnn.Op_33.out'],ttsim.ttnn.Tensor_65[1056x1056]:float16;ttsim.ttnn.Tensor_66[1056x1056]:float16,ttsim.ttnn.Op_33.out[1056x1056]:float16,,,,FALSE,FALSE,,2230272,1115136,4460544,2230272,{'mac': 1177583616},0,2230272,1115136,1177583616,13311,19360,9680,50,MEM,98679,0.098679,123348,13311,0,0.123348,0.6,0,0,0,0,0,TRUE,LoFi,123348
Wormhole,n150,1000,MATRIX,INT8,TTNN,Matmul2Tensors_1,sweep_32_to_4096_bf16,1,32,ttsim.ttnn.Op_33,TRUE,TRUE,MatMul,1,"{'compute_kernel_config': WormholeComputeKernelConfig(math_fidelity=<MathFidelity.HiFi2: 2>, math_approx_mode=False, dst_full_sync_en=False, fp32_dest_acc_en=False, packer_l1_acc=True), 'memory_config': <MemoryConfig.L1: 2>}","['ttsim.ttnn.Tensor_65', 'ttsim.ttnn.Tensor_66']",['ttsim.ttnn.Op_33.out'],ttsim.ttnn.Tensor_65[1056x1056]:float16;ttsim.ttnn.Tensor_66[1056x1056]:float16,ttsim.ttnn.Op_33.out[1056x1056]:float16,,,,FALSE,FALSE,,2230272,1115136,4460544,2230272,{'mac': 1177583616},0,2230272,1115136,1177583616,13311,19360,9680,50,MEM,98679,0.098679,123348,13311,0,0.123348,0.6,0,0,0,0,0,TRUE,HiFi2,123348
Wormhole,n150,1000,MATRIX,INT8,TTNN,Matmul2Tensors_1,sweep_32_to_4096_bf16,1,32,ttsim.ttnn.Op_33,TRUE,TRUE,MatMul,1,"{'compute_kernel_config': WormholeComputeKernelConfig(math_fidelity=<MathFidelity.HiFi4: 4>, math_approx_mode=False, dst_full_sync_en=False, fp32_dest_acc_en=False, packer_l1_acc=True), 'memory_config': <MemoryConfig.L1: 2>}","['ttsim.ttnn.Tensor_65', 'ttsim.ttnn.Tensor_66']",['ttsim.ttnn.Op_33.out'],ttsim.ttnn.Tensor_65[1056x1056]:float16;ttsim.ttnn.Tensor_66[1056x1056]:float16,ttsim.ttnn.Op_33.out[1056x1056]:float16,,,,FALSE,FALSE,,2230272,1115136,4460544,2230272,{'mac': 1177583616},0,2230272,1115136,1177583616,13311,19360,9680,50,MEM,98679,0.098679,123348,13311,0,0.123348,0.6,0,0,0,0,0,TRUE,HiFi4,123348
Wormhole,n150,1000,MATRIX,INT8,TTNN,Matmul2Tensors_1,sweep_32_to_4096_bf16,1,33,ttsim.ttnn.Op_34,TRUE,TRUE,MatMul,1,"{'compute_kernel_config': WormholeComputeKernelConfig(math_fidelity=<MathFidelity.LoFi: 1>, math_approx_mode=False, dst_full_sync_en=False, fp32_dest_acc_en=False, packer_l1_acc=True), 'memory_config': <MemoryConfig.L1: 2>}","['ttsim.ttnn.Tensor_67', 'ttsim.ttnn.Tensor_68']",['ttsim.ttnn.Op_34.out'],ttsim.ttnn.Tensor_67[1088x1088]:float16;ttsim.ttnn.Tensor_68[1088x1088]:float16,ttsim.ttnn.Op_34.out[1088x1088]:float16,,,,FALSE,FALSE,,2367488,1183744,4734976,2367488,{'mac': 1287913472},0,2367488,1183744,1287913472,14558,20552,10276,50,MEM,100570,0.10057,125712,14558,0,0.125712,0.6,0,0,0,0,0,TRUE,LoFi,125712
Wormhole,n150,1000,MATRIX,INT8,TTNN,Matmul2Tensors_1,sweep_32_to_4096_bf16,1,33,ttsim.ttnn.Op_34,TRUE,TRUE,MatMul,1,"{'compute_kernel_config': WormholeComputeKernelConfig(math_fidelity=<MathFidelity.HiFi2: 2>, math_approx_mode=False, dst_full_sync_en=False, fp32_dest_acc_en=False, packer_l1_acc=True), 'memory_config': <MemoryConfig.L1: 2>}","['ttsim.ttnn.Tensor_67', 'ttsim.ttnn.Tensor_68']",['ttsim.ttnn.Op_34.out'],ttsim.ttnn.Tensor_67[1088x1088]:float16;ttsim.ttnn.Tensor_68[1088x1088]:float16,ttsim.ttnn.Op_34.out[1088x1088]:float16,,,,FALSE,FALSE,,2367488,1183744,4734976,2367488,{'mac': 1287913472},0,2367488,1183744,1287913472,14558,20552,10276,50,MEM,100570,0.10057,125712,14558,0,0.125712,0.6,0,0,0,0,0,TRUE,HiFi2,125712
Wormhole,n150,1000,MATRIX,INT8,TTNN,Matmul2Tensors_1,sweep_32_to_4096_bf16,1,33,ttsim.ttnn.Op_34,TRUE,TRUE,MatMul,1,"{'compute_kernel_config': WormholeComputeKernelConfig(math_fidelity=<MathFidelity.HiFi4: 4>, math_approx_mode=False, dst_full_sync_en=False, fp32_dest_acc_en=False, packer_l1_acc=True), 'memory_config': <MemoryConfig.L1: 2>}","['ttsim.ttnn.Tensor_67', 'ttsim.ttnn.Tensor_68']",['ttsim.ttnn.Op_34.out'],ttsim.ttnn.Tensor_67[1088x1088]:float16;ttsim.ttnn.Tensor_68[1088x1088]:float16,ttsim.ttnn.Op_34.out[1088x1088]:float16,,,,FALSE,FALSE,,2367488,1183744,4734976,2367488,{'mac': 1287913472},0,2367488,1183744,1287913472,14558,20552,10276,50,MEM,100570,0.10057,125712,14558,0,0.125712,0.6,0,0,0,0,0,TRUE,HiFi4,125712
Wormhole,n150,1000,MATRIX,INT8,TTNN,Matmul2Tensors_1,sweep_32_to_4096_bf16,1,34,ttsim.ttnn.Op_35,TRUE,TRUE,MatMul,1,"{'compute_kernel_config': WormholeComputeKernelConfig(math_fidelity=<MathFidelity.LoFi: 1>, math_approx_mode=False, dst_full_sync_en=False, fp32_dest_acc_en=False, packer_l1_acc=True), 'memory_config': <MemoryConfig.L1: 2>}","['ttsim.ttnn.Tensor_69', 'ttsim.ttnn.Tensor_70']",['ttsim.ttnn.Op_35.out'],ttsim.ttnn.Tensor_69[1120x1120]:float16;ttsim.ttnn.Tensor_70[1120x1120]:float16,ttsim.ttnn.Op_35.out[1120x1120]:float16,,,,FALSE,FALSE,,2508800,1254400,5017600,2508800,{'mac': 1404928000},0,2508800,1254400,1404928000,15880,21778,10889,50,MEM,93004,0.093004,116255,15880,0,0.116255,0.6,0,0,0,0,0,TRUE,LoFi,116255
Wormhole,n150,1000,MATRIX,INT8,TTNN,Matmul2Tensors_1,sweep_32_to_4096_bf16,1,34,ttsim.ttnn.Op_35,TRUE,TRUE,MatMul,1,"{'compute_kernel_config': WormholeComputeKernelConfig(math_fidelity=<MathFidelity.HiFi2: 2>, math_approx_mode=False, dst_full_sync_en=False, fp32_dest_acc_en=False, packer_l1_acc=True), 'memory_config': <MemoryConfig.L1: 2>}","['ttsim.ttnn.Tensor_69', 'ttsim.ttnn.Tensor_70']",['ttsim.ttnn.Op_35.out'],ttsim.ttnn.Tensor_69[1120x1120]:float16;ttsim.ttnn.Tensor_70[1120x1120]:float16,ttsim.ttnn.Op_35.out[1120x1120]:float16,,,,FALSE,FALSE,,2508800,1254400,5017600,2508800,{'mac': 1404928000},0,2508800,1254400,1404928000,15880,21778,10889,50,MEM,93004,0.093004,116255,15880,0,0.116255,0.6,0,0,0,0,0,TRUE,HiFi2,116255
Wormhole,n150,1000,MATRIX,INT8,TTNN,Matmul2Tensors_1,sweep_32_to_4096_bf16,1,34,ttsim.ttnn.Op_35,TRUE,TRUE,MatMul,1,"{'compute_kernel_config': WormholeComputeKernelConfig(math_fidelity=<MathFidelity.HiFi4: 4>, math_approx_mode=False, dst_full_sync_en=False, fp32_dest_acc_en=False, packer_l1_acc=True), 'memory_config': <MemoryConfig.L1: 2>}","['ttsim.ttnn.Tensor_69', 'ttsim.ttnn.Tensor_70']",['ttsim.ttnn.Op_35.out'],ttsim.ttnn.Tensor_69[1120x1120]:float16;ttsim.ttnn.Tensor_70[1120x1120]:float16,ttsim.ttnn.Op_35.out[1120x1120]:float16,,,,FALSE,FALSE,,2508800,1254400,5017600,2508800,{'mac': 1404928000},0,2508800,1254400,1404928000,15880,21778,10889,50,MEM,93004,0.093004,116255,15880,0,0.116255,0.6,0,0,0,0,0,TRUE,HiFi4,116255
Wormhole,n150,1000,MATRIX,INT8,TTNN,Matmul2Tensors_1,sweep_32_to_4096_bf16,1,35,ttsim.ttnn.Op_36,TRUE,TRUE,MatMul,1,"{'compute_kernel_config': WormholeComputeKernelConfig(math_fidelity=<MathFidelity.LoFi: 1>, math_approx_mode=False, dst_full_sync_en=False, fp32_dest_acc_en=False, packer_l1_acc=True), 'memory_config': <MemoryConfig.L1: 2>}","['ttsim.ttnn.Tensor_71', 'ttsim.ttnn.Tensor_72']",['ttsim.ttnn.Op_36.out'],ttsim.ttnn.Tensor_71[1152x1152]:float16;ttsim.ttnn.Tensor_72[1152x1152]:float16,ttsim.ttnn.Op_36.out[1152x1152]:float16,,,,FALSE,FALSE,,2654208,1327104,5308416,2654208,{'mac': 1528823808},0,2654208,1327104,1528823808,17280,23040,11520,50,MEM,94626,0.094626,118282,17280,0,0.118282,0.6,0,0,0,0,0,TRUE,LoFi,118282
Wormhole,n150,1000,MATRIX,INT8,TTNN,Matmul2Tensors_1,sweep_32_to_4096_bf16,1,35,ttsim.ttnn.Op_36,TRUE,TRUE,MatMul,1,"{'compute_kernel_config': WormholeComputeKernelConfig(math_fidelity=<MathFidelity.HiFi2: 2>, math_approx_mode=False, dst_full_sync_en=False, fp32_dest_acc_en=False, packer_l1_acc=True), 'memory_config': <MemoryConfig.L1: 2>}","['ttsim.ttnn.Tensor_71', 'ttsim.ttnn.Tensor_72']",['ttsim.ttnn.Op_36.out'],ttsim.ttnn.Tensor_71[1152x1152]:float16;ttsim.ttnn.Tensor_72[1152x1152]:float16,ttsim.ttnn.Op_36.out[1152x1152]:float16,,,,FALSE,FALSE,,2654208,1327104,5308416,2654208,{'mac': 1528823808},0,2654208,1327104,1528823808,17280,23040,11520,50,MEM,94626,0.094626,118282,17280,0,0.118282,0.6,0,0,0,0,0,TRUE,HiFi2,118282
Wormhole,n150,1000,MATRIX,INT8,TTNN,Matmul2Tensors_1,sweep_32_to_4096_bf16,1,35,ttsim.ttnn.Op_36,TRUE,TRUE,MatMul,1,"{'compute_kernel_config': WormholeComputeKernelConfig(math_fidelity=<MathFidelity.HiFi4: 4>, math_approx_mode=False, dst_full_sync_en=False, fp32_dest_acc_en=False, packer_l1_acc=True), 'memory_config': <MemoryConfig.L1: 2>}","['ttsim.ttnn.Tensor_71', 'ttsim.ttnn.Tensor_72']",['ttsim.ttnn.Op_36.out'],ttsim.ttnn.Tensor_71[1152x1152]:float16;ttsim.ttnn.Tensor_72[1152x1152]:float16,ttsim.ttnn.Op_36.out[1152x1152]:float16,,,,FALSE,FALSE,,2654208,1327104,5308416,2654208,{'mac': 1528823808},0,2654208,1327104,1528823808,17280,23040,11520,50,MEM,94626,0.094626,118282,17280,0,0.118282,0.6,0,0,0,0,0,TRUE,HiFi4,118282
Wormhole,n150,1000,MATRIX,INT8,TTNN,Matmul2Tensors_1,sweep_32_to_4096_bf16,1,36,ttsim.ttnn.Op_37,TRUE,TRUE,MatMul,1,"{'compute_kernel_config': WormholeComputeKernelConfig(math_fidelity=<MathFidelity.LoFi: 1>, math_approx_mode=False, dst_full_sync_en=False, fp32_dest_acc_en=False, packer_l1_acc=True), 'memory_config': <MemoryConfig.L1: 2>}","['ttsim.ttnn.Tensor_73', 'ttsim.ttnn.Tensor_74']",['ttsim.ttnn.Op_37.out'],ttsim.ttnn.Tensor_73[1184x1184]:float16;ttsim.ttnn.Tensor_74[1184x1184]:float16,ttsim.ttnn.Op_37.out[1184x1184]:float16,,,,FALSE,FALSE,,2803712,1401856,5607424,2803712,{'mac': 1659797504},0,2803712,1401856,1659797504,18761,24338,12169,50,MEM,96247,0.096247,120308,18761,0,0.120308,0.6,0,0,0,0,0,TRUE,LoFi,120308
Wormhole,n150,1000,MATRIX,INT8,TTNN,Matmul2Tensors_1,sweep_32_to_4096_bf16,1,36,ttsim.ttnn.Op_37,TRUE,TRUE,MatMul,1,"{'compute_kernel_config': WormholeComputeKernelConfig(math_fidelity=<MathFidelity.HiFi2: 2>, math_approx_mode=False, dst_full_sync_en=False, fp32_dest_acc_en=False, packer_l1_acc=True), 'memory_config': <MemoryConfig.L1: 2>}","['ttsim.ttnn.Tensor_73', 'ttsim.ttnn.Tensor_74']",['ttsim.ttnn.Op_37.out'],ttsim.ttnn.Tensor_73[1184x1184]:float16;ttsim.ttnn.Tensor_74[1184x1184]:float16,ttsim.ttnn.Op_37.out[1184x1184]:float16,,,,FALSE,FALSE,,2803712,1401856,5607424,2803712,{'mac': 1659797504},0,2803712,1401856,1659797504,18761,24338,12169,50,MEM,96247,0.096247,120308,18761,0,0.120308,0.6,0,0,0,0,0,TRUE,HiFi2,120308
Wormhole,n150,1000,MATRIX,INT8,TTNN,Matmul2Tensors_1,sweep_32_to_4096_bf16,1,36,ttsim.ttnn.Op_37,TRUE,TRUE,MatMul,1,"{'compute_kernel_config': WormholeComputeKernelConfig(math_fidelity=<MathFidelity.HiFi4: 4>, math_approx_mode=False, dst_full_sync_en=False, fp32_dest_acc_en=False, packer_l1_acc=True), 'memory_config': <MemoryConfig.L1: 2>}","['ttsim.ttnn.Tensor_73', 'ttsim.ttnn.Tensor_74']",['ttsim.ttnn.Op_37.out'],ttsim.ttnn.Tensor_73[1184x1184]:float16;ttsim.ttnn.Tensor_74[1184x1184]:float16,ttsim.ttnn.Op_37.out[1184x1184]:float16,,,,FALSE,FALSE,,2803712,1401856,5607424,2803712,{'mac': 1659797504},0,2803712,1401856,1659797504,18761,24338,12169,50,MEM,96247,0.096247,120308,18761,0,0.120308,0.6,0,0,0,0,0,TRUE,HiFi4,120308
Wormhole,n150,1000,MATRIX,INT8,TTNN,Matmul2Tensors_1,sweep_32_to_4096_bf16,1,37,ttsim.ttnn.Op_38,TRUE,TRUE,MatMul,1,"{'compute_kernel_config': WormholeComputeKernelConfig(math_fidelity=<MathFidelity.LoFi: 1>, math_approx_mode=False, dst_full_sync_en=False, fp32_dest_acc_en=False, packer_l1_acc=True), 'memory_config': <MemoryConfig.L1: 2>}","['ttsim.ttnn.Tensor_75', 'ttsim.ttnn.Tensor_76']",['ttsim.ttnn.Op_38.out'],ttsim.ttnn.Tensor_75[1216x1216]:float16;ttsim.ttnn.Tensor_76[1216x1216]:float16,ttsim.ttnn.Op_38.out[1216x1216]:float16,,,,FALSE,FALSE,,2957312,1478656,5914624,2957312,{'mac': 1798045696},0,2957312,1478656,1798045696,20323,25672,12836,50,MEM,97868,0.097868,122335,20323,0,0.122335,0.6,0,0,0,0,0,TRUE,LoFi,122335
Wormhole,n150,1000,MATRIX,INT8,TTNN,Matmul2Tensors_1,sweep_32_to_4096_bf16,1,37,ttsim.ttnn.Op_38,TRUE,TRUE,MatMul,1,"{'compute_kernel_config': WormholeComputeKernelConfig(math_fidelity=<MathFidelity.HiFi2: 2>, math_approx_mode=False, dst_full_sync_en=False, fp32_dest_acc_en=False, packer_l1_acc=True), 'memory_config': <MemoryConfig.L1: 2>}","['ttsim.ttnn.Tensor_75', 'ttsim.ttnn.Tensor_76']",['ttsim.ttnn.Op_38.out'],ttsim.ttnn.Tensor_75[1216x1216]:float16;ttsim.ttnn.Tensor_76[1216x1216]:float16,ttsim.ttnn.Op_38.out[1216x1216]:float16,,,,FALSE,FALSE,,2957312,1478656,5914624,2957312,{'mac': 1798045696},0,2957312,1478656,1798045696,20323,25672,12836,50,MEM,97868,0.097868,122335,20323,0,0.122335,0.6,0,0,0,0,0,TRUE,HiFi2,122335
Wormhole,n150,1000,MATRIX,INT8,TTNN,Matmul2Tensors_1,sweep_32_to_4096_bf16,1,37,ttsim.ttnn.Op_38,TRUE,TRUE,MatMul,1,"{'compute_kernel_config': WormholeComputeKernelConfig(math_fidelity=<MathFidelity.HiFi4: 4>, math_approx_mode=False, dst_full_sync_en=False, fp32_dest_acc_en=False, packer_l1_acc=True), 'memory_config': <MemoryConfig.L1: 2>}","['ttsim.ttnn.Tensor_75', 'ttsim.ttnn.Tensor_76']",['ttsim.ttnn.Op_38.out'],ttsim.ttnn.Tensor_75[1216x1216]:float16;ttsim.ttnn.Tensor_76[1216x1216]:float16,ttsim.ttnn.Op_38.out[1216x1216]:float16,,,,FALSE,FALSE,,2957312,1478656,5914624,2957312,{'mac': 1798045696},0,2957312,1478656,1798045696,20323,25672,12836,50,MEM,97868,0.097868,122335,20323,0,0.122335,0.6,0,0,0,0,0,TRUE,HiFi4,122335
Wormhole,n150,1000,MATRIX,INT8,TTNN,Matmul2Tensors_1,sweep_32_to_4096_bf16,1,38,ttsim.ttnn.Op_39,TRUE,TRUE,MatMul,1,"{'compute_kernel_config': WormholeComputeKernelConfig(math_fidelity=<MathFidelity.LoFi: 1>, math_approx_mode=False, dst_full_sync_en=False, fp32_dest_acc_en=False, packer_l1_acc=True), 'memory_config': <MemoryConfig.L1: 2>}","['ttsim.ttnn.Tensor_77', 'ttsim.ttnn.Tensor_78']",['ttsim.ttnn.Op_39.out'],ttsim.ttnn.Tensor_77[1248x1248]:float16;ttsim.ttnn.Tensor_78[1248x1248]:float16,ttsim.ttnn.Op_39.out[1248x1248]:float16,,,,FALSE,FALSE,,3115008,1557504,6230016,3115008,{'mac': 1943764992},0,3115008,1557504,1943764992,21971,27040,13520,50,MEM,99489,0.099489,124361,21971,0,0.124361,0.6,0,0,0,0,0,TRUE,LoFi,124361
Wormhole,n150,1000,MATRIX,INT8,TTNN,Matmul2Tensors_1,sweep_32_to_4096_bf16,1,38,ttsim.ttnn.Op_39,TRUE,TRUE,MatMul,1,"{'compute_kernel_config': WormholeComputeKernelConfig(math_fidelity=<MathFidelity.HiFi2: 2>, math_approx_mode=False, dst_full_sync_en=False, fp32_dest_acc_en=False, packer_l1_acc=True), 'memory_config': <MemoryConfig.L1: 2>}","['ttsim.ttnn.Tensor_77', 'ttsim.ttnn.Tensor_78']",['ttsim.ttnn.Op_39.out'],ttsim.ttnn.Tensor_77[1248x1248]:float16;ttsim.ttnn.Tensor_78[1248x1248]:float16,ttsim.ttnn.Op_39.out[1248x1248]:float16,,,,FALSE,FALSE,,3115008,1557504,6230016,3115008,{'mac': 1943764992},0,3115008,1557504,1943764992,21971,27040,13520,50,MEM,99489,0.099489,124361,21971,0,0.124361,0.6,0,0,0,0,0,TRUE,HiFi2,124361
Wormhole,n150,1000,MATRIX,INT8,TTNN,Matmul2Tensors_1,sweep_32_to_4096_bf16,1,38,ttsim.ttnn.Op_39,TRUE,TRUE,MatMul,1,"{'compute_kernel_config': WormholeComputeKernelConfig(math_fidelity=<MathFidelity.HiFi4: 4>, math_approx_mode=False, dst_full_sync_en=False, fp32_dest_acc_en=False, packer_l1_acc=True), 'memory_config': <MemoryConfig.L1: 2>}","['ttsim.ttnn.Tensor_77', 'ttsim.ttnn.Tensor_78']",['ttsim.ttnn.Op_39.out'],ttsim.ttnn.Tensor_77[1248x1248]:float16;ttsim.ttnn.Tensor_78[1248x1248]:float16,ttsim.ttnn.Op_39.out[1248x1248]:float16,,,,FALSE,FALSE,,3115008,1557504,6230016,3115008,{'mac': 1943764992},0,3115008,1557504,1943764992,21971,27040,13520,50,MEM,99489,0.099489,124361,21971,0,0.124361,0.6,0,0,0,0,0,TRUE,HiFi4,124361
Wormhole,n150,1000,MATRIX,INT8,TTNN,Matmul2Tensors_1,sweep_32_to_4096_bf16,1,39,ttsim.ttnn.Op_40,TRUE,TRUE,MatMul,1,"{'compute_kernel_config': WormholeComputeKernelConfig(math_fidelity=<MathFidelity.LoFi: 1>, math_approx_mode=False, dst_full_sync_en=False, fp32_dest_acc_en=False, packer_l1_acc=True), 'memory_config': <MemoryConfig.L1: 2>}","['ttsim.ttnn.Tensor_79', 'ttsim.ttnn.Tensor_80']",['ttsim.ttnn.Op_40.out'],ttsim.ttnn.Tensor_79[1280x1280]:float16;ttsim.ttnn.Tensor_80[1280x1280]:float16,ttsim.ttnn.Op_40.out[1280x1280]:float16,,,,FALSE,FALSE,,3276800,1638400,6553600,3276800,{'mac': 2097152000},0,3276800,1638400,2097152000,23704,28445,14223,50,MEM,93004,0.093004,116255,23704,0,0.116255,0.6,0,0,0,0,0,TRUE,LoFi,116255
Wormhole,n150,1000,MATRIX,INT8,TTNN,Matmul2Tensors_1,sweep_32_to_4096_bf16,1,39,ttsim.ttnn.Op_40,TRUE,TRUE,MatMul,1,"{'compute_kernel_config': WormholeComputeKernelConfig(math_fidelity=<MathFidelity.HiFi2: 2>, math_approx_mode=False, dst_full_sync_en=False, fp32_dest_acc_en=False, packer_l1_acc=True), 'memory_config': <MemoryConfig.L1: 2>}","['ttsim.ttnn.Tensor_79', 'ttsim.ttnn.Tensor_80']",['ttsim.ttnn.Op_40.out'],ttsim.ttnn.Tensor_79[1280x1280]:float16;ttsim.ttnn.Tensor_80[1280x1280]:float16,ttsim.ttnn.Op_40.out[1280x1280]:float16,,,,FALSE,FALSE,,3276800,1638400,6553600,3276800,{'mac': 2097152000},0,3276800,1638400,2097152000,23704,28445,14223,50,MEM,93004,0.093004,116255,23704,0,0.116255,0.6,0,0,0,0,0,TRUE,HiFi2,116255
Wormhole,n150,1000,MATRIX,INT8,TTNN,Matmul2Tensors_1,sweep_32_to_4096_bf16,1,39,ttsim.ttnn.Op_40,TRUE,TRUE,MatMul,1,"{'compute_kernel_config': WormholeComputeKernelConfig(math_fidelity=<MathFidelity.HiFi4: 4>, math_approx_mode=False, dst_full_sync_en=False, fp32_dest_acc_en=False, packer_l1_acc=True), 'memory_config': <MemoryConfig.L1: 2>}","['ttsim.ttnn.Tensor_79', 'ttsim.ttnn.Tensor_80']",['ttsim.ttnn.Op_40.out'],ttsim.ttnn.Tensor_79[1280x1280]:float16;ttsim.ttnn.Tensor_80[1280x1280]:float16,ttsim.ttnn.Op_40.out[1280x1280]:float16,,,,FALSE,FALSE,,3276800,1638400,6553600,3276800,{'mac': 2097152000},0,3276800,1638400,2097152000,23704,28445,14223,50,MEM,93004,0.093004,116255,23704,0,0.116255,0.6,0,0,0,0,0,TRUE,HiFi4,116255
Wormhole,n150,1000,MATRIX,INT8,TTNN,Matmul2Tensors_1,sweep_32_to_4096_bf16,1,40,ttsim.ttnn.Op_41,TRUE,TRUE,MatMul,1,"{'compute_kernel_config': WormholeComputeKernelConfig(math_fidelity=<MathFidelity.LoFi: 1>, math_approx_mode=False, dst_full_sync_en=False, fp32_dest_acc_en=False, packer_l1_acc=True), 'memory_config': <MemoryConfig.L1: 2>}","['ttsim.ttnn.Tensor_81', 'ttsim.ttnn.Tensor_82']",['ttsim.ttnn.Op_41.out'],ttsim.ttnn.Tensor_81[1312x1312]:float16;ttsim.ttnn.Tensor_82[1312x1312]:float16,ttsim.ttnn.Op_41.out[1312x1312]:float16,,,,FALSE,FALSE,,3442688,1721344,6885376,3442688,{'mac': 2258403328},0,3442688,1721344,2258403328,25527,29885,14943,50,MEM,145276,0.145276,181594,25527,0,0.181593,0.6,0,0,0,0,0,TRUE,LoFi,181593
Wormhole,n150,1000,MATRIX,INT8,TTNN,Matmul2Tensors_1,sweep_32_to_4096_bf16,1,40,ttsim.ttnn.Op_41,TRUE,TRUE,MatMul,1,"{'compute_kernel_config': WormholeComputeKernelConfig(math_fidelity=<MathFidelity.HiFi2: 2>, math_approx_mode=False, dst_full_sync_en=False, fp32_dest_acc_en=False, packer_l1_acc=True), 'memory_config': <MemoryConfig.L1: 2>}","['ttsim.ttnn.Tensor_81', 'ttsim.ttnn.Tensor_82']",['ttsim.ttnn.Op_41.out'],ttsim.ttnn.Tensor_81[1312x1312]:float16;ttsim.ttnn.Tensor_82[1312x1312]:float16,ttsim.ttnn.Op_41.out[1312x1312]:float16,,,,FALSE,FALSE,,3442688,1721344,6885376,3442688,{'mac': 2258403328},0,3442688,1721344,2258403328,25527,29885,14943,50,MEM,145276,0.145276,181594,25527,0,0.181593,0.6,0,0,0,0,0,TRUE,HiFi2,181593
Wormhole,n150,1000,MATRIX,INT8,TTNN,Matmul2Tensors_1,sweep_32_to_4096_bf16,1,40,ttsim.ttnn.Op_41,TRUE,TRUE,MatMul,1,"{'compute_kernel_config': WormholeComputeKernelConfig(math_fidelity=<MathFidelity.HiFi4: 4>, math_approx_mode=False, dst_full_sync_en=False, fp32_dest_acc_en=False, packer_l1_acc=True), 'memory_config': <MemoryConfig.L1: 2>}","['ttsim.ttnn.Tensor_81', 'ttsim.ttnn.Tensor_82']",['ttsim.ttnn.Op_41.out'],ttsim.ttnn.Tensor_81[1312x1312]:float16;ttsim.ttnn.Tensor_82[1312x1312]:float16,ttsim.ttnn.Op_41.out[1312x1312]:float16,,,,FALSE,FALSE,,3442688,1721344,6885376,3442688,{'mac': 2258403328},0,3442688,1721344,2258403328,25527,29885,14943,50,MEM,145276,0.145276,181594,25527,0,0.181593,0.6,0,0,0,0,0,TRUE,HiFi4,181593
Wormhole,n150,1000,MATRIX,INT8,TTNN,Matmul2Tensors_1,sweep_32_to_4096_bf16,1,41,ttsim.ttnn.Op_42,TRUE,TRUE,MatMul,1,"{'compute_kernel_config': WormholeComputeKernelConfig(math_fidelity=<MathFidelity.LoFi: 1>, math_approx_mode=False, dst_full_sync_en=False, fp32_dest_acc_en=False, packer_l1_acc=True), 'memory_config': <MemoryConfig.L1: 2>}","['ttsim.ttnn.Tensor_83', 'ttsim.ttnn.Tensor_84']",['ttsim.ttnn.Op_42.out'],ttsim.ttnn.Tensor_83[1344x1344]:float16;ttsim.ttnn.Tensor_84[1344x1344]:float16,ttsim.ttnn.Op_42.out[1344x1344]:float16,,,,FALSE,FALSE,,3612672,1806336,7225344,3612672,{'mac': 2427715584},0,3612672,1806336,2427715584,27441,31360,15680,50,MEM,133928,0.133928,167409,27441,0,0.167408,0.6,0,0,0,0,0,TRUE,LoFi,167408
Wormhole,n150,1000,MATRIX,INT8,TTNN,Matmul2Tensors_1,sweep_32_to_4096_bf16,1,41,ttsim.ttnn.Op_42,TRUE,TRUE,MatMul,1,"{'compute_kernel_config': WormholeComputeKernelConfig(math_fidelity=<MathFidelity.HiFi2: 2>, math_approx_mode=False, dst_full_sync_en=False, fp32_dest_acc_en=False, packer_l1_acc=True), 'memory_config': <MemoryConfig.L1: 2>}","['ttsim.ttnn.Tensor_83', 'ttsim.ttnn.Tensor_84']",['ttsim.ttnn.Op_42.out'],ttsim.ttnn.Tensor_83[1344x1344]:float16;ttsim.ttnn.Tensor_84[1344x1344]:float16,ttsim.ttnn.Op_42.out[1344x1344]:float16,,,,FALSE,FALSE,,3612672,1806336,7225344,3612672,{'mac': 2427715584},0,3612672,1806336,2427715584,27441,31360,15680,50,MEM,133928,0.133928,167409,27441,0,0.167408,0.6,0,0,0,0,0,TRUE,HiFi2,167408
Wormhole,n150,1000,MATRIX,INT8,TTNN,Matmul2Tensors_1,sweep_32_to_4096_bf16,1,41,ttsim.ttnn.Op_42,TRUE,TRUE,MatMul,1,"{'compute_kernel_config': WormholeComputeKernelConfig(math_fidelity=<MathFidelity.HiFi4: 4>, math_approx_mode=False, dst_full_sync_en=False, fp32_dest_acc_en=False, packer_l1_acc=True), 'memory_config': <MemoryConfig.L1: 2>}","['ttsim.ttnn.Tensor_83', 'ttsim.ttnn.Tensor_84']",['ttsim.ttnn.Op_42.out'],ttsim.ttnn.Tensor_83[1344x1344]:float16;ttsim.ttnn.Tensor_84[1344x1344]:float16,ttsim.ttnn.Op_42.out[1344x1344]:float16,,,,FALSE,FALSE,,3612672,1806336,7225344,3612672,{'mac': 2427715584},0,3612672,1806336,2427715584,27441,31360,15680,50,MEM,133928,0.133928,167409,27441,0,0.167408,0.6,0,0,0,0,0,TRUE,HiFi4,167408
Wormhole,n150,1000,MATRIX,INT8,TTNN,Matmul2Tensors_1,sweep_32_to_4096_bf16,1,42,ttsim.ttnn.Op_43,TRUE,TRUE,MatMul,1,"{'compute_kernel_config': WormholeComputeKernelConfig(math_fidelity=<MathFidelity.LoFi: 1>, math_approx_mode=False, dst_full_sync_en=False, fp32_dest_acc_en=False, packer_l1_acc=True), 'memory_config': <MemoryConfig.L1: 2>}","['ttsim.ttnn.Tensor_85', 'ttsim.ttnn.Tensor_86']",['ttsim.ttnn.Op_43.out'],ttsim.ttnn.Tensor_85[1376x1376]:float16;ttsim.ttnn.Tensor_86[1376x1376]:float16,ttsim.ttnn.Op_43.out[1376x1376]:float16,,,,FALSE,FALSE,,3786752,1893376,7573504,3786752,{'mac': 2605285376},0,3786752,1893376,2605285376,29448,32872,16436,50,MEM,135872,0.135872,169840,29448,0,0.16984,0.6,0,0,0,0,0,TRUE,LoFi,169840
Wormhole,n150,1000,MATRIX,INT8,TTNN,Matmul2Tensors_1,sweep_32_to_4096_bf16,1,42,ttsim.ttnn.Op_43,TRUE,TRUE,MatMul,1,"{'compute_kernel_config': WormholeComputeKernelConfig(math_fidelity=<MathFidelity.HiFi2: 2>, math_approx_mode=False, dst_full_sync_en=False, fp32_dest_acc_en=False, packer_l1_acc=True), 'memory_config': <MemoryConfig.L1: 2>}","['ttsim.ttnn.Tensor_85', 'ttsim.ttnn.Tensor_86']",['ttsim.ttnn.Op_43.out'],ttsim.ttnn.Tensor_85[1376x1376]:float16;ttsim.ttnn.Tensor_86[1376x1376]:float16,ttsim.ttnn.Op_43.out[1376x1376]:float16,,,,FALSE,FALSE,,3786752,1893376,7573504,3786752,{'mac': 2605285376},0,3786752,1893376,2605285376,29448,32872,16436,50,MEM,135872,0.135872,169840,29448,0,0.16984,0.6,0,0,0,0,0,TRUE,HiFi2,169840
Wormhole,n150,1000,MATRIX,INT8,TTNN,Matmul2Tensors_1,sweep_32_to_4096_bf16,1,42,ttsim.ttnn.Op_43,TRUE,TRUE,MatMul,1,"{'compute_kernel_config': WormholeComputeKernelConfig(math_fidelity=<MathFidelity.HiFi4: 4>, math_approx_mode=False, dst_full_sync_en=False, fp32_dest_acc_en=False, packer_l1_acc=True), 'memory_config': <MemoryConfig.L1: 2>}","['ttsim.ttnn.Tensor_85', 'ttsim.ttnn.Tensor_86']",['ttsim.ttnn.Op_43.out'],ttsim.ttnn.Tensor_85[1376x1376]:float16;ttsim.ttnn.Tensor_86[1376x1376]:float16,ttsim.ttnn.Op_43.out[1376x1376]:float16,,,,FALSE,FALSE,,3786752,1893376,7573504,3786752,{'mac': 2605285376},0,3786752,1893376,2605285376,29448,32872,16436,50,MEM,135872,0.135872,169840,29448,0,0.16984,0.6,0,0,0,0,0,TRUE,HiFi4,169840
Wormhole,n150,1000,MATRIX,INT8,TTNN,Matmul2Tensors_1,sweep_32_to_4096_bf16,1,43,ttsim.ttnn.Op_44,TRUE,TRUE,MatMul,1,"{'compute_kernel_config': WormholeComputeKernelConfig(math_fidelity=<MathFidelity.LoFi: 1>, math_approx_mode=False, dst_full_sync_en=False, fp32_dest_acc_en=False, packer_l1_acc=True), 'memory_config': <MemoryConfig.L1: 2>}","['ttsim.ttnn.Tensor_87', 'ttsim.ttnn.Tensor_88']",['ttsim.ttnn.Op_44.out'],ttsim.ttnn.Tensor_87[1408x1408]:float16;ttsim.ttnn.Tensor_88[1408x1408]:float16,ttsim.ttnn.Op_44.out[1408x1408]:float16,,,,FALSE,FALSE,,3964928,1982464,7929856,3964928,{'mac': 2791309312},0,3964928,1982464,2791309312,31550,34418,17209,50,MEM,137818,0.137818,172272,31550,0,0.172271,0.6,0,0,0,0,0,TRUE,LoFi,172271
Wormhole,n150,1000,MATRIX,INT8,TTNN,Matmul2Tensors_1,sweep_32_to_4096_bf16,1,43,ttsim.ttnn.Op_44,TRUE,TRUE,MatMul,1,"{'compute_kernel_config': WormholeComputeKernelConfig(math_fidelity=<MathFidelity.HiFi2: 2>, math_approx_mode=False, dst_full_sync_en=False, fp32_dest_acc_en=False, packer_l1_acc=True), 'memory_config': <MemoryConfig.L1: 2>}","['ttsim.ttnn.Tensor_87', 'ttsim.ttnn.Tensor_88']",['ttsim.ttnn.Op_44.out'],ttsim.ttnn.Tensor_87[1408x1408]:float16;ttsim.ttnn.Tensor_88[1408x1408]:float16,ttsim.ttnn.Op_44.out[1408x1408]:float16,,,,FALSE,FALSE,,3964928,1982464,7929856,3964928,{'mac': 2791309312},0,3964928,1982464,2791309312,31550,34418,17209,50,MEM,137818,0.137818,172272,31550,0,0.172271,0.6,0,0,0,0,0,TRUE,HiFi2,172271
Wormhole,n150,1000,MATRIX,INT8,TTNN,Matmul2Tensors_1,sweep_32_to_4096_bf16,1,43,ttsim.ttnn.Op_44,TRUE,TRUE,MatMul,1,"{'compute_kernel_config': WormholeComputeKernelConfig(math_fidelity=<MathFidelity.HiFi4: 4>, math_approx_mode=False, dst_full_sync_en=False, fp32_dest_acc_en=False, packer_l1_acc=True), 'memory_config': <MemoryConfig.L1: 2>}","['ttsim.ttnn.Tensor_87', 'ttsim.ttnn.Tensor_88']",['ttsim.ttnn.Op_44.out'],ttsim.ttnn.Tensor_87[1408x1408]:float16;ttsim.ttnn.Tensor_88[1408x1408]:float16,ttsim.ttnn.Op_44.out[1408x1408]:float16,,,,FALSE,FALSE,,3964928,1982464,7929856,3964928,{'mac': 2791309312},0,3964928,1982464,2791309312,31550,34418,17209,50,MEM,137818,0.137818,172272,31550,0,0.172271,0.6,0,0,0,0,0,TRUE,HiFi4,172271
Wormhole,n150,1000,MATRIX,INT8,TTNN,Matmul2Tensors_1,sweep_32_to_4096_bf16,1,44,ttsim.ttnn.Op_45,TRUE,TRUE,MatMul,1,"{'compute_kernel_config': WormholeComputeKernelConfig(math_fidelity=<MathFidelity.LoFi: 1>, math_approx_mode=False, dst_full_sync_en=False, fp32_dest_acc_en=False, packer_l1_acc=True), 'memory_config': <MemoryConfig.L1: 2>}","['ttsim.ttnn.Tensor_89', 'ttsim.ttnn.Tensor_90']",['ttsim.ttnn.Op_45.out'],ttsim.ttnn.Tensor_89[1440x1440]:float16;ttsim.ttnn.Tensor_90[1440x1440]:float16,ttsim.ttnn.Op_45.out[1440x1440]:float16,,,,FALSE,FALSE,,4147200,2073600,8294400,4147200,{'mac': 2985984000},0,4147200,2073600,2985984000,33750,36000,18000,50,MEM,139763,0.139763,174703,33750,0,0.174703,0.6,0,0,0,0,0,TRUE,LoFi,174703
Wormhole,n150,1000,MATRIX,INT8,TTNN,Matmul2Tensors_1,sweep_32_to_4096_bf16,1,44,ttsim.ttnn.Op_45,TRUE,TRUE,MatMul,1,"{'compute_kernel_config': WormholeComputeKernelConfig(math_fidelity=<MathFidelity.HiFi2: 2>, math_approx_mode=False, dst_full_sync_en=False, fp32_dest_acc_en=False, packer_l1_acc=True), 'memory_config': <MemoryConfig.L1: 2>}","['ttsim.ttnn.Tensor_89', 'ttsim.ttnn.Tensor_90']",['ttsim.ttnn.Op_45.out'],ttsim.ttnn.Tensor_89[1440x1440]:float16;ttsim.ttnn.Tensor_90[1440x1440]:float16,ttsim.ttnn.Op_45.out[1440x1440]:float16,,,,FALSE,FALSE,,4147200,2073600,8294400,4147200,{'mac': 2985984000},0,4147200,2073600,2985984000,33750,36000,18000,50,MEM,139763,0.139763,174703,33750,0,0.174703,0.6,0,0,0,0,0,TRUE,HiFi2,174703
Wormhole,n150,1000,MATRIX,INT8,TTNN,Matmul2Tensors_1,sweep_32_to_4096_bf16,1,44,ttsim.ttnn.Op_45,TRUE,TRUE,MatMul,1,"{'compute_kernel_config': WormholeComputeKernelConfig(math_fidelity=<MathFidelity.HiFi4: 4>, math_approx_mode=False, dst_full_sync_en=False, fp32_dest_acc_en=False, packer_l1_acc=True), 'memory_config': <MemoryConfig.L1: 2>}","['ttsim.ttnn.Tensor_89', 'ttsim.ttnn.Tensor_90']",['ttsim.ttnn.Op_45.out'],ttsim.ttnn.Tensor_89[1440x1440]:float16;ttsim.ttnn.Tensor_90[1440x1440]:float16,ttsim.ttnn.Op_45.out[1440x1440]:float16,,,,FALSE,FALSE,,4147200,2073600,8294400,4147200,{'mac': 2985984000},0,4147200,2073600,2985984000,33750,36000,18000,50,MEM,139763,0.139763,174703,33750,0,0.174703,0.6,0,0,0,0,0,TRUE,HiFi4,174703
Wormhole,n150,1000,MATRIX,INT8,TTNN,Matmul2Tensors_1,sweep_32_to_4096_bf16,1,45,ttsim.ttnn.Op_46,TRUE,TRUE,MatMul,1,"{'compute_kernel_config': WormholeComputeKernelConfig(math_fidelity=<MathFidelity.LoFi: 1>, math_approx_mode=False, dst_full_sync_en=False, fp32_dest_acc_en=False, packer_l1_acc=True), 'memory_config': <MemoryConfig.L1: 2>}","['ttsim.ttnn.Tensor_91', 'ttsim.ttnn.Tensor_92']",['ttsim.ttnn.Op_46.out'],ttsim.ttnn.Tensor_91[1472x1472]:float16;ttsim.ttnn.Tensor_92[1472x1472]:float16,ttsim.ttnn.Op_46.out[1472x1472]:float16,,,,FALSE,FALSE,,4333568,2166784,8667136,4333568,{'mac': 3189506048},0,4333568,2166784,3189506048,36051,37618,18809,50,MEM,141708,0.141708,177135,36051,0,0.177135,0.6,0,0,0,0,0,TRUE,LoFi,177135
Wormhole,n150,1000,MATRIX,INT8,TTNN,Matmul2Tensors_1,sweep_32_to_4096_bf16,1,45,ttsim.ttnn.Op_46,TRUE,TRUE,MatMul,1,"{'compute_kernel_config': WormholeComputeKernelConfig(math_fidelity=<MathFidelity.HiFi2: 2>, math_approx_mode=False, dst_full_sync_en=False, fp32_dest_acc_en=False, packer_l1_acc=True), 'memory_config': <MemoryConfig.L1: 2>}","['ttsim.ttnn.Tensor_91', 'ttsim.ttnn.Tensor_92']",['ttsim.ttnn.Op_46.out'],ttsim.ttnn.Tensor_91[1472x1472]:float16;ttsim.ttnn.Tensor_92[1472x1472]:float16,ttsim.ttnn.Op_46.out[1472x1472]:float16,,,,FALSE,FALSE,,4333568,2166784,8667136,4333568,{'mac': 3189506048},0,4333568,2166784,3189506048,36051,37618,18809,50,MEM,141708,0.141708,177135,36051,0,0.177135,0.6,0,0,0,0,0,TRUE,HiFi2,177135
Wormhole,n150,1000,MATRIX,INT8,TTNN,Matmul2Tensors_1,sweep_32_to_4096_bf16,1,45,ttsim.ttnn.Op_46,TRUE,TRUE,MatMul,1,"{'compute_kernel_config': WormholeComputeKernelConfig(math_fidelity=<MathFidelity.HiFi4: 4>, math_approx_mode=False, dst_full_sync_en=False, fp32_dest_acc_en=False, packer_l1_acc=True), 'memory_config': <MemoryConfig.L1: 2>}","['ttsim.ttnn.Tensor_91', 'ttsim.ttnn.Tensor_92']",['ttsim.ttnn.Op_46.out'],ttsim.ttnn.Tensor_91[1472x1472]:float16;ttsim.ttnn.Tensor_92[1472x1472]:float16,ttsim.ttnn.Op_46.out[1472x1472]:float16,,,,FALSE,FALSE,,4333568,2166784,8667136,4333568,{'mac': 3189506048},0,4333568,2166784,3189506048,36051,37618,18809,50,MEM,141708,0.141708,177135,36051,0,0.177135,0.6,0,0,0,0,0,TRUE,HiFi4,177135
Wormhole,n150,1000,MATRIX,INT8,TTNN,Matmul2Tensors_1,sweep_32_to_4096_bf16,1,46,ttsim.ttnn.Op_47,TRUE,TRUE,MatMul,1,"{'compute_kernel_config': WormholeComputeKernelConfig(math_fidelity=<MathFidelity.LoFi: 1>, math_approx_mode=False, dst_full_sync_en=False, fp32_dest_acc_en=False, packer_l1_acc=True), 'memory_config': <MemoryConfig.L1: 2>}","['ttsim.ttnn.Tensor_93', 'ttsim.ttnn.Tensor_94']",['ttsim.ttnn.Op_47.out'],ttsim.ttnn.Tensor_93[1504x1504]:float16;ttsim.ttnn.Tensor_94[1504x1504]:float16,ttsim.ttnn.Op_47.out[1504x1504]:float16,,,,FALSE,FALSE,,4524032,2262016,9048064,4524032,{'mac': 3402072064},0,4524032,2262016,3402072064,38453,39272,19636,50,MEM,143654,0.143654,179567,38453,0,0.179567,0.6,0,0,0,0,0,TRUE,LoFi,179567
Wormhole,n150,1000,MATRIX,INT8,TTNN,Matmul2Tensors_1,sweep_32_to_4096_bf16,1,46,ttsim.ttnn.Op_47,TRUE,TRUE,MatMul,1,"{'compute_kernel_config': WormholeComputeKernelConfig(math_fidelity=<MathFidelity.HiFi2: 2>, math_approx_mode=False, dst_full_sync_en=False, fp32_dest_acc_en=False, packer_l1_acc=True), 'memory_config': <MemoryConfig.L1: 2>}","['ttsim.ttnn.Tensor_93', 'ttsim.ttnn.Tensor_94']",['ttsim.ttnn.Op_47.out'],ttsim.ttnn.Tensor_93[1504x1504]:float16;ttsim.ttnn.Tensor_94[1504x1504]:float16,ttsim.ttnn.Op_47.out[1504x1504]:float16,,,,FALSE,FALSE,,4524032,2262016,9048064,4524032,{'mac': 3402072064},0,4524032,2262016,3402072064,38453,39272,19636,50,MEM,143654,0.143654,179567,38453,0,0.179567,0.6,0,0,0,0,0,TRUE,HiFi2,179567
Wormhole,n150,1000,MATRIX,INT8,TTNN,Matmul2Tensors_1,sweep_32_to_4096_bf16,1,46,ttsim.ttnn.Op_47,TRUE,TRUE,MatMul,1,"{'compute_kernel_config': WormholeComputeKernelConfig(math_fidelity=<MathFidelity.HiFi4: 4>, math_approx_mode=False, dst_full_sync_en=False, fp32_dest_acc_en=False, packer_l1_acc=True), 'memory_config': <MemoryConfig.L1: 2>}","['ttsim.ttnn.Tensor_93', 'ttsim.ttnn.Tensor_94']",['ttsim.ttnn.Op_47.out'],ttsim.ttnn.Tensor_93[1504x1504]:float16;ttsim.ttnn.Tensor_94[1504x1504]:float16,ttsim.ttnn.Op_47.out[1504x1504]:float16,,,,FALSE,FALSE,,4524032,2262016,9048064,4524032,{'mac': 3402072064},0,4524032,2262016,3402072064,38453,39272,19636,50,MEM,143654,0.143654,179567,38453,0,0.179567,0.6,0,0,0,0,0,TRUE,HiFi4,179567
Wormhole,n150,1000,MATRIX,INT8,TTNN,Matmul2Tensors_1,sweep_32_to_4096_bf16,1,47,ttsim.ttnn.Op_48,TRUE,TRUE,MatMul,1,"{'compute_kernel_config': WormholeComputeKernelConfig(math_fidelity=<MathFidelity.LoFi: 1>, math_approx_mode=False, dst_full_sync_en=False, fp32_dest_acc_en=False, packer_l1_acc=True), 'memory_config': <MemoryConfig.L1: 2>}","['ttsim.ttnn.Tensor_95', 'ttsim.ttnn.Tensor_96']",['ttsim.ttnn.Op_48.out'],ttsim.ttnn.Tensor_95[1536x1536]:float16;ttsim.ttnn.Tensor_96[1536x1536]:float16,ttsim.ttnn.Op_48.out[1536x1536]:float16,,,,FALSE,FALSE,,4718592,2359296,9437184,4718592,{'mac': 3623878656},0,4718592,2359296,3623878656,40961,40960,20480,50,MEM,133928,0.133928,167409,40961,0,0.167408,0.6,0,0,0,0,0,TRUE,LoFi,167408
Wormhole,n150,1000,MATRIX,INT8,TTNN,Matmul2Tensors_1,sweep_32_to_4096_bf16,1,47,ttsim.ttnn.Op_48,TRUE,TRUE,MatMul,1,"{'compute_kernel_config': WormholeComputeKernelConfig(math_fidelity=<MathFidelity.HiFi2: 2>, math_approx_mode=False, dst_full_sync_en=False, fp32_dest_acc_en=False, packer_l1_acc=True), 'memory_config': <MemoryConfig.L1: 2>}","['ttsim.ttnn.Tensor_95', 'ttsim.ttnn.Tensor_96']",['ttsim.ttnn.Op_48.out'],ttsim.ttnn.Tensor_95[1536x1536]:float16;ttsim.ttnn.Tensor_96[1536x1536]:float16,ttsim.ttnn.Op_48.out[1536x1536]:float16,,,,FALSE,FALSE,,4718592,2359296,9437184,4718592,{'mac': 3623878656},0,4718592,2359296,3623878656,40961,40960,20480,50,MEM,133928,0.133928,167409,40961,0,0.167408,0.6,0,0,0,0,0,TRUE,HiFi2,167408
Wormhole,n150,1000,MATRIX,INT8,TTNN,Matmul2Tensors_1,sweep_32_to_4096_bf16,1,47,ttsim.ttnn.Op_48,TRUE,TRUE,MatMul,1,"{'compute_kernel_config': WormholeComputeKernelConfig(math_fidelity=<MathFidelity.HiFi4: 4>, math_approx_mode=False, dst_full_sync_en=False, fp32_dest_acc_en=False, packer_l1_acc=True), 'memory_config': <MemoryConfig.L1: 2>}","['ttsim.ttnn.Tensor_95', 'ttsim.ttnn.Tensor_96']",['ttsim.ttnn.Op_48.out'],ttsim.ttnn.Tensor_95[1536x1536]:float16;ttsim.ttnn.Tensor_96[1536x1536]:float16,ttsim.ttnn.Op_48.out[1536x1536]:float16,,,,FALSE,FALSE,,4718592,2359296,9437184,4718592,{'mac': 3623878656},0,4718592,2359296,3623878656,40961,40960,20480,50,MEM,133928,0.133928,167409,40961,0,0.167408,0.6,0,0,0,0,0,TRUE,HiFi4,167408
Wormhole,n150,1000,MATRIX,INT8,TTNN,Matmul2Tensors_1,sweep_32_to_4096_bf16,1,48,ttsim.ttnn.Op_49,TRUE,TRUE,MatMul,1,"{'compute_kernel_config': WormholeComputeKernelConfig(math_fidelity=<MathFidelity.LoFi: 1>, math_approx_mode=False, dst_full_sync_en=False, fp32_dest_acc_en=False, packer_l1_acc=True), 'memory_config': <MemoryConfig.L1: 2>}","['ttsim.ttnn.Tensor_97', 'ttsim.ttnn.Tensor_98']",['ttsim.ttnn.Op_49.out'],ttsim.ttnn.Tensor_97[1568x1568]:float16;ttsim.ttnn.Tensor_98[1568x1568]:float16,ttsim.ttnn.Op_49.out[1568x1568]:float16,,,,FALSE,FALSE,,4917248,2458624,9834496,4917248,{'mac': 3855122432},0,4917248,2458624,3855122432,43574,42685,21343,50,MEM,189807,0.189807,237258,43574,0,0.237258,0.6,0,0,0,0,0,TRUE,LoFi,237258
Wormhole,n150,1000,MATRIX,INT8,TTNN,Matmul2Tensors_1,sweep_32_to_4096_bf16,1,48,ttsim.ttnn.Op_49,TRUE,TRUE,MatMul,1,"{'compute_kernel_config': WormholeComputeKernelConfig(math_fidelity=<MathFidelity.HiFi2: 2>, math_approx_mode=False, dst_full_sync_en=False, fp32_dest_acc_en=False, packer_l1_acc=True), 'memory_config': <MemoryConfig.L1: 2>}","['ttsim.ttnn.Tensor_97', 'ttsim.ttnn.Tensor_98']",['ttsim.ttnn.Op_49.out'],ttsim.ttnn.Tensor_97[1568x1568]:float16;ttsim.ttnn.Tensor_98[1568x1568]:float16,ttsim.ttnn.Op_49.out[1568x1568]:float16,,,,FALSE,FALSE,,4917248,2458624,9834496,4917248,{'mac': 3855122432},0,4917248,2458624,3855122432,43574,42685,21343,50,MEM,189807,0.189807,237258,43574,0,0.237258,0.6,0,0,0,0,0,TRUE,HiFi2,237258
Wormhole,n150,1000,MATRIX,INT8,TTNN,Matmul2Tensors_1,sweep_32_to_4096_bf16,1,48,ttsim.ttnn.Op_49,TRUE,TRUE,MatMul,1,"{'compute_kernel_config': WormholeComputeKernelConfig(math_fidelity=<MathFidelity.HiFi4: 4>, math_approx_mode=False, dst_full_sync_en=False, fp32_dest_acc_en=False, packer_l1_acc=True), 'memory_config': <MemoryConfig.L1: 2>}","['ttsim.ttnn.Tensor_97', 'ttsim.ttnn.Tensor_98']",['ttsim.ttnn.Op_49.out'],ttsim.ttnn.Tensor_97[1568x1568]:float16;ttsim.ttnn.Tensor_98[1568x1568]:float16,ttsim.ttnn.Op_49.out[1568x1568]:float16,,,,FALSE,FALSE,,4917248,2458624,9834496,4917248,{'mac': 3855122432},0,4917248,2458624,3855122432,43574,42685,21343,50,MEM,189807,0.189807,237258,43574,0,0.237258,0.6,0,0,0,0,0,TRUE,HiFi4,237258
Wormhole,n150,1000,MATRIX,INT8,TTNN,Matmul2Tensors_1,sweep_32_to_4096_bf16,1,49,ttsim.ttnn.Op_50,TRUE,TRUE,MatMul,1,"{'compute_kernel_config': WormholeComputeKernelConfig(math_fidelity=<MathFidelity.LoFi: 1>, math_approx_mode=False, dst_full_sync_en=False, fp32_dest_acc_en=False, packer_l1_acc=True), 'memory_config': <MemoryConfig.L1: 2>}","['ttsim.ttnn.Tensor_99', 'ttsim.ttnn.Tensor_100']",['ttsim.ttnn.Op_50.out'],ttsim.ttnn.Tensor_99[1600x1600]:float16;ttsim.ttnn.Tensor_100[1600x1600]:float16,ttsim.ttnn.Op_50.out[1600x1600]:float16,,,,FALSE,FALSE,,5120000,2560000,10240000,5120000,{'mac': 4096000000},0,5120000,2560000,4096000000,46297,44445,22223,50,MEM,193648,0.193648,242060,46297,0,0.24206,0.6,0,0,0,0,0,TRUE,LoFi,242060
Wormhole,n150,1000,MATRIX,INT8,TTNN,Matmul2Tensors_1,sweep_32_to_4096_bf16,1,49,ttsim.ttnn.Op_50,TRUE,TRUE,MatMul,1,"{'compute_kernel_config': WormholeComputeKernelConfig(math_fidelity=<MathFidelity.HiFi2: 2>, math_approx_mode=False, dst_full_sync_en=False, fp32_dest_acc_en=False, packer_l1_acc=True), 'memory_config': <MemoryConfig.L1: 2>}","['ttsim.ttnn.Tensor_99', 'ttsim.ttnn.Tensor_100']",['ttsim.ttnn.Op_50.out'],ttsim.ttnn.Tensor_99[1600x1600]:float16;ttsim.ttnn.Tensor_100[1600x1600]:float16,ttsim.ttnn.Op_50.out[1600x1600]:float16,,,,FALSE,FALSE,,5120000,2560000,10240000,5120000,{'mac': 4096000000},0,5120000,2560000,4096000000,46297,44445,22223,50,MEM,193648,0.193648,242060,46297,0,0.24206,0.6,0,0,0,0,0,TRUE,HiFi2,242060
Wormhole,n150,1000,MATRIX,INT8,TTNN,Matmul2Tensors_1,sweep_32_to_4096_bf16,1,49,ttsim.ttnn.Op_50,TRUE,TRUE,MatMul,1,"{'compute_kernel_config': WormholeComputeKernelConfig(math_fidelity=<MathFidelity.HiFi4: 4>, math_approx_mode=False, dst_full_sync_en=False, fp32_dest_acc_en=False, packer_l1_acc=True), 'memory_config': <MemoryConfig.L1: 2>}","['ttsim.ttnn.Tensor_99', 'ttsim.ttnn.Tensor_100']",['ttsim.ttnn.Op_50.out'],ttsim.ttnn.Tensor_99[1600x1600]:float16;ttsim.ttnn.Tensor_100[1600x1600]:float16,ttsim.ttnn.Op_50.out[1600x1600]:float16,,,,FALSE,FALSE,,5120000,2560000,10240000,5120000,{'mac': 4096000000},0,5120000,2560000,4096000000,46297,44445,22223,50,MEM,193648,0.193648,242060,46297,0,0.24206,0.6,0,0,0,0,0,TRUE,HiFi4,242060
Wormhole,n150,1000,MATRIX,INT8,TTNN,Matmul2Tensors_1,sweep_32_to_4096_bf16,1,50,ttsim.ttnn.Op_51,TRUE,TRUE,MatMul,1,"{'compute_kernel_config': WormholeComputeKernelConfig(math_fidelity=<MathFidelity.LoFi: 1>, math_approx_mode=False, dst_full_sync_en=False, fp32_dest_acc_en=False, packer_l1_acc=True), 'memory_config': <MemoryConfig.L1: 2>}","['ttsim.ttnn.Tensor_101', 'ttsim.ttnn.Tensor_102']",['ttsim.ttnn.Op_51.out'],ttsim.ttnn.Tensor_101[1632x1632]:float16;ttsim.ttnn.Tensor_102[1632x1632]:float16,ttsim.ttnn.Op_51.out[1632x1632]:float16,,,,FALSE,FALSE,,5326848,2663424,10653696,5326848,{'mac': 4346707968},0,5326848,2663424,4346707968,49131,46240,23120,50,MEM,197490,0.19749,246862,49131,0,0.246862,0.6,0,0,0,0,0,TRUE,LoFi,246862
Wormhole,n150,1000,MATRIX,INT8,TTNN,Matmul2Tensors_1,sweep_32_to_4096_bf16,1,50,ttsim.ttnn.Op_51,TRUE,TRUE,MatMul,1,"{'compute_kernel_config': WormholeComputeKernelConfig(math_fidelity=<MathFidelity.HiFi2: 2>, math_approx_mode=False, dst_full_sync_en=False, fp32_dest_acc_en=False, packer_l1_acc=True), 'memory_config': <MemoryConfig.L1: 2>}","['ttsim.ttnn.Tensor_101', 'ttsim.ttnn.Tensor_102']",['ttsim.ttnn.Op_51.out'],ttsim.ttnn.Tensor_101[1632x1632]:float16;ttsim.ttnn.Tensor_102[1632x1632]:float16,ttsim.ttnn.Op_51.out[1632x1632]:float16,,,,FALSE,FALSE,,5326848,2663424,10653696,5326848,{'mac': 4346707968},0,5326848,2663424,4346707968,49131,46240,23120,50,MEM,197490,0.19749,246862,49131,0,0.246862,0.6,0,0,0,0,0,TRUE,HiFi2,246862
Wormhole,n150,1000,MATRIX,INT8,TTNN,Matmul2Tensors_1,sweep_32_to_4096_bf16,1,50,ttsim.ttnn.Op_51,TRUE,TRUE,MatMul,1,"{'compute_kernel_config': WormholeComputeKernelConfig(math_fidelity=<MathFidelity.HiFi4: 4>, math_approx_mode=False, dst_full_sync_en=False, fp32_dest_acc_en=False, packer_l1_acc=True), 'memory_config': <MemoryConfig.L1: 2>}","['ttsim.ttnn.Tensor_101', 'ttsim.ttnn.Tensor_102']",['ttsim.ttnn.Op_51.out'],ttsim.ttnn.Tensor_101[1632x1632]:float16;ttsim.ttnn.Tensor_102[1632x1632]:float16,ttsim.ttnn.Op_51.out[1632x1632]:float16,,,,FALSE,FALSE,,5326848,2663424,10653696,5326848,{'mac': 4346707968},0,5326848,2663424,4346707968,49131,46240,23120,50,MEM,197490,0.19749,246862,49131,0,0.246862,0.6,0,0,0,0,0,TRUE,HiFi4,246862
Wormhole,n150,1000,MATRIX,INT8,TTNN,Matmul2Tensors_1,sweep_32_to_4096_bf16,1,51,ttsim.ttnn.Op_52,TRUE,TRUE,MatMul,1,"{'compute_kernel_config': WormholeComputeKernelConfig(math_fidelity=<MathFidelity.LoFi: 1>, math_approx_mode=False, dst_full_sync_en=False, fp32_dest_acc_en=False, packer_l1_acc=True), 'memory_config': <MemoryConfig.L1: 2>}","['ttsim.ttnn.Tensor_103', 'ttsim.ttnn.Tensor_104']",['ttsim.ttnn.Op_52.out'],ttsim.ttnn.Tensor_103[1664x1664]:float16;ttsim.ttnn.Tensor_104[1664x1664]:float16,ttsim.ttnn.Op_52.out[1664x1664]:float16,,,,FALSE,FALSE,,5537792,2768896,11075584,5537792,{'mac': 4607442944},0,5537792,2768896,4607442944,52078,48072,24036,50,MEM,201332,0.201332,251664,52078,0,0.251664,0.6,0,0,0,0,0,TRUE,LoFi,251664
Wormhole,n150,1000,MATRIX,INT8,TTNN,Matmul2Tensors_1,sweep_32_to_4096_bf16,1,51,ttsim.ttnn.Op_52,TRUE,TRUE,MatMul,1,"{'compute_kernel_config': WormholeComputeKernelConfig(math_fidelity=<MathFidelity.HiFi2: 2>, math_approx_mode=False, dst_full_sync_en=False, fp32_dest_acc_en=False, packer_l1_acc=True), 'memory_config': <MemoryConfig.L1: 2>}","['ttsim.ttnn.Tensor_103', 'ttsim.ttnn.Tensor_104']",['ttsim.ttnn.Op_52.out'],ttsim.ttnn.Tensor_103[1664x1664]:float16;ttsim.ttnn.Tensor_104[1664x1664]:float16,ttsim.ttnn.Op_52.out[1664x1664]:float16,,,,FALSE,FALSE,,5537792,2768896,11075584,5537792,{'mac': 4607442944},0,5537792,2768896,4607442944,52078,48072,24036,50,MEM,201332,0.201332,251664,52078,0,0.251664,0.6,0,0,0,0,0,TRUE,HiFi2,251664
Wormhole,n150,1000,MATRIX,INT8,TTNN,Matmul2Tensors_1,sweep_32_to_4096_bf16,1,51,ttsim.ttnn.Op_52,TRUE,TRUE,MatMul,1,"{'compute_kernel_config': WormholeComputeKernelConfig(math_fidelity=<MathFidelity.HiFi4: 4>, math_approx_mode=False, dst_full_sync_en=False, fp32_dest_acc_en=False, packer_l1_acc=True), 'memory_config': <MemoryConfig.L1: 2>}","['ttsim.ttnn.Tensor_103', 'ttsim.ttnn.Tensor_104']",['ttsim.ttnn.Op_52.out'],ttsim.ttnn.Tensor_103[1664x1664]:float16;ttsim.ttnn.Tensor_104[1664x1664]:float16,ttsim.ttnn.Op_52.out[1664x1664]:float16,,,,FALSE,FALSE,,5537792,2768896,11075584,5537792,{'mac': 4607442944},0,5537792,2768896,4607442944,52078,48072,24036,50,MEM,201332,0.201332,251664,52078,0,0.251664,0.6,0,0,0,0,0,TRUE,HiFi4,251664
Wormhole,n150,1000,MATRIX,INT8,TTNN,Matmul2Tensors_1,sweep_32_to_4096_bf16,1,52,ttsim.ttnn.Op_53,TRUE,TRUE,MatMul,1,"{'compute_kernel_config': WormholeComputeKernelConfig(math_fidelity=<MathFidelity.LoFi: 1>, math_approx_mode=False, dst_full_sync_en=False, fp32_dest_acc_en=False, packer_l1_acc=True), 'memory_config': <MemoryConfig.L1: 2>}","['ttsim.ttnn.Tensor_105', 'ttsim.ttnn.Tensor_106']",['ttsim.ttnn.Op_53.out'],ttsim.ttnn.Tensor_105[1696x1696]:float16;ttsim.ttnn.Tensor_106[1696x1696]:float16,ttsim.ttnn.Op_53.out[1696x1696]:float16,,,,FALSE,FALSE,,5752832,2876416,11505664,5752832,{'mac': 4878401536},0,5752832,2876416,4878401536,55140,49938,24969,50,MEM,205173,0.205173,256466,55140,0,0.256466,0.6,0,0,0,0,0,TRUE,LoFi,256466
Wormhole,n150,1000,MATRIX,INT8,TTNN,Matmul2Tensors_1,sweep_32_to_4096_bf16,1,52,ttsim.ttnn.Op_53,TRUE,TRUE,MatMul,1,"{'compute_kernel_config': WormholeComputeKernelConfig(math_fidelity=<MathFidelity.HiFi2: 2>, math_approx_mode=False, dst_full_sync_en=False, fp32_dest_acc_en=False, packer_l1_acc=True), 'memory_config': <MemoryConfig.L1: 2>}","['ttsim.ttnn.Tensor_105', 'ttsim.ttnn.Tensor_106']",['ttsim.ttnn.Op_53.out'],ttsim.ttnn.Tensor_105[1696x1696]:float16;ttsim.ttnn.Tensor_106[1696x1696]:float16,ttsim.ttnn.Op_53.out[1696x1696]:float16,,,,FALSE,FALSE,,5752832,2876416,11505664,5752832,{'mac': 4878401536},0,5752832,2876416,4878401536,55140,49938,24969,50,MEM,205173,0.205173,256466,55140,0,0.256466,0.6,0,0,0,0,0,TRUE,HiFi2,256466
Wormhole,n150,1000,MATRIX,INT8,TTNN,Matmul2Tensors_1,sweep_32_to_4096_bf16,1,52,ttsim.ttnn.Op_53,TRUE,TRUE,MatMul,1,"{'compute_kernel_config': WormholeComputeKernelConfig(math_fidelity=<MathFidelity.HiFi4: 4>, math_approx_mode=False, dst_full_sync_en=False, fp32_dest_acc_en=False, packer_l1_acc=True), 'memory_config': <MemoryConfig.L1: 2>}","['ttsim.ttnn.Tensor_105', 'ttsim.ttnn.Tensor_106']",['ttsim.ttnn.Op_53.out'],ttsim.ttnn.Tensor_105[1696x1696]:float16;ttsim.ttnn.Tensor_106[1696x1696]:float16,ttsim.ttnn.Op_53.out[1696x1696]:float16,,,,FALSE,FALSE,,5752832,2876416,11505664,5752832,{'mac': 4878401536},0,5752832,2876416,4878401536,55140,49938,24969,50,MEM,205173,0.205173,256466,55140,0,0.256466,0.6,0,0,0,0,0,TRUE,HiFi4,256466
Wormhole,n150,1000,MATRIX,INT8,TTNN,Matmul2Tensors_1,sweep_32_to_4096_bf16,1,53,ttsim.ttnn.Op_54,TRUE,TRUE,MatMul,1,"{'compute_kernel_config': WormholeComputeKernelConfig(math_fidelity=<MathFidelity.LoFi: 1>, math_approx_mode=False, dst_full_sync_en=False, fp32_dest_acc_en=False, packer_l1_acc=True), 'memory_config': <MemoryConfig.L1: 2>}","['ttsim.ttnn.Tensor_107', 'ttsim.ttnn.Tensor_108']",['ttsim.ttnn.Op_54.out'],ttsim.ttnn.Tensor_107[1728x1728]:float16;ttsim.ttnn.Tensor_108[1728x1728]:float16,ttsim.ttnn.Op_54.out[1728x1728]:float16,,,,FALSE,FALSE,,5971968,2985984,11943936,5971968,{'mac': 5159780352},0,5971968,2985984,5159780352,58321,51840,25920,50,MEM,209015,0.209015,261268,58321,0,0.261268,0.6,0,0,0,0,0,TRUE,LoFi,261268
Wormhole,n150,1000,MATRIX,INT8,TTNN,Matmul2Tensors_1,sweep_32_to_4096_bf16,1,53,ttsim.ttnn.Op_54,TRUE,TRUE,MatMul,1,"{'compute_kernel_config': WormholeComputeKernelConfig(math_fidelity=<MathFidelity.HiFi2: 2>, math_approx_mode=False, dst_full_sync_en=False, fp32_dest_acc_en=False, packer_l1_acc=True), 'memory_config': <MemoryConfig.L1: 2>}","['ttsim.ttnn.Tensor_107', 'ttsim.ttnn.Tensor_108']",['ttsim.ttnn.Op_54.out'],ttsim.ttnn.Tensor_107[1728x1728]:float16;ttsim.ttnn.Tensor_108[1728x1728]:float16,ttsim.ttnn.Op_54.out[1728x1728]:float16,,,,FALSE,FALSE,,5971968,2985984,11943936,5971968,{'mac': 5159780352},0,5971968,2985984,5159780352,58321,51840,25920,50,MEM,209015,0.209015,261268,58321,0,0.261268,0.6,0,0,0,0,0,TRUE,HiFi2,261268
Wormhole,n150,1000,MATRIX,INT8,TTNN,Matmul2Tensors_1,sweep_32_to_4096_bf16,1,53,ttsim.ttnn.Op_54,TRUE,TRUE,MatMul,1,"{'compute_kernel_config': WormholeComputeKernelConfig(math_fidelity=<MathFidelity.HiFi4: 4>, math_approx_mode=False, dst_full_sync_en=False, fp32_dest_acc_en=False, packer_l1_acc=True), 'memory_config': <MemoryConfig.L1: 2>}","['ttsim.ttnn.Tensor_107', 'ttsim.ttnn.Tensor_108']",['ttsim.ttnn.Op_54.out'],ttsim.ttnn.Tensor_107[1728x1728]:float16;ttsim.ttnn.Tensor_108[1728x1728]:float16,ttsim.ttnn.Op_54.out[1728x1728]:float16,,,,FALSE,FALSE,,5971968,2985984,11943936,5971968,{'mac': 5159780352},0,5971968,2985984,5159780352,58321,51840,25920,50,MEM,209015,0.209015,261268,58321,0,0.261268,0.6,0,0,0,0,0,TRUE,HiFi4,261268
Wormhole,n150,1000,MATRIX,INT8,TTNN,Matmul2Tensors_1,sweep_32_to_4096_bf16,1,54,ttsim.ttnn.Op_55,TRUE,TRUE,MatMul,1,"{'compute_kernel_config': WormholeComputeKernelConfig(math_fidelity=<MathFidelity.LoFi: 1>, math_approx_mode=False, dst_full_sync_en=False, fp32_dest_acc_en=False, packer_l1_acc=True), 'memory_config': <MemoryConfig.L1: 2>}","['ttsim.ttnn.Tensor_109', 'ttsim.ttnn.Tensor_110']",['ttsim.ttnn.Op_55.out'],ttsim.ttnn.Tensor_109[1760x1760]:float16;ttsim.ttnn.Tensor_110[1760x1760]:float16,ttsim.ttnn.Op_55.out[1760x1760]:float16,,,,FALSE,FALSE,,6195200,3097600,12390400,6195200,{'mac': 5451776000},0,6195200,3097600,5451776000,61621,53778,26889,50,MEM,212856,0.212856,266070,61621,0,0.26607,0.6,0,0,0,0,0,TRUE,LoFi,266070
Wormhole,n150,1000,MATRIX,INT8,TTNN,Matmul2Tensors_1,sweep_32_to_4096_bf16,1,54,ttsim.ttnn.Op_55,TRUE,TRUE,MatMul,1,"{'compute_kernel_config': WormholeComputeKernelConfig(math_fidelity=<MathFidelity.HiFi2: 2>, math_approx_mode=False, dst_full_sync_en=False, fp32_dest_acc_en=False, packer_l1_acc=True), 'memory_config': <MemoryConfig.L1: 2>}","['ttsim.ttnn.Tensor_109', 'ttsim.ttnn.Tensor_110']",['ttsim.ttnn.Op_55.out'],ttsim.ttnn.Tensor_109[1760x1760]:float16;ttsim.ttnn.Tensor_110[1760x1760]:float16,ttsim.ttnn.Op_55.out[1760x1760]:float16,,,,FALSE,FALSE,,6195200,3097600,12390400,6195200,{'mac': 5451776000},0,6195200,3097600,5451776000,61621,53778,26889,50,MEM,212856,0.212856,266070,61621,0,0.26607,0.6,0,0,0,0,0,TRUE,HiFi2,266070
Wormhole,n150,1000,MATRIX,INT8,TTNN,Matmul2Tensors_1,sweep_32_to_4096_bf16,1,54,ttsim.ttnn.Op_55,TRUE,TRUE,MatMul,1,"{'compute_kernel_config': WormholeComputeKernelConfig(math_fidelity=<MathFidelity.HiFi4: 4>, math_approx_mode=False, dst_full_sync_en=False, fp32_dest_acc_en=False, packer_l1_acc=True), 'memory_config': <MemoryConfig.L1: 2>}","['ttsim.ttnn.Tensor_109', 'ttsim.ttnn.Tensor_110']",['ttsim.ttnn.Op_55.out'],ttsim.ttnn.Tensor_109[1760x1760]:float16;ttsim.ttnn.Tensor_110[1760x1760]:float16,ttsim.ttnn.Op_55.out[1760x1760]:float16,,,,FALSE,FALSE,,6195200,3097600,12390400,6195200,{'mac': 5451776000},0,6195200,3097600,5451776000,61621,53778,26889,50,MEM,212856,0.212856,266070,61621,0,0.26607,0.6,0,0,0,0,0,TRUE,HiFi4,266070
Wormhole,n150,1000,MATRIX,INT8,TTNN,Matmul2Tensors_1,sweep_32_to_4096_bf16,1,55,ttsim.ttnn.Op_56,TRUE,TRUE,MatMul,1,"{'compute_kernel_config': WormholeComputeKernelConfig(math_fidelity=<MathFidelity.LoFi: 1>, math_approx_mode=False, dst_full_sync_en=False, fp32_dest_acc_en=False, packer_l1_acc=True), 'memory_config': <MemoryConfig.L1: 2>}","['ttsim.ttnn.Tensor_111', 'ttsim.ttnn.Tensor_112']",['ttsim.ttnn.Op_56.out'],ttsim.ttnn.Tensor_111[1792x1792]:float16;ttsim.ttnn.Tensor_112[1792x1792]:float16,ttsim.ttnn.Op_56.out[1792x1792]:float16,,,,FALSE,FALSE,,6422528,3211264,12845056,6422528,{'mac': 5754585088},0,6422528,3211264,5754585088,65043,55752,27876,50,MEM,216698,0.216698,270872,65043,0,0.270872,0.6,0,0,0,0,0,TRUE,LoFi,270872
Wormhole,n150,1000,MATRIX,INT8,TTNN,Matmul2Tensors_1,sweep_32_to_4096_bf16,1,55,ttsim.ttnn.Op_56,TRUE,TRUE,MatMul,1,"{'compute_kernel_config': WormholeComputeKernelConfig(math_fidelity=<MathFidelity.HiFi2: 2>, math_approx_mode=False, dst_full_sync_en=False, fp32_dest_acc_en=False, packer_l1_acc=True), 'memory_config': <MemoryConfig.L1: 2>}","['ttsim.ttnn.Tensor_111', 'ttsim.ttnn.Tensor_112']",['ttsim.ttnn.Op_56.out'],ttsim.ttnn.Tensor_111[1792x1792]:float16;ttsim.ttnn.Tensor_112[1792x1792]:float16,ttsim.ttnn.Op_56.out[1792x1792]:float16,,,,FALSE,FALSE,,6422528,3211264,12845056,6422528,{'mac': 5754585088},0,6422528,3211264,5754585088,65043,55752,27876,50,MEM,216698,0.216698,270872,65043,0,0.270872,0.6,0,0,0,0,0,TRUE,HiFi2,270872
Wormhole,n150,1000,MATRIX,INT8,TTNN,Matmul2Tensors_1,sweep_32_to_4096_bf16,1,55,ttsim.ttnn.Op_56,TRUE,TRUE,MatMul,1,"{'compute_kernel_config': WormholeComputeKernelConfig(math_fidelity=<MathFidelity.HiFi4: 4>, math_approx_mode=False, dst_full_sync_en=False, fp32_dest_acc_en=False, packer_l1_acc=True), 'memory_config': <MemoryConfig.L1: 2>}","['ttsim.ttnn.Tensor_111', 'ttsim.ttnn.Tensor_112']",['ttsim.ttnn.Op_56.out'],ttsim.ttnn.Tensor_111[1792x1792]:float16;ttsim.ttnn.Tensor_112[1792x1792]:float16,ttsim.ttnn.Op_56.out[1792x1792]:float16,,,,FALSE,FALSE,,6422528,3211264,12845056,6422528,{'mac': 5754585088},0,6422528,3211264,5754585088,65043,55752,27876,50,MEM,216698,0.216698,270872,65043,0,0.270872,0.6,0,0,0,0,0,TRUE,HiFi4,270872
Wormhole,n150,1000,MATRIX,INT8,TTNN,Matmul2Tensors_1,sweep_32_to_4096_bf16,1,56,ttsim.ttnn.Op_57,TRUE,TRUE,MatMul,1,"{'compute_kernel_config': WormholeComputeKernelConfig(math_fidelity=<MathFidelity.LoFi: 1>, math_approx_mode=False, dst_full_sync_en=False, fp32_dest_acc_en=False, packer_l1_acc=True), 'memory_config': <MemoryConfig.L1: 2>}","['ttsim.ttnn.Tensor_113', 'ttsim.ttnn.Tensor_114']",['ttsim.ttnn.Op_57.out'],ttsim.ttnn.Tensor_113[1824x1824]:float16;ttsim.ttnn.Tensor_114[1824x1824]:float16,ttsim.ttnn.Op_57.out[1824x1824]:float16,,,,FALSE,FALSE,,6653952,3326976,13307904,6653952,{'mac': 6068404224},0,6653952,3326976,6068404224,68590,57760,28880,50,MEM,375604,0.375604,469504,68590,0,0.469504,0.6,0,0,0,0,0,TRUE,LoFi,469504
Wormhole,n150,1000,MATRIX,INT8,TTNN,Matmul2Tensors_1,sweep_32_to_4096_bf16,1,56,ttsim.ttnn.Op_57,TRUE,TRUE,MatMul,1,"{'compute_kernel_config': WormholeComputeKernelConfig(math_fidelity=<MathFidelity.HiFi2: 2>, math_approx_mode=False, dst_full_sync_en=False, fp32_dest_acc_en=False, packer_l1_acc=True), 'memory_config': <MemoryConfig.L1: 2>}","['ttsim.ttnn.Tensor_113', 'ttsim.ttnn.Tensor_114']",['ttsim.ttnn.Op_57.out'],ttsim.ttnn.Tensor_113[1824x1824]:float16;ttsim.ttnn.Tensor_114[1824x1824]:float16,ttsim.ttnn.Op_57.out[1824x1824]:float16,,,,FALSE,FALSE,,6653952,3326976,13307904,6653952,{'mac': 6068404224},0,6653952,3326976,6068404224,68590,57760,28880,50,MEM,375604,0.375604,469504,68590,0,0.469504,0.6,0,0,0,0,0,TRUE,HiFi2,469504
Wormhole,n150,1000,MATRIX,INT8,TTNN,Matmul2Tensors_1,sweep_32_to_4096_bf16,1,56,ttsim.ttnn.Op_57,TRUE,TRUE,MatMul,1,"{'compute_kernel_config': WormholeComputeKernelConfig(math_fidelity=<MathFidelity.HiFi4: 4>, math_approx_mode=False, dst_full_sync_en=False, fp32_dest_acc_en=False, packer_l1_acc=True), 'memory_config': <MemoryConfig.L1: 2>}","['ttsim.ttnn.Tensor_113', 'ttsim.ttnn.Tensor_114']",['ttsim.ttnn.Op_57.out'],ttsim.ttnn.Tensor_113[1824x1824]:float16;ttsim.ttnn.Tensor_114[1824x1824]:float16,ttsim.ttnn.Op_57.out[1824x1824]:float16,,,,FALSE,FALSE,,6653952,3326976,13307904,6653952,{'mac': 6068404224},0,6653952,3326976,6068404224,68590,57760,28880,50,MEM,375604,0.375604,469504,68590,0,0.469504,0.6,0,0,0,0,0,TRUE,HiFi4,469504
Wormhole,n150,1000,MATRIX,INT8,TTNN,Matmul2Tensors_1,sweep_32_to_4096_bf16,1,57,ttsim.ttnn.Op_58,TRUE,TRUE,MatMul,1,"{'compute_kernel_config': WormholeComputeKernelConfig(math_fidelity=<MathFidelity.LoFi: 1>, math_approx_mode=False, dst_full_sync_en=False, fp32_dest_acc_en=False, packer_l1_acc=True), 'memory_config': <MemoryConfig.L1: 2>}","['ttsim.ttnn.Tensor_115', 'ttsim.ttnn.Tensor_116']",['ttsim.ttnn.Op_58.out'],ttsim.ttnn.Tensor_115[1856x1856]:float16;ttsim.ttnn.Tensor_116[1856x1856]:float16,ttsim.ttnn.Op_58.out[1856x1856]:float16,,,,FALSE,FALSE,,6889472,3444736,13778944,6889472,{'mac': 6393430016},0,6889472,3444736,6393430016,72264,59805,29903,50,MEM,382157,0.382157,477696,72264,0,0.477696,0.6,0,0,0,0,0,TRUE,LoFi,477696
Wormhole,n150,1000,MATRIX,INT8,TTNN,Matmul2Tensors_1,sweep_32_to_4096_bf16,1,57,ttsim.ttnn.Op_58,TRUE,TRUE,MatMul,1,"{'compute_kernel_config': WormholeComputeKernelConfig(math_fidelity=<MathFidelity.HiFi2: 2>, math_approx_mode=False, dst_full_sync_en=False, fp32_dest_acc_en=False, packer_l1_acc=True), 'memory_config': <MemoryConfig.L1: 2>}","['ttsim.ttnn.Tensor_115', 'ttsim.ttnn.Tensor_116']",['ttsim.ttnn.Op_58.out'],ttsim.ttnn.Tensor_115[1856x1856]:float16;ttsim.ttnn.Tensor_116[1856x1856]:float16,ttsim.ttnn.Op_58.out[1856x1856]:float16,,,,FALSE,FALSE,,6889472,3444736,13778944,6889472,{'mac': 6393430016},0,6889472,3444736,6393430016,72264,59805,29903,50,MEM,382157,0.382157,477696,72264,0,0.477696,0.6,0,0,0,0,0,TRUE,HiFi2,477696
Wormhole,n150,1000,MATRIX,INT8,TTNN,Matmul2Tensors_1,sweep_32_to_4096_bf16,1,57,ttsim.ttnn.Op_58,TRUE,TRUE,MatMul,1,"{'compute_kernel_config': WormholeComputeKernelConfig(math_fidelity=<MathFidelity.HiFi4: 4>, math_approx_mode=False, dst_full_sync_en=False, fp32_dest_acc_en=False, packer_l1_acc=True), 'memory_config': <MemoryConfig.L1: 2>}","['ttsim.ttnn.Tensor_115', 'ttsim.ttnn.Tensor_116']",['ttsim.ttnn.Op_58.out'],ttsim.ttnn.Tensor_115[1856x1856]:float16;ttsim.ttnn.Tensor_116[1856x1856]:float16,ttsim.ttnn.Op_58.out[1856x1856]:float16,,,,FALSE,FALSE,,6889472,3444736,13778944,6889472,{'mac': 6393430016},0,6889472,3444736,6393430016,72264,59805,29903,50,MEM,382157,0.382157,477696,72264,0,0.477696,0.6,0,0,0,0,0,TRUE,HiFi4,477696
Wormhole,n150,1000,MATRIX,INT8,TTNN,Matmul2Tensors_1,sweep_32_to_4096_bf16,1,58,ttsim.ttnn.Op_59,TRUE,TRUE,MatMul,1,"{'compute_kernel_config': WormholeComputeKernelConfig(math_fidelity=<MathFidelity.LoFi: 1>, math_approx_mode=False, dst_full_sync_en=False, fp32_dest_acc_en=False, packer_l1_acc=True), 'memory_config': <MemoryConfig.L1: 2>}","['ttsim.ttnn.Tensor_117', 'ttsim.ttnn.Tensor_118']",['ttsim.ttnn.Op_59.out'],ttsim.ttnn.Tensor_117[1888x1888]:float16;ttsim.ttnn.Tensor_118[1888x1888]:float16,ttsim.ttnn.Op_59.out[1888x1888]:float16,,,,FALSE,FALSE,,7129088,3564544,14258176,7129088,{'mac': 6729859072},0,7129088,3564544,6729859072,76067,61885,30943,50,MEM,388711,0.388711,485888,76067,0,0.485888,0.6,0,0,0,0,0,TRUE,LoFi,485888
Wormhole,n150,1000,MATRIX,INT8,TTNN,Matmul2Tensors_1,sweep_32_to_4096_bf16,1,58,ttsim.ttnn.Op_59,TRUE,TRUE,MatMul,1,"{'compute_kernel_config': WormholeComputeKernelConfig(math_fidelity=<MathFidelity.HiFi2: 2>, math_approx_mode=False, dst_full_sync_en=False, fp32_dest_acc_en=False, packer_l1_acc=True), 'memory_config': <MemoryConfig.L1: 2>}","['ttsim.ttnn.Tensor_117', 'ttsim.ttnn.Tensor_118']",['ttsim.ttnn.Op_59.out'],ttsim.ttnn.Tensor_117[1888x1888]:float16;ttsim.ttnn.Tensor_118[1888x1888]:float16,ttsim.ttnn.Op_59.out[1888x1888]:float16,,,,FALSE,FALSE,,7129088,3564544,14258176,7129088,{'mac': 6729859072},0,7129088,3564544,6729859072,76067,61885,30943,50,MEM,388711,0.388711,485888,76067,0,0.485888,0.6,0,0,0,0,0,TRUE,HiFi2,485888
Wormhole,n150,1000,MATRIX,INT8,TTNN,Matmul2Tensors_1,sweep_32_to_4096_bf16,1,58,ttsim.ttnn.Op_59,TRUE,TRUE,MatMul,1,"{'compute_kernel_config': WormholeComputeKernelConfig(math_fidelity=<MathFidelity.HiFi4: 4>, math_approx_mode=False, dst_full_sync_en=False, fp32_dest_acc_en=False, packer_l1_acc=True), 'memory_config': <MemoryConfig.L1: 2>}","['ttsim.ttnn.Tensor_117', 'ttsim.ttnn.Tensor_118']",['ttsim.ttnn.Op_59.out'],ttsim.ttnn.Tensor_117[1888x1888]:float16;ttsim.ttnn.Tensor_118[1888x1888]:float16,ttsim.ttnn.Op_59.out[1888x1888]:float16,,,,FALSE,FALSE,,7129088,3564544,14258176,7129088,{'mac': 6729859072},0,7129088,3564544,6729859072,76067,61885,30943,50,MEM,388711,0.388711,485888,76067,0,0.485888,0.6,0,0,0,0,0,TRUE,HiFi4,485888
Wormhole,n150,1000,MATRIX,INT8,TTNN,Matmul2Tensors_1,sweep_32_to_4096_bf16,1,59,ttsim.ttnn.Op_60,TRUE,TRUE,MatMul,1,"{'compute_kernel_config': WormholeComputeKernelConfig(math_fidelity=<MathFidelity.LoFi: 1>, math_approx_mode=False, dst_full_sync_en=False, fp32_dest_acc_en=False, packer_l1_acc=True), 'memory_config': <MemoryConfig.L1: 2>}","['ttsim.ttnn.Tensor_119', 'ttsim.ttnn.Tensor_120']",['ttsim.ttnn.Op_60.out'],ttsim.ttnn.Tensor_119[1920x1920]:float16;ttsim.ttnn.Tensor_120[1920x1920]:float16,ttsim.ttnn.Op_60.out[1920x1920]:float16,,,,FALSE,FALSE,,7372800,3686400,14745600,7372800,{'mac': 7077888000},0,7372800,3686400,7077888000,80001,64000,32000,50,MEM,395265,0.395265,494081,80001,0,0.49408,0.6,0,0,0,0,0,TRUE,LoFi,494080
Wormhole,n150,1000,MATRIX,INT8,TTNN,Matmul2Tensors_1,sweep_32_to_4096_bf16,1,59,ttsim.ttnn.Op_60,TRUE,TRUE,MatMul,1,"{'compute_kernel_config': WormholeComputeKernelConfig(math_fidelity=<MathFidelity.HiFi2: 2>, math_approx_mode=False, dst_full_sync_en=False, fp32_dest_acc_en=False, packer_l1_acc=True), 'memory_config': <MemoryConfig.L1: 2>}","['ttsim.ttnn.Tensor_119', 'ttsim.ttnn.Tensor_120']",['ttsim.ttnn.Op_60.out'],ttsim.ttnn.Tensor_119[1920x1920]:float16;ttsim.ttnn.Tensor_120[1920x1920]:float16,ttsim.ttnn.Op_60.out[1920x1920]:float16,,,,FALSE,FALSE,,7372800,3686400,14745600,7372800,{'mac': 7077888000},0,7372800,3686400,7077888000,80001,64000,32000,50,MEM,395265,0.395265,494081,80001,0,0.49408,0.6,0,0,0,0,0,TRUE,HiFi2,494080
Wormhole,n150,1000,MATRIX,INT8,TTNN,Matmul2Tensors_1,sweep_32_to_4096_bf16,1,59,ttsim.ttnn.Op_60,TRUE,TRUE,MatMul,1,"{'compute_kernel_config': WormholeComputeKernelConfig(math_fidelity=<MathFidelity.HiFi4: 4>, math_approx_mode=False, dst_full_sync_en=False, fp32_dest_acc_en=False, packer_l1_acc=True), 'memory_config': <MemoryConfig.L1: 2>}","['ttsim.ttnn.Tensor_119', 'ttsim.ttnn.Tensor_120']",['ttsim.ttnn.Op_60.out'],ttsim.ttnn.Tensor_119[1920x1920]:float16;ttsim.ttnn.Tensor_120[1920x1920]:float16,ttsim.ttnn.Op_60.out[1920x1920]:float16,,,,FALSE,FALSE,,7372800,3686400,14745600,7372800,{'mac': 7077888000},0,7372800,3686400,7077888000,80001,64000,32000,50,MEM,395265,0.395265,494081,80001,0,0.49408,0.6,0,0,0,0,0,TRUE,HiFi4,494080
Wormhole,n150,1000,MATRIX,INT8,TTNN,Matmul2Tensors_1,sweep_32_to_4096_bf16,1,60,ttsim.ttnn.Op_61,TRUE,TRUE,MatMul,1,"{'compute_kernel_config': WormholeComputeKernelConfig(math_fidelity=<MathFidelity.LoFi: 1>, math_approx_mode=False, dst_full_sync_en=False, fp32_dest_acc_en=False, packer_l1_acc=True), 'memory_config': <MemoryConfig.L1: 2>}","['ttsim.ttnn.Tensor_121', 'ttsim.ttnn.Tensor_122']",['ttsim.ttnn.Op_61.out'],ttsim.ttnn.Tensor_121[1952x1952]:float16;ttsim.ttnn.Tensor_122[1952x1952]:float16,ttsim.ttnn.Op_61.out[1952x1952]:float16,,,,FALSE,FALSE,,7620608,3810304,15241216,7620608,{'mac': 7437713408},0,7620608,3810304,7437713408,84068,66152,33076,50,MEM,401819,0.401819,502273,84068,0,0.502272,0.6,0,0,0,0,0,TRUE,LoFi,502272
Wormhole,n150,1000,MATRIX,INT8,TTNN,Matmul2Tensors_1,sweep_32_to_4096_bf16,1,60,ttsim.ttnn.Op_61,TRUE,TRUE,MatMul,1,"{'compute_kernel_config': WormholeComputeKernelConfig(math_fidelity=<MathFidelity.HiFi2: 2>, math_approx_mode=False, dst_full_sync_en=False, fp32_dest_acc_en=False, packer_l1_acc=True), 'memory_config': <MemoryConfig.L1: 2>}","['ttsim.ttnn.Tensor_121', 'ttsim.ttnn.Tensor_122']",['ttsim.ttnn.Op_61.out'],ttsim.ttnn.Tensor_121[1952x1952]:float16;ttsim.ttnn.Tensor_122[1952x1952]:float16,ttsim.ttnn.Op_61.out[1952x1952]:float16,,,,FALSE,FALSE,,7620608,3810304,15241216,7620608,{'mac': 7437713408},0,7620608,3810304,7437713408,84068,66152,33076,50,MEM,401819,0.401819,502273,84068,0,0.502272,0.6,0,0,0,0,0,TRUE,HiFi2,502272
Wormhole,n150,1000,MATRIX,INT8,TTNN,Matmul2Tensors_1,sweep_32_to_4096_bf16,1,60,ttsim.ttnn.Op_61,TRUE,TRUE,MatMul,1,"{'compute_kernel_config': WormholeComputeKernelConfig(math_fidelity=<MathFidelity.HiFi4: 4>, math_approx_mode=False, dst_full_sync_en=False, fp32_dest_acc_en=False, packer_l1_acc=True), 'memory_config': <MemoryConfig.L1: 2>}","['ttsim.ttnn.Tensor_121', 'ttsim.ttnn.Tensor_122']",['ttsim.ttnn.Op_61.out'],ttsim.ttnn.Tensor_121[1952x1952]:float16;ttsim.ttnn.Tensor_122[1952x1952]:float16,ttsim.ttnn.Op_61.out[1952x1952]:float16,,,,FALSE,FALSE,,7620608,3810304,15241216,7620608,{'mac': 7437713408},0,7620608,3810304,7437713408,84068,66152,33076,50,MEM,401819,0.401819,502273,84068,0,0.502272,0.6,0,0,0,0,0,TRUE,HiFi4,502272
Wormhole,n150,1000,MATRIX,INT8,TTNN,Matmul2Tensors_1,sweep_32_to_4096_bf16,1,61,ttsim.ttnn.Op_62,TRUE,TRUE,MatMul,1,"{'compute_kernel_config': WormholeComputeKernelConfig(math_fidelity=<MathFidelity.LoFi: 1>, math_approx_mode=False, dst_full_sync_en=False, fp32_dest_acc_en=False, packer_l1_acc=True), 'memory_config': <MemoryConfig.L1: 2>}","['ttsim.ttnn.Tensor_123', 'ttsim.ttnn.Tensor_124']",['ttsim.ttnn.Op_62.out'],ttsim.ttnn.Tensor_123[1984x1984]:float16;ttsim.ttnn.Tensor_124[1984x1984]:float16,ttsim.ttnn.Op_62.out[1984x1984]:float16,,,,FALSE,FALSE,,7872512,3936256,15745024,7872512,{'mac': 7809531904},0,7872512,3936256,7809531904,88270,68338,34169,50,MEM,408372,0.408372,510465,88270,0,0.510464,0.6,0,0,0,0,0,TRUE,LoFi,510464
Wormhole,n150,1000,MATRIX,INT8,TTNN,Matmul2Tensors_1,sweep_32_to_4096_bf16,1,61,ttsim.ttnn.Op_62,TRUE,TRUE,MatMul,1,"{'compute_kernel_config': WormholeComputeKernelConfig(math_fidelity=<MathFidelity.HiFi2: 2>, math_approx_mode=False, dst_full_sync_en=False, fp32_dest_acc_en=False, packer_l1_acc=True), 'memory_config': <MemoryConfig.L1: 2>}","['ttsim.ttnn.Tensor_123', 'ttsim.ttnn.Tensor_124']",['ttsim.ttnn.Op_62.out'],ttsim.ttnn.Tensor_123[1984x1984]:float16;ttsim.ttnn.Tensor_124[1984x1984]:float16,ttsim.ttnn.Op_62.out[1984x1984]:float16,,,,FALSE,FALSE,,7872512,3936256,15745024,7872512,{'mac': 7809531904},0,7872512,3936256,7809531904,88270,68338,34169,50,MEM,408372,0.408372,510465,88270,0,0.510464,0.6,0,0,0,0,0,TRUE,HiFi2,510464
Wormhole,n150,1000,MATRIX,INT8,TTNN,Matmul2Tensors_1,sweep_32_to_4096_bf16,1,61,ttsim.ttnn.Op_62,TRUE,TRUE,MatMul,1,"{'compute_kernel_config': WormholeComputeKernelConfig(math_fidelity=<MathFidelity.HiFi4: 4>, math_approx_mode=False, dst_full_sync_en=False, fp32_dest_acc_en=False, packer_l1_acc=True), 'memory_config': <MemoryConfig.L1: 2>}","['ttsim.ttnn.Tensor_123', 'ttsim.ttnn.Tensor_124']",['ttsim.ttnn.Op_62.out'],ttsim.ttnn.Tensor_123[1984x1984]:float16;ttsim.ttnn.Tensor_124[1984x1984]:float16,ttsim.ttnn.Op_62.out[1984x1984]:float16,,,,FALSE,FALSE,,7872512,3936256,15745024,7872512,{'mac': 7809531904},0,7872512,3936256,7809531904,88270,68338,34169,50,MEM,408372,0.408372,510465,88270,0,0.510464,0.6,0,0,0,0,0,TRUE,HiFi4,510464
Wormhole,n150,1000,MATRIX,INT8,TTNN,Matmul2Tensors_1,sweep_32_to_4096_bf16,1,62,ttsim.ttnn.Op_63,TRUE,TRUE,MatMul,1,"{'compute_kernel_config': WormholeComputeKernelConfig(math_fidelity=<MathFidelity.LoFi: 1>, math_approx_mode=False, dst_full_sync_en=False, fp32_dest_acc_en=False, packer_l1_acc=True), 'memory_config': <MemoryConfig.L1: 2>}","['ttsim.ttnn.Tensor_125', 'ttsim.ttnn.Tensor_126']",['ttsim.ttnn.Op_63.out'],ttsim.ttnn.Tensor_125[2016x2016]:float16;ttsim.ttnn.Tensor_126[2016x2016]:float16,ttsim.ttnn.Op_63.out[2016x2016]:float16,,,,FALSE,FALSE,,8128512,4064256,16257024,8128512,{'mac': 8193540096},0,8128512,4064256,8193540096,92611,70560,35280,50,MEM,414925,0.414925,518656,92611,0,0.518656,0.6,0,0,0,0,0,TRUE,LoFi,518656
Wormhole,n150,1000,MATRIX,INT8,TTNN,Matmul2Tensors_1,sweep_32_to_4096_bf16,1,62,ttsim.ttnn.Op_63,TRUE,TRUE,MatMul,1,"{'compute_kernel_config': WormholeComputeKernelConfig(math_fidelity=<MathFidelity.HiFi2: 2>, math_approx_mode=False, dst_full_sync_en=False, fp32_dest_acc_en=False, packer_l1_acc=True), 'memory_config': <MemoryConfig.L1: 2>}","['ttsim.ttnn.Tensor_125', 'ttsim.ttnn.Tensor_126']",['ttsim.ttnn.Op_63.out'],ttsim.ttnn.Tensor_125[2016x2016]:float16;ttsim.ttnn.Tensor_126[2016x2016]:float16,ttsim.ttnn.Op_63.out[2016x2016]:float16,,,,FALSE,FALSE,,8128512,4064256,16257024,8128512,{'mac': 8193540096},0,8128512,4064256,8193540096,92611,70560,35280,50,MEM,414925,0.414925,518656,92611,0,0.518656,0.6,0,0,0,0,0,TRUE,HiFi2,518656
Wormhole,n150,1000,MATRIX,INT8,TTNN,Matmul2Tensors_1,sweep_32_to_4096_bf16,1,62,ttsim.ttnn.Op_63,TRUE,TRUE,MatMul,1,"{'compute_kernel_config': WormholeComputeKernelConfig(math_fidelity=<MathFidelity.HiFi4: 4>, math_approx_mode=False, dst_full_sync_en=False, fp32_dest_acc_en=False, packer_l1_acc=True), 'memory_config': <MemoryConfig.L1: 2>}","['ttsim.ttnn.Tensor_125', 'ttsim.ttnn.Tensor_126']",['ttsim.ttnn.Op_63.out'],ttsim.ttnn.Tensor_125[2016x2016]:float16;ttsim.ttnn.Tensor_126[2016x2016]:float16,ttsim.ttnn.Op_63.out[2016x2016]:float16,,,,FALSE,FALSE,,8128512,4064256,16257024,8128512,{'mac': 8193540096},0,8128512,4064256,8193540096,92611,70560,35280,50,MEM,414925,0.414925,518656,92611,0,0.518656,0.6,0,0,0,0,0,TRUE,HiFi4,518656
Wormhole,n150,1000,MATRIX,INT8,TTNN,Matmul2Tensors_1,sweep_32_to_4096_bf16,1,63,ttsim.ttnn.Op_64,TRUE,TRUE,MatMul,1,"{'compute_kernel_config': WormholeComputeKernelConfig(math_fidelity=<MathFidelity.LoFi: 1>, math_approx_mode=False, dst_full_sync_en=False, fp32_dest_acc_en=False, packer_l1_acc=True), 'memory_config': <MemoryConfig.L1: 2>}","['ttsim.ttnn.Tensor_127', 'ttsim.ttnn.Tensor_128']",['ttsim.ttnn.Op_64.out'],ttsim.ttnn.Tensor_127[2048x2048]:float16;ttsim.ttnn.Tensor_128[2048x2048]:float16,ttsim.ttnn.Op_64.out[2048x2048]:float16,,,,FALSE,FALSE,,8388608,4194304,16777216,8388608,{'mac': 8589934592},0,8388608,4194304,8589934592,97091,72818,36409,50,MEM,421479,0.421479,526848,97091,0,0.526848,0.6,0,0,0,0,0,TRUE,LoFi,526848
Wormhole,n150,1000,MATRIX,INT8,TTNN,Matmul2Tensors_1,sweep_32_to_4096_bf16,1,63,ttsim.ttnn.Op_64,TRUE,TRUE,MatMul,1,"{'compute_kernel_config': WormholeComputeKernelConfig(math_fidelity=<MathFidelity.HiFi2: 2>, math_approx_mode=False, dst_full_sync_en=False, fp32_dest_acc_en=False, packer_l1_acc=True), 'memory_config': <MemoryConfig.L1: 2>}","['ttsim.ttnn.Tensor_127', 'ttsim.ttnn.Tensor_128']",['ttsim.ttnn.Op_64.out'],ttsim.ttnn.Tensor_127[2048x2048]:float16;ttsim.ttnn.Tensor_128[2048x2048]:float16,ttsim.ttnn.Op_64.out[2048x2048]:float16,,,,FALSE,FALSE,,8388608,4194304,16777216,8388608,{'mac': 8589934592},0,8388608,4194304,8589934592,97091,72818,36409,50,MEM,421479,0.421479,526848,97091,0,0.526848,0.6,0,0,0,0,0,TRUE,HiFi2,526848
Wormhole,n150,1000,MATRIX,INT8,TTNN,Matmul2Tensors_1,sweep_32_to_4096_bf16,1,63,ttsim.ttnn.Op_64,TRUE,TRUE,MatMul,1,"{'compute_kernel_config': WormholeComputeKernelConfig(math_fidelity=<MathFidelity.HiFi4: 4>, math_approx_mode=False, dst_full_sync_en=False, fp32_dest_acc_en=False, packer_l1_acc=True), 'memory_config': <MemoryConfig.L1: 2>}","['ttsim.ttnn.Tensor_127', 'ttsim.ttnn.Tensor_128']",['ttsim.ttnn.Op_64.out'],ttsim.ttnn.Tensor_127[2048x2048]:float16;ttsim.ttnn.Tensor_128[2048x2048]:float16,ttsim.ttnn.Op_64.out[2048x2048]:float16,,,,FALSE,FALSE,,8388608,4194304,16777216,8388608,{'mac': 8589934592},0,8388608,4194304,8589934592,97091,72818,36409,50,MEM,421479,0.421479,526848,97091,0,0.526848,0.6,0,0,0,0,0,TRUE,HiFi4,526848
Wormhole,n150,1000,MATRIX,INT8,TTNN,Matmul2Tensors_1,sweep_32_to_4096_bf16,1,64,ttsim.ttnn.Op_65,TRUE,TRUE,MatMul,1,"{'compute_kernel_config': WormholeComputeKernelConfig(math_fidelity=<MathFidelity.LoFi: 1>, math_approx_mode=False, dst_full_sync_en=False, fp32_dest_acc_en=False, packer_l1_acc=True), 'memory_config': <MemoryConfig.L1: 2>}","['ttsim.ttnn.Tensor_129', 'ttsim.ttnn.Tensor_130']",['ttsim.ttnn.Op_65.out'],ttsim.ttnn.Tensor_129[2080x2080]:float16;ttsim.ttnn.Tensor_130[2080x2080]:float16,ttsim.ttnn.Op_65.out[2080x2080]:float16,,,,FALSE,FALSE,,8652800,4326400,17305600,8652800,{'mac': 8998912000},0,8652800,4326400,8998912000,101713,75112,37556,50,MEM,684936,0.684936,856170,101713,0,0.85617,0.6,0,0,0,0,0,TRUE,LoFi,856170
Wormhole,n150,1000,MATRIX,INT8,TTNN,Matmul2Tensors_1,sweep_32_to_4096_bf16,1,64,ttsim.ttnn.Op_65,TRUE,TRUE,MatMul,1,"{'compute_kernel_config': WormholeComputeKernelConfig(math_fidelity=<MathFidelity.HiFi2: 2>, math_approx_mode=False, dst_full_sync_en=False, fp32_dest_acc_en=False, packer_l1_acc=True), 'memory_config': <MemoryConfig.L1: 2>}","['ttsim.ttnn.Tensor_129', 'ttsim.ttnn.Tensor_130']",['ttsim.ttnn.Op_65.out'],ttsim.ttnn.Tensor_129[2080x2080]:float16;ttsim.ttnn.Tensor_130[2080x2080]:float16,ttsim.ttnn.Op_65.out[2080x2080]:float16,,,,FALSE,FALSE,,8652800,4326400,17305600,8652800,{'mac': 8998912000},0,8652800,4326400,8998912000,101713,75112,37556,50,MEM,684936,0.684936,856170,101713,0,0.85617,0.6,0,0,0,0,0,TRUE,HiFi2,856170
Wormhole,n150,1000,MATRIX,INT8,TTNN,Matmul2Tensors_1,sweep_32_to_4096_bf16,1,64,ttsim.ttnn.Op_65,TRUE,TRUE,MatMul,1,"{'compute_kernel_config': WormholeComputeKernelConfig(math_fidelity=<MathFidelity.HiFi4: 4>, math_approx_mode=False, dst_full_sync_en=False, fp32_dest_acc_en=False, packer_l1_acc=True), 'memory_config': <MemoryConfig.L1: 2>}","['ttsim.ttnn.Tensor_129', 'ttsim.ttnn.Tensor_130']",['ttsim.ttnn.Op_65.out'],ttsim.ttnn.Tensor_129[2080x2080]:float16;ttsim.ttnn.Tensor_130[2080x2080]:float16,ttsim.ttnn.Op_65.out[2080x2080]:float16,,,,FALSE,FALSE,,8652800,4326400,17305600,8652800,{'mac': 8998912000},0,8652800,4326400,8998912000,101713,75112,37556,50,MEM,684936,0.684936,856170,101713,0,0.85617,0.6,0,0,0,0,0,TRUE,HiFi4,856170
Wormhole,n150,1000,MATRIX,INT8,TTNN,Matmul2Tensors_1,sweep_32_to_4096_bf16,1,65,ttsim.ttnn.Op_66,TRUE,TRUE,MatMul,1,"{'compute_kernel_config': WormholeComputeKernelConfig(math_fidelity=<MathFidelity.LoFi: 1>, math_approx_mode=False, dst_full_sync_en=False, fp32_dest_acc_en=False, packer_l1_acc=True), 'memory_config': <MemoryConfig.L1: 2>}","['ttsim.ttnn.Tensor_131', 'ttsim.ttnn.Tensor_132']",['ttsim.ttnn.Op_66.out'],ttsim.ttnn.Tensor_131[2112x2112]:float16;ttsim.ttnn.Tensor_132[2112x2112]:float16,ttsim.ttnn.Op_66.out[2112x2112]:float16,,,,FALSE,FALSE,,8921088,4460544,17842176,8921088,{'mac': 9420668928},0,8921088,4460544,9420668928,106481,77440,38720,50,MEM,695434,0.695434,869292,106481,0,0.869292,0.6,0,0,0,0,0,TRUE,LoFi,869292
Wormhole,n150,1000,MATRIX,INT8,TTNN,Matmul2Tensors_1,sweep_32_to_4096_bf16,1,65,ttsim.ttnn.Op_66,TRUE,TRUE,MatMul,1,"{'compute_kernel_config': WormholeComputeKernelConfig(math_fidelity=<MathFidelity.HiFi2: 2>, math_approx_mode=False, dst_full_sync_en=False, fp32_dest_acc_en=False, packer_l1_acc=True), 'memory_config': <MemoryConfig.L1: 2>}","['ttsim.ttnn.Tensor_131', 'ttsim.ttnn.Tensor_132']",['ttsim.ttnn.Op_66.out'],ttsim.ttnn.Tensor_131[2112x2112]:float16;ttsim.ttnn.Tensor_132[2112x2112]:float16,ttsim.ttnn.Op_66.out[2112x2112]:float16,,,,FALSE,FALSE,,8921088,4460544,17842176,8921088,{'mac': 9420668928},0,8921088,4460544,9420668928,106481,77440,38720,50,MEM,695434,0.695434,869292,106481,0,0.869292,0.6,0,0,0,0,0,TRUE,HiFi2,869292
Wormhole,n150,1000,MATRIX,INT8,TTNN,Matmul2Tensors_1,sweep_32_to_4096_bf16,1,65,ttsim.ttnn.Op_66,TRUE,TRUE,MatMul,1,"{'compute_kernel_config': WormholeComputeKernelConfig(math_fidelity=<MathFidelity.HiFi4: 4>, math_approx_mode=False, dst_full_sync_en=False, fp32_dest_acc_en=False, packer_l1_acc=True), 'memory_config': <MemoryConfig.L1: 2>}","['ttsim.ttnn.Tensor_131', 'ttsim.ttnn.Tensor_132']",['ttsim.ttnn.Op_66.out'],ttsim.ttnn.Tensor_131[2112x2112]:float16;ttsim.ttnn.Tensor_132[2112x2112]:float16,ttsim.ttnn.Op_66.out[2112x2112]:float16,,,,FALSE,FALSE,,8921088,4460544,17842176,8921088,{'mac': 9420668928},0,8921088,4460544,9420668928,106481,77440,38720,50,MEM,695434,0.695434,869292,106481,0,0.869292,0.6,0,0,0,0,0,TRUE,HiFi4,869292
Wormhole,n150,1000,MATRIX,INT8,TTNN,Matmul2Tensors_1,sweep_32_to_4096_bf16,1,66,ttsim.ttnn.Op_67,TRUE,TRUE,MatMul,1,"{'compute_kernel_config': WormholeComputeKernelConfig(math_fidelity=<MathFidelity.LoFi: 1>, math_approx_mode=False, dst_full_sync_en=False, fp32_dest_acc_en=False, packer_l1_acc=True), 'memory_config': <MemoryConfig.L1: 2>}","['ttsim.ttnn.Tensor_133', 'ttsim.ttnn.Tensor_134']",['ttsim.ttnn.Op_67.out'],ttsim.ttnn.Tensor_133[2144x2144]:float16;ttsim.ttnn.Tensor_134[2144x2144]:float16,ttsim.ttnn.Op_67.out[2144x2144]:float16,,,,FALSE,FALSE,,9193472,4596736,18386944,9193472,{'mac': 9855401984},0,9193472,4596736,9855401984,111394,79805,39903,50,MEM,705932,0.705932,882414,111394,0,0.882414,0.6,0,0,0,0,0,TRUE,LoFi,882414
Wormhole,n150,1000,MATRIX,INT8,TTNN,Matmul2Tensors_1,sweep_32_to_4096_bf16,1,66,ttsim.ttnn.Op_67,TRUE,TRUE,MatMul,1,"{'compute_kernel_config': WormholeComputeKernelConfig(math_fidelity=<MathFidelity.HiFi2: 2>, math_approx_mode=False, dst_full_sync_en=False, fp32_dest_acc_en=False, packer_l1_acc=True), 'memory_config': <MemoryConfig.L1: 2>}","['ttsim.ttnn.Tensor_133', 'ttsim.ttnn.Tensor_134']",['ttsim.ttnn.Op_67.out'],ttsim.ttnn.Tensor_133[2144x2144]:float16;ttsim.ttnn.Tensor_134[2144x2144]:float16,ttsim.ttnn.Op_67.out[2144x2144]:float16,,,,FALSE,FALSE,,9193472,4596736,18386944,9193472,{'mac': 9855401984},0,9193472,4596736,9855401984,111394,79805,39903,50,MEM,705932,0.705932,882414,111394,0,0.882414,0.6,0,0,0,0,0,TRUE,HiFi2,882414
Wormhole,n150,1000,MATRIX,INT8,TTNN,Matmul2Tensors_1,sweep_32_to_4096_bf16,1,66,ttsim.ttnn.Op_67,TRUE,TRUE,MatMul,1,"{'compute_kernel_config': WormholeComputeKernelConfig(math_fidelity=<MathFidelity.HiFi4: 4>, math_approx_mode=False, dst_full_sync_en=False, fp32_dest_acc_en=False, packer_l1_acc=True), 'memory_config': <MemoryConfig.L1: 2>}","['ttsim.ttnn.Tensor_133', 'ttsim.ttnn.Tensor_134']",['ttsim.ttnn.Op_67.out'],ttsim.ttnn.Tensor_133[2144x2144]:float16;ttsim.ttnn.Tensor_134[2144x2144]:float16,ttsim.ttnn.Op_67.out[2144x2144]:float16,,,,FALSE,FALSE,,9193472,4596736,18386944,9193472,{'mac': 9855401984},0,9193472,4596736,9855401984,111394,79805,39903,50,MEM,705932,0.705932,882414,111394,0,0.882414,0.6,0,0,0,0,0,TRUE,HiFi4,882414
Wormhole,n150,1000,MATRIX,INT8,TTNN,Matmul2Tensors_1,sweep_32_to_4096_bf16,1,67,ttsim.ttnn.Op_68,TRUE,TRUE,MatMul,1,"{'compute_kernel_config': WormholeComputeKernelConfig(math_fidelity=<MathFidelity.LoFi: 1>, math_approx_mode=False, dst_full_sync_en=False, fp32_dest_acc_en=False, packer_l1_acc=True), 'memory_config': <MemoryConfig.L1: 2>}","['ttsim.ttnn.Tensor_135', 'ttsim.ttnn.Tensor_136']",['ttsim.ttnn.Op_68.out'],ttsim.ttnn.Tensor_135[2176x2176]:float16;ttsim.ttnn.Tensor_136[2176x2176]:float16,ttsim.ttnn.Op_68.out[2176x2176]:float16,,,,FALSE,FALSE,,9469952,4734976,18939904,9469952,{'mac': 10303307776},0,9469952,4734976,10303307776,116457,82205,41103,50,MEM,716429,0.716429,895536,116457,0,0.895536,0.6,0,0,0,0,0,TRUE,LoFi,895536
Wormhole,n150,1000,MATRIX,INT8,TTNN,Matmul2Tensors_1,sweep_32_to_4096_bf16,1,67,ttsim.ttnn.Op_68,TRUE,TRUE,MatMul,1,"{'compute_kernel_config': WormholeComputeKernelConfig(math_fidelity=<MathFidelity.HiFi2: 2>, math_approx_mode=False, dst_full_sync_en=False, fp32_dest_acc_en=False, packer_l1_acc=True), 'memory_config': <MemoryConfig.L1: 2>}","['ttsim.ttnn.Tensor_135', 'ttsim.ttnn.Tensor_136']",['ttsim.ttnn.Op_68.out'],ttsim.ttnn.Tensor_135[2176x2176]:float16;ttsim.ttnn.Tensor_136[2176x2176]:float16,ttsim.ttnn.Op_68.out[2176x2176]:float16,,,,FALSE,FALSE,,9469952,4734976,18939904,9469952,{'mac': 10303307776},0,9469952,4734976,10303307776,116457,82205,41103,50,MEM,716429,0.716429,895536,116457,0,0.895536,0.6,0,0,0,0,0,TRUE,HiFi2,895536
Wormhole,n150,1000,MATRIX,INT8,TTNN,Matmul2Tensors_1,sweep_32_to_4096_bf16,1,67,ttsim.ttnn.Op_68,TRUE,TRUE,MatMul,1,"{'compute_kernel_config': WormholeComputeKernelConfig(math_fidelity=<MathFidelity.HiFi4: 4>, math_approx_mode=False, dst_full_sync_en=False, fp32_dest_acc_en=False, packer_l1_acc=True), 'memory_config': <MemoryConfig.L1: 2>}","['ttsim.ttnn.Tensor_135', 'ttsim.ttnn.Tensor_136']",['ttsim.ttnn.Op_68.out'],ttsim.ttnn.Tensor_135[2176x2176]:float16;ttsim.ttnn.Tensor_136[2176x2176]:float16,ttsim.ttnn.Op_68.out[2176x2176]:float16,,,,FALSE,FALSE,,9469952,4734976,18939904,9469952,{'mac': 10303307776},0,9469952,4734976,10303307776,116457,82205,41103,50,MEM,716429,0.716429,895536,116457,0,0.895536,0.6,0,0,0,0,0,TRUE,HiFi4,895536
Wormhole,n150,1000,MATRIX,INT8,TTNN,Matmul2Tensors_1,sweep_32_to_4096_bf16,1,68,ttsim.ttnn.Op_69,TRUE,TRUE,MatMul,1,"{'compute_kernel_config': WormholeComputeKernelConfig(math_fidelity=<MathFidelity.LoFi: 1>, math_approx_mode=False, dst_full_sync_en=False, fp32_dest_acc_en=False, packer_l1_acc=True), 'memory_config': <MemoryConfig.L1: 2>}","['ttsim.ttnn.Tensor_137', 'ttsim.ttnn.Tensor_138']",['ttsim.ttnn.Op_69.out'],ttsim.ttnn.Tensor_137[2208x2208]:float16;ttsim.ttnn.Tensor_138[2208x2208]:float16,ttsim.ttnn.Op_69.out[2208x2208]:float16,,,,FALSE,FALSE,,9750528,4875264,19501056,9750528,{'mac': 10764582912},0,9750528,4875264,10764582912,121671,84640,42320,50,MEM,726927,0.726927,908658,121671,0,0.908658,0.6,0,0,0,0,0,TRUE,LoFi,908658
Wormhole,n150,1000,MATRIX,INT8,TTNN,Matmul2Tensors_1,sweep_32_to_4096_bf16,1,68,ttsim.ttnn.Op_69,TRUE,TRUE,MatMul,1,"{'compute_kernel_config': WormholeComputeKernelConfig(math_fidelity=<MathFidelity.HiFi2: 2>, math_approx_mode=False, dst_full_sync_en=False, fp32_dest_acc_en=False, packer_l1_acc=True), 'memory_config': <MemoryConfig.L1: 2>}","['ttsim.ttnn.Tensor_137', 'ttsim.ttnn.Tensor_138']",['ttsim.ttnn.Op_69.out'],ttsim.ttnn.Tensor_137[2208x2208]:float16;ttsim.ttnn.Tensor_138[2208x2208]:float16,ttsim.ttnn.Op_69.out[2208x2208]:float16,,,,FALSE,FALSE,,9750528,4875264,19501056,9750528,{'mac': 10764582912},0,9750528,4875264,10764582912,121671,84640,42320,50,MEM,726927,0.726927,908658,121671,0,0.908658,0.6,0,0,0,0,0,TRUE,HiFi2,908658
Wormhole,n150,1000,MATRIX,INT8,TTNN,Matmul2Tensors_1,sweep_32_to_4096_bf16,1,68,ttsim.ttnn.Op_69,TRUE,TRUE,MatMul,1,"{'compute_kernel_config': WormholeComputeKernelConfig(math_fidelity=<MathFidelity.HiFi4: 4>, math_approx_mode=False, dst_full_sync_en=False, fp32_dest_acc_en=False, packer_l1_acc=True), 'memory_config': <MemoryConfig.L1: 2>}","['ttsim.ttnn.Tensor_137', 'ttsim.ttnn.Tensor_138']",['ttsim.ttnn.Op_69.out'],ttsim.ttnn.Tensor_137[2208x2208]:float16;ttsim.ttnn.Tensor_138[2208x2208]:float16,ttsim.ttnn.Op_69.out[2208x2208]:float16,,,,FALSE,FALSE,,9750528,4875264,19501056,9750528,{'mac': 10764582912},0,9750528,4875264,10764582912,121671,84640,42320,50,MEM,726927,0.726927,908658,121671,0,0.908658,0.6,0,0,0,0,0,TRUE,HiFi4,908658
Wormhole,n150,1000,MATRIX,INT8,TTNN,Matmul2Tensors_1,sweep_32_to_4096_bf16,1,69,ttsim.ttnn.Op_70,TRUE,TRUE,MatMul,1,"{'compute_kernel_config': WormholeComputeKernelConfig(math_fidelity=<MathFidelity.LoFi: 1>, math_approx_mode=False, dst_full_sync_en=False, fp32_dest_acc_en=False, packer_l1_acc=True), 'memory_config': <MemoryConfig.L1: 2>}","['ttsim.ttnn.Tensor_139', 'ttsim.ttnn.Tensor_140']",['ttsim.ttnn.Op_70.out'],ttsim.ttnn.Tensor_139[2240x2240]:float16;ttsim.ttnn.Tensor_140[2240x2240]:float16,ttsim.ttnn.Op_70.out[2240x2240]:float16,,,,FALSE,FALSE,,10035200,5017600,20070400,10035200,{'mac': 11239424000},0,10035200,5017600,11239424000,127038,87112,43556,50,MEM,737425,0.737425,921781,127038,0,0.92178,0.6,0,0,0,0,0,TRUE,LoFi,921780
Wormhole,n150,1000,MATRIX,INT8,TTNN,Matmul2Tensors_1,sweep_32_to_4096_bf16,1,69,ttsim.ttnn.Op_70,TRUE,TRUE,MatMul,1,"{'compute_kernel_config': WormholeComputeKernelConfig(math_fidelity=<MathFidelity.HiFi2: 2>, math_approx_mode=False, dst_full_sync_en=False, fp32_dest_acc_en=False, packer_l1_acc=True), 'memory_config': <MemoryConfig.L1: 2>}","['ttsim.ttnn.Tensor_139', 'ttsim.ttnn.Tensor_140']",['ttsim.ttnn.Op_70.out'],ttsim.ttnn.Tensor_139[2240x2240]:float16;ttsim.ttnn.Tensor_140[2240x2240]:float16,ttsim.ttnn.Op_70.out[2240x2240]:float16,,,,FALSE,FALSE,,10035200,5017600,20070400,10035200,{'mac': 11239424000},0,10035200,5017600,11239424000,127038,87112,43556,50,MEM,737425,0.737425,921781,127038,0,0.92178,0.6,0,0,0,0,0,TRUE,HiFi2,921780
Wormhole,n150,1000,MATRIX,INT8,TTNN,Matmul2Tensors_1,sweep_32_to_4096_bf16,1,69,ttsim.ttnn.Op_70,TRUE,TRUE,MatMul,1,"{'compute_kernel_config': WormholeComputeKernelConfig(math_fidelity=<MathFidelity.HiFi4: 4>, math_approx_mode=False, dst_full_sync_en=False, fp32_dest_acc_en=False, packer_l1_acc=True), 'memory_config': <MemoryConfig.L1: 2>}","['ttsim.ttnn.Tensor_139', 'ttsim.ttnn.Tensor_140']",['ttsim.ttnn.Op_70.out'],ttsim.ttnn.Tensor_139[2240x2240]:float16;ttsim.ttnn.Tensor_140[2240x2240]:float16,ttsim.ttnn.Op_70.out[2240x2240]:float16,,,,FALSE,FALSE,,10035200,5017600,20070400,10035200,{'mac': 11239424000},0,10035200,5017600,11239424000,127038,87112,43556,50,MEM,737425,0.737425,921781,127038,0,0.92178,0.6,0,0,0,0,0,TRUE,HiFi4,921780
Wormhole,n150,1000,MATRIX,INT8,TTNN,Matmul2Tensors_1,sweep_32_to_4096_bf16,1,70,ttsim.ttnn.Op_71,TRUE,TRUE,MatMul,1,"{'compute_kernel_config': WormholeComputeKernelConfig(math_fidelity=<MathFidelity.LoFi: 1>, math_approx_mode=False, dst_full_sync_en=False, fp32_dest_acc_en=False, packer_l1_acc=True), 'memory_config': <MemoryConfig.L1: 2>}","['ttsim.ttnn.Tensor_141', 'ttsim.ttnn.Tensor_142']",['ttsim.ttnn.Op_71.out'],ttsim.ttnn.Tensor_141[2272x2272]:float16;ttsim.ttnn.Tensor_142[2272x2272]:float16,ttsim.ttnn.Op_71.out[2272x2272]:float16,,,,FALSE,FALSE,,10323968,5161984,20647936,10323968,{'mac': 11728027648},0,10323968,5161984,11728027648,132560,89618,44809,50,MEM,747922,0.747922,934902,132560,0,0.934902,0.6,0,0,0,0,0,TRUE,LoFi,934902
Wormhole,n150,1000,MATRIX,INT8,TTNN,Matmul2Tensors_1,sweep_32_to_4096_bf16,1,70,ttsim.ttnn.Op_71,TRUE,TRUE,MatMul,1,"{'compute_kernel_config': WormholeComputeKernelConfig(math_fidelity=<MathFidelity.HiFi2: 2>, math_approx_mode=False, dst_full_sync_en=False, fp32_dest_acc_en=False, packer_l1_acc=True), 'memory_config': <MemoryConfig.L1: 2>}","['ttsim.ttnn.Tensor_141', 'ttsim.ttnn.Tensor_142']",['ttsim.ttnn.Op_71.out'],ttsim.ttnn.Tensor_141[2272x2272]:float16;ttsim.ttnn.Tensor_142[2272x2272]:float16,ttsim.ttnn.Op_71.out[2272x2272]:float16,,,,FALSE,FALSE,,10323968,5161984,20647936,10323968,{'mac': 11728027648},0,10323968,5161984,11728027648,132560,89618,44809,50,MEM,747922,0.747922,934902,132560,0,0.934902,0.6,0,0,0,0,0,TRUE,HiFi2,934902
Wormhole,n150,1000,MATRIX,INT8,TTNN,Matmul2Tensors_1,sweep_32_to_4096_bf16,1,70,ttsim.ttnn.Op_71,TRUE,TRUE,MatMul,1,"{'compute_kernel_config': WormholeComputeKernelConfig(math_fidelity=<MathFidelity.HiFi4: 4>, math_approx_mode=False, dst_full_sync_en=False, fp32_dest_acc_en=False, packer_l1_acc=True), 'memory_config': <MemoryConfig.L1: 2>}","['ttsim.ttnn.Tensor_141', 'ttsim.ttnn.Tensor_142']",['ttsim.ttnn.Op_71.out'],ttsim.ttnn.Tensor_141[2272x2272]:float16;ttsim.ttnn.Tensor_142[2272x2272]:float16,ttsim.ttnn.Op_71.out[2272x2272]:float16,,,,FALSE,FALSE,,10323968,5161984,20647936,10323968,{'mac': 11728027648},0,10323968,5161984,11728027648,132560,89618,44809,50,MEM,747922,0.747922,934902,132560,0,0.934902,0.6,0,0,0,0,0,TRUE,HiFi4,934902
Wormhole,n150,1000,MATRIX,INT8,TTNN,Matmul2Tensors_1,sweep_32_to_4096_bf16,1,71,ttsim.ttnn.Op_72,TRUE,TRUE,MatMul,1,"{'compute_kernel_config': WormholeComputeKernelConfig(math_fidelity=<MathFidelity.LoFi: 1>, math_approx_mode=False, dst_full_sync_en=False, fp32_dest_acc_en=False, packer_l1_acc=True), 'memory_config': <MemoryConfig.L1: 2>}","['ttsim.ttnn.Tensor_143', 'ttsim.ttnn.Tensor_144']",['ttsim.ttnn.Op_72.out'],ttsim.ttnn.Tensor_143[2304x2304]:float16;ttsim.ttnn.Tensor_144[2304x2304]:float16,ttsim.ttnn.Op_72.out[2304x2304]:float16,,,,FALSE,FALSE,,10616832,5308416,21233664,10616832,{'mac': 12230590464},0,10616832,5308416,12230590464,138240,92160,46080,50,COMP,758420,0.75842,948024,138240,0,0.948024,0.6,0,0,0,0,0,TRUE,LoFi,948024
Wormhole,n150,1000,MATRIX,INT8,TTNN,Matmul2Tensors_1,sweep_32_to_4096_bf16,1,71,ttsim.ttnn.Op_72,TRUE,TRUE,MatMul,1,"{'compute_kernel_config': WormholeComputeKernelConfig(math_fidelity=<MathFidelity.HiFi2: 2>, math_approx_mode=False, dst_full_sync_en=False, fp32_dest_acc_en=False, packer_l1_acc=True), 'memory_config': <MemoryConfig.L1: 2>}","['ttsim.ttnn.Tensor_143', 'ttsim.ttnn.Tensor_144']",['ttsim.ttnn.Op_72.out'],ttsim.ttnn.Tensor_143[2304x2304]:float16;ttsim.ttnn.Tensor_144[2304x2304]:float16,ttsim.ttnn.Op_72.out[2304x2304]:float16,,,,FALSE,FALSE,,10616832,5308416,21233664,10616832,{'mac': 12230590464},0,10616832,5308416,12230590464,138240,92160,46080,50,COMP,758420,0.75842,948024,138240,0,0.948024,0.6,0,0,0,0,0,TRUE,HiFi2,948024
Wormhole,n150,1000,MATRIX,INT8,TTNN,Matmul2Tensors_1,sweep_32_to_4096_bf16,1,71,ttsim.ttnn.Op_72,TRUE,TRUE,MatMul,1,"{'compute_kernel_config': WormholeComputeKernelConfig(math_fidelity=<MathFidelity.HiFi4: 4>, math_approx_mode=False, dst_full_sync_en=False, fp32_dest_acc_en=False, packer_l1_acc=True), 'memory_config': <MemoryConfig.L1: 2>}","['ttsim.ttnn.Tensor_143', 'ttsim.ttnn.Tensor_144']",['ttsim.ttnn.Op_72.out'],ttsim.ttnn.Tensor_143[2304x2304]:float16;ttsim.ttnn.Tensor_144[2304x2304]:float16,ttsim.ttnn.Op_72.out[2304x2304]:float16,,,,FALSE,FALSE,,10616832,5308416,21233664,10616832,{'mac': 12230590464},0,10616832,5308416,12230590464,138240,92160,46080,50,COMP,758420,0.75842,948024,138240,0,0.948024,0.6,0,0,0,0,0,TRUE,HiFi4,948024
Wormhole,n150,1000,MATRIX,INT8,TTNN,Matmul2Tensors_1,sweep_32_to_4096_bf16,1,72,ttsim.ttnn.Op_73,TRUE,TRUE,MatMul,1,"{'compute_kernel_config': WormholeComputeKernelConfig(math_fidelity=<MathFidelity.LoFi: 1>, math_approx_mode=False, dst_full_sync_en=False, fp32_dest_acc_en=False, packer_l1_acc=True), 'memory_config': <MemoryConfig.L1: 2>}","['ttsim.ttnn.Tensor_145', 'ttsim.ttnn.Tensor_146']",['ttsim.ttnn.Op_73.out'],ttsim.ttnn.Tensor_145[2336x2336]:float16;ttsim.ttnn.Tensor_146[2336x2336]:float16,ttsim.ttnn.Op_73.out[2336x2336]:float16,,,,FALSE,FALSE,,10913792,5456896,21827584,10913792,{'mac': 12747309056},0,10913792,5456896,12747309056,144081,94738,47369,50,COMP,1171200,1.1712,1464000,144081,0,1.464,0.6,0,0,0,0,0,TRUE,LoFi,1464000
Wormhole,n150,1000,MATRIX,INT8,TTNN,Matmul2Tensors_1,sweep_32_to_4096_bf16,1,72,ttsim.ttnn.Op_73,TRUE,TRUE,MatMul,1,"{'compute_kernel_config': WormholeComputeKernelConfig(math_fidelity=<MathFidelity.HiFi2: 2>, math_approx_mode=False, dst_full_sync_en=False, fp32_dest_acc_en=False, packer_l1_acc=True), 'memory_config': <MemoryConfig.L1: 2>}","['ttsim.ttnn.Tensor_145', 'ttsim.ttnn.Tensor_146']",['ttsim.ttnn.Op_73.out'],ttsim.ttnn.Tensor_145[2336x2336]:float16;ttsim.ttnn.Tensor_146[2336x2336]:float16,ttsim.ttnn.Op_73.out[2336x2336]:float16,,,,FALSE,FALSE,,10913792,5456896,21827584,10913792,{'mac': 12747309056},0,10913792,5456896,12747309056,144081,94738,47369,50,COMP,1171200,1.1712,1464000,144081,0,1.464,0.6,0,0,0,0,0,TRUE,HiFi2,1464000
Wormhole,n150,1000,MATRIX,INT8,TTNN,Matmul2Tensors_1,sweep_32_to_4096_bf16,1,72,ttsim.ttnn.Op_73,TRUE,TRUE,MatMul,1,"{'compute_kernel_config': WormholeComputeKernelConfig(math_fidelity=<MathFidelity.HiFi4: 4>, math_approx_mode=False, dst_full_sync_en=False, fp32_dest_acc_en=False, packer_l1_acc=True), 'memory_config': <MemoryConfig.L1: 2>}","['ttsim.ttnn.Tensor_145', 'ttsim.ttnn.Tensor_146']",['ttsim.ttnn.Op_73.out'],ttsim.ttnn.Tensor_145[2336x2336]:float16;ttsim.ttnn.Tensor_146[2336x2336]:float16,ttsim.ttnn.Op_73.out[2336x2336]:float16,,,,FALSE,FALSE,,10913792,5456896,21827584,10913792,{'mac': 12747309056},0,10913792,5456896,12747309056,144081,94738,47369,50,COMP,1171200,1.1712,1464000,144081,0,1.464,0.6,0,0,0,0,0,TRUE,HiFi4,1464000
Wormhole,n150,1000,MATRIX,INT8,TTNN,Matmul2Tensors_1,sweep_32_to_4096_bf16,1,73,ttsim.ttnn.Op_74,TRUE,TRUE,MatMul,1,"{'compute_kernel_config': WormholeComputeKernelConfig(math_fidelity=<MathFidelity.LoFi: 1>, math_approx_mode=False, dst_full_sync_en=False, fp32_dest_acc_en=False, packer_l1_acc=True), 'memory_config': <MemoryConfig.L1: 2>}","['ttsim.ttnn.Tensor_147', 'ttsim.ttnn.Tensor_148']",['ttsim.ttnn.Op_74.out'],ttsim.ttnn.Tensor_147[2368x2368]:float16;ttsim.ttnn.Tensor_148[2368x2368]:float16,ttsim.ttnn.Op_74.out[2368x2368]:float16,,,,FALSE,FALSE,,11214848,5607424,22429696,11214848,{'mac': 13278380032},0,11214848,5607424,13278380032,150083,97352,48676,50,COMP,1187200,1.1872,1484000,150083,0,1.484,0.6,0,0,0,0,0,TRUE,LoFi,1484000
Wormhole,n150,1000,MATRIX,INT8,TTNN,Matmul2Tensors_1,sweep_32_to_4096_bf16,1,73,ttsim.ttnn.Op_74,TRUE,TRUE,MatMul,1,"{'compute_kernel_config': WormholeComputeKernelConfig(math_fidelity=<MathFidelity.HiFi2: 2>, math_approx_mode=False, dst_full_sync_en=False, fp32_dest_acc_en=False, packer_l1_acc=True), 'memory_config': <MemoryConfig.L1: 2>}","['ttsim.ttnn.Tensor_147', 'ttsim.ttnn.Tensor_148']",['ttsim.ttnn.Op_74.out'],ttsim.ttnn.Tensor_147[2368x2368]:float16;ttsim.ttnn.Tensor_148[2368x2368]:float16,ttsim.ttnn.Op_74.out[2368x2368]:float16,,,,FALSE,FALSE,,11214848,5607424,22429696,11214848,{'mac': 13278380032},0,11214848,5607424,13278380032,150083,97352,48676,50,COMP,1187200,1.1872,1484000,150083,0,1.484,0.6,0,0,0,0,0,TRUE,HiFi2,1484000
Wormhole,n150,1000,MATRIX,INT8,TTNN,Matmul2Tensors_1,sweep_32_to_4096_bf16,1,73,ttsim.ttnn.Op_74,TRUE,TRUE,MatMul,1,"{'compute_kernel_config': WormholeComputeKernelConfig(math_fidelity=<MathFidelity.HiFi4: 4>, math_approx_mode=False, dst_full_sync_en=False, fp32_dest_acc_en=False, packer_l1_acc=True), 'memory_config': <MemoryConfig.L1: 2>}","['ttsim.ttnn.Tensor_147', 'ttsim.ttnn.Tensor_148']",['ttsim.ttnn.Op_74.out'],ttsim.ttnn.Tensor_147[2368x2368]:float16;ttsim.ttnn.Tensor_148[2368x2368]:float16,ttsim.ttnn.Op_74.out[2368x2368]:float16,,,,FALSE,FALSE,,11214848,5607424,22429696,11214848,{'mac': 13278380032},0,11214848,5607424,13278380032,150083,97352,48676,50,COMP,1187200,1.1872,1484000,150083,0,1.484,0.6,0,0,0,0,0,TRUE,HiFi4,1484000
Wormhole,n150,1000,MATRIX,INT8,TTNN,Matmul2Tensors_1,sweep_32_to_4096_bf16,1,74,ttsim.ttnn.Op_75,TRUE,TRUE,MatMul,1,"{'compute_kernel_config': WormholeComputeKernelConfig(math_fidelity=<MathFidelity.LoFi: 1>, math_approx_mode=False, dst_full_sync_en=False, fp32_dest_acc_en=False, packer_l1_acc=True), 'memory_config': <MemoryConfig.L1: 2>}","['ttsim.ttnn.Tensor_149', 'ttsim.ttnn.Tensor_150']",['ttsim.ttnn.Op_75.out'],ttsim.ttnn.Tensor_149[2400x2400]:float16;ttsim.ttnn.Tensor_150[2400x2400]:float16,ttsim.ttnn.Op_75.out[2400x2400]:float16,,,,FALSE,FALSE,,11520000,5760000,23040000,11520000,{'mac': 13824000000},0,11520000,5760000,13824000000,156251,100000,50000,50,COMP,1203200,1.2032,1504000,156251,0,1.504,0.6,0,0,0,0,0,TRUE,LoFi,1504000
Wormhole,n150,1000,MATRIX,INT8,TTNN,Matmul2Tensors_1,sweep_32_to_4096_bf16,1,74,ttsim.ttnn.Op_75,TRUE,TRUE,MatMul,1,"{'compute_kernel_config': WormholeComputeKernelConfig(math_fidelity=<MathFidelity.HiFi2: 2>, math_approx_mode=False, dst_full_sync_en=False, fp32_dest_acc_en=False, packer_l1_acc=True), 'memory_config': <MemoryConfig.L1: 2>}","['ttsim.ttnn.Tensor_149', 'ttsim.ttnn.Tensor_150']",['ttsim.ttnn.Op_75.out'],ttsim.ttnn.Tensor_149[2400x2400]:float16;ttsim.ttnn.Tensor_150[2400x2400]:float16,ttsim.ttnn.Op_75.out[2400x2400]:float16,,,,FALSE,FALSE,,11520000,5760000,23040000,11520000,{'mac': 13824000000},0,11520000,5760000,13824000000,156251,100000,50000,50,COMP,1203200,1.2032,1504000,156251,0,1.504,0.6,0,0,0,0,0,TRUE,HiFi2,1504000
Wormhole,n150,1000,MATRIX,INT8,TTNN,Matmul2Tensors_1,sweep_32_to_4096_bf16,1,74,ttsim.ttnn.Op_75,TRUE,TRUE,MatMul,1,"{'compute_kernel_config': WormholeComputeKernelConfig(math_fidelity=<MathFidelity.HiFi4: 4>, math_approx_mode=False, dst_full_sync_en=False, fp32_dest_acc_en=False, packer_l1_acc=True), 'memory_config': <MemoryConfig.L1: 2>}","['ttsim.ttnn.Tensor_149', 'ttsim.ttnn.Tensor_150']",['ttsim.ttnn.Op_75.out'],ttsim.ttnn.Tensor_149[2400x2400]:float16;ttsim.ttnn.Tensor_150[2400x2400]:float16,ttsim.ttnn.Op_75.out[2400x2400]:float16,,,,FALSE,FALSE,,11520000,5760000,23040000,11520000,{'mac': 13824000000},0,11520000,5760000,13824000000,156251,100000,50000,50,COMP,1203200,1.2032,1504000,156251,0,1.504,0.6,0,0,0,0,0,TRUE,HiFi4,1504000
Wormhole,n150,1000,MATRIX,INT8,TTNN,Matmul2Tensors_1,sweep_32_to_4096_bf16,1,75,ttsim.ttnn.Op_76,TRUE,TRUE,MatMul,1,"{'compute_kernel_config': WormholeComputeKernelConfig(math_fidelity=<MathFidelity.LoFi: 1>, math_approx_mode=False, dst_full_sync_en=False, fp32_dest_acc_en=False, packer_l1_acc=True), 'memory_config': <MemoryConfig.L1: 2>}","['ttsim.ttnn.Tensor_151', 'ttsim.ttnn.Tensor_152']",['ttsim.ttnn.Op_76.out'],ttsim.ttnn.Tensor_151[2432x2432]:float16;ttsim.ttnn.Tensor_152[2432x2432]:float16,ttsim.ttnn.Op_76.out[2432x2432]:float16,,,,FALSE,FALSE,,11829248,5914624,23658496,11829248,{'mac': 14384365568},0,11829248,5914624,14384365568,162584,102685,51343,50,COMP,1219200,1.2192,1524000,162584,0,1.524,0.6,0,0,0,0,0,TRUE,LoFi,1524000
Wormhole,n150,1000,MATRIX,INT8,TTNN,Matmul2Tensors_1,sweep_32_to_4096_bf16,1,75,ttsim.ttnn.Op_76,TRUE,TRUE,MatMul,1,"{'compute_kernel_config': WormholeComputeKernelConfig(math_fidelity=<MathFidelity.HiFi2: 2>, math_approx_mode=False, dst_full_sync_en=False, fp32_dest_acc_en=False, packer_l1_acc=True), 'memory_config': <MemoryConfig.L1: 2>}","['ttsim.ttnn.Tensor_151', 'ttsim.ttnn.Tensor_152']",['ttsim.ttnn.Op_76.out'],ttsim.ttnn.Tensor_151[2432x2432]:float16;ttsim.ttnn.Tensor_152[2432x2432]:float16,ttsim.ttnn.Op_76.out[2432x2432]:float16,,,,FALSE,FALSE,,11829248,5914624,23658496,11829248,{'mac': 14384365568},0,11829248,5914624,14384365568,162584,102685,51343,50,COMP,1219200,1.2192,1524000,162584,0,1.524,0.6,0,0,0,0,0,TRUE,HiFi2,1524000
Wormhole,n150,1000,MATRIX,INT8,TTNN,Matmul2Tensors_1,sweep_32_to_4096_bf16,1,75,ttsim.ttnn.Op_76,TRUE,TRUE,MatMul,1,"{'compute_kernel_config': WormholeComputeKernelConfig(math_fidelity=<MathFidelity.HiFi4: 4>, math_approx_mode=False, dst_full_sync_en=False, fp32_dest_acc_en=False, packer_l1_acc=True), 'memory_config': <MemoryConfig.L1: 2>}","['ttsim.ttnn.Tensor_151', 'ttsim.ttnn.Tensor_152']",['ttsim.ttnn.Op_76.out'],ttsim.ttnn.Tensor_151[2432x2432]:float16;ttsim.ttnn.Tensor_152[2432x2432]:float16,ttsim.ttnn.Op_76.out[2432x2432]:float16,,,,FALSE,FALSE,,11829248,5914624,23658496,11829248,{'mac': 14384365568},0,11829248,5914624,14384365568,162584,102685,51343,50,COMP,1219200,1.2192,1524000,162584,0,1.524,0.6,0,0,0,0,0,TRUE,HiFi4,1524000
Wormhole,n150,1000,MATRIX,INT8,TTNN,Matmul2Tensors_1,sweep_32_to_4096_bf16,1,76,ttsim.ttnn.Op_77,TRUE,TRUE,MatMul,1,"{'compute_kernel_config': WormholeComputeKernelConfig(math_fidelity=<MathFidelity.LoFi: 1>, math_approx_mode=False, dst_full_sync_en=False, fp32_dest_acc_en=False, packer_l1_acc=True), 'memory_config': <MemoryConfig.L1: 2>}","['ttsim.ttnn.Tensor_153', 'ttsim.ttnn.Tensor_154']",['ttsim.ttnn.Op_77.out'],ttsim.ttnn.Tensor_153[2464x2464]:float16;ttsim.ttnn.Tensor_154[2464x2464]:float16,ttsim.ttnn.Op_77.out[2464x2464]:float16,,,,FALSE,FALSE,,12142592,6071296,24285184,12142592,{'mac': 14959673344},0,12142592,6071296,14959673344,169087,105405,52703,50,COMP,1235200,1.2352,1544000,169087,0,1.544,0.6,0,0,0,0,0,TRUE,LoFi,1544000
Wormhole,n150,1000,MATRIX,INT8,TTNN,Matmul2Tensors_1,sweep_32_to_4096_bf16,1,76,ttsim.ttnn.Op_77,TRUE,TRUE,MatMul,1,"{'compute_kernel_config': WormholeComputeKernelConfig(math_fidelity=<MathFidelity.HiFi2: 2>, math_approx_mode=False, dst_full_sync_en=False, fp32_dest_acc_en=False, packer_l1_acc=True), 'memory_config': <MemoryConfig.L1: 2>}","['ttsim.ttnn.Tensor_153', 'ttsim.ttnn.Tensor_154']",['ttsim.ttnn.Op_77.out'],ttsim.ttnn.Tensor_153[2464x2464]:float16;ttsim.ttnn.Tensor_154[2464x2464]:float16,ttsim.ttnn.Op_77.out[2464x2464]:float16,,,,FALSE,FALSE,,12142592,6071296,24285184,12142592,{'mac': 14959673344},0,12142592,6071296,14959673344,169087,105405,52703,50,COMP,1235200,1.2352,1544000,169087,0,1.544,0.6,0,0,0,0,0,TRUE,HiFi2,1544000
Wormhole,n150,1000,MATRIX,INT8,TTNN,Matmul2Tensors_1,sweep_32_to_4096_bf16,1,76,ttsim.ttnn.Op_77,TRUE,TRUE,MatMul,1,"{'compute_kernel_config': WormholeComputeKernelConfig(math_fidelity=<MathFidelity.HiFi4: 4>, math_approx_mode=False, dst_full_sync_en=False, fp32_dest_acc_en=False, packer_l1_acc=True), 'memory_config': <MemoryConfig.L1: 2>}","['ttsim.ttnn.Tensor_153', 'ttsim.ttnn.Tensor_154']",['ttsim.ttnn.Op_77.out'],ttsim.ttnn.Tensor_153[2464x2464]:float16;ttsim.ttnn.Tensor_154[2464x2464]:float16,ttsim.ttnn.Op_77.out[2464x2464]:float16,,,,FALSE,FALSE,,12142592,6071296,24285184,12142592,{'mac': 14959673344},0,12142592,6071296,14959673344,169087,105405,52703,50,COMP,1235200,1.2352,1544000,169087,0,1.544,0.6,0,0,0,0,0,TRUE,HiFi4,1544000
Wormhole,n150,1000,MATRIX,INT8,TTNN,Matmul2Tensors_1,sweep_32_to_4096_bf16,1,77,ttsim.ttnn.Op_78,TRUE,TRUE,MatMul,1,"{'compute_kernel_config': WormholeComputeKernelConfig(math_fidelity=<MathFidelity.LoFi: 1>, math_approx_mode=False, dst_full_sync_en=False, fp32_dest_acc_en=False, packer_l1_acc=True), 'memory_config': <MemoryConfig.L1: 2>}","['ttsim.ttnn.Tensor_155', 'ttsim.ttnn.Tensor_156']",['ttsim.ttnn.Op_78.out'],ttsim.ttnn.Tensor_155[2496x2496]:float16;ttsim.ttnn.Tensor_156[2496x2496]:float16,ttsim.ttnn.Op_78.out[2496x2496]:float16,,,,FALSE,FALSE,,12460032,6230016,24920064,12460032,{'mac': 15550119936},0,12460032,6230016,15550119936,175761,108160,54080,50,COMP,1251200,1.2512,1564000,175761,0,1.564,0.6,0,0,0,0,0,TRUE,LoFi,1564000
Wormhole,n150,1000,MATRIX,INT8,TTNN,Matmul2Tensors_1,sweep_32_to_4096_bf16,1,77,ttsim.ttnn.Op_78,TRUE,TRUE,MatMul,1,"{'compute_kernel_config': WormholeComputeKernelConfig(math_fidelity=<MathFidelity.HiFi2: 2>, math_approx_mode=False, dst_full_sync_en=False, fp32_dest_acc_en=False, packer_l1_acc=True), 'memory_config': <MemoryConfig.L1: 2>}","['ttsim.ttnn.Tensor_155', 'ttsim.ttnn.Tensor_156']",['ttsim.ttnn.Op_78.out'],ttsim.ttnn.Tensor_155[2496x2496]:float16;ttsim.ttnn.Tensor_156[2496x2496]:float16,ttsim.ttnn.Op_78.out[2496x2496]:float16,,,,FALSE,FALSE,,12460032,6230016,24920064,12460032,{'mac': 15550119936},0,12460032,6230016,15550119936,175761,108160,54080,50,COMP,1251200,1.2512,1564000,175761,0,1.564,0.6,0,0,0,0,0,TRUE,HiFi2,1564000
Wormhole,n150,1000,MATRIX,INT8,TTNN,Matmul2Tensors_1,sweep_32_to_4096_bf16,1,77,ttsim.ttnn.Op_78,TRUE,TRUE,MatMul,1,"{'compute_kernel_config': WormholeComputeKernelConfig(math_fidelity=<MathFidelity.HiFi4: 4>, math_approx_mode=False, dst_full_sync_en=False, fp32_dest_acc_en=False, packer_l1_acc=True), 'memory_config': <MemoryConfig.L1: 2>}","['ttsim.ttnn.Tensor_155', 'ttsim.ttnn.Tensor_156']",['ttsim.ttnn.Op_78.out'],ttsim.ttnn.Tensor_155[2496x2496]:float16;ttsim.ttnn.Tensor_156[2496x2496]:float16,ttsim.ttnn.Op_78.out[2496x2496]:float16,,,,FALSE,FALSE,,12460032,6230016,24920064,12460032,{'mac': 15550119936},0,12460032,6230016,15550119936,175761,108160,54080,50,COMP,1251200,1.2512,1564000,175761,0,1.564,0.6,0,0,0,0,0,TRUE,HiFi4,1564000
Wormhole,n150,1000,MATRIX,INT8,TTNN,Matmul2Tensors_1,sweep_32_to_4096_bf16,1,78,ttsim.ttnn.Op_79,TRUE,TRUE,MatMul,1,"{'compute_kernel_config': WormholeComputeKernelConfig(math_fidelity=<MathFidelity.LoFi: 1>, math_approx_mode=False, dst_full_sync_en=False, fp32_dest_acc_en=False, packer_l1_acc=True), 'memory_config': <MemoryConfig.L1: 2>}","['ttsim.ttnn.Tensor_157', 'ttsim.ttnn.Tensor_158']",['ttsim.ttnn.Op_79.out'],ttsim.ttnn.Tensor_157[2528x2528]:float16;ttsim.ttnn.Tensor_158[2528x2528]:float16,ttsim.ttnn.Op_79.out[2528x2528]:float16,,,,FALSE,FALSE,,12781568,6390784,25563136,12781568,{'mac': 16155901952},0,12781568,6390784,16155901952,182608,110952,55476,50,COMP,1267200,1.2672,1584000,182608,0,1.584,0.6,0,0,0,0,0,TRUE,LoFi,1584000
Wormhole,n150,1000,MATRIX,INT8,TTNN,Matmul2Tensors_1,sweep_32_to_4096_bf16,1,78,ttsim.ttnn.Op_79,TRUE,TRUE,MatMul,1,"{'compute_kernel_config': WormholeComputeKernelConfig(math_fidelity=<MathFidelity.HiFi2: 2>, math_approx_mode=False, dst_full_sync_en=False, fp32_dest_acc_en=False, packer_l1_acc=True), 'memory_config': <MemoryConfig.L1: 2>}","['ttsim.ttnn.Tensor_157', 'ttsim.ttnn.Tensor_158']",['ttsim.ttnn.Op_79.out'],ttsim.ttnn.Tensor_157[2528x2528]:float16;ttsim.ttnn.Tensor_158[2528x2528]:float16,ttsim.ttnn.Op_79.out[2528x2528]:float16,,,,FALSE,FALSE,,12781568,6390784,25563136,12781568,{'mac': 16155901952},0,12781568,6390784,16155901952,182608,110952,55476,50,COMP,1267200,1.2672,1584000,182608,0,1.584,0.6,0,0,0,0,0,TRUE,HiFi2,1584000
Wormhole,n150,1000,MATRIX,INT8,TTNN,Matmul2Tensors_1,sweep_32_to_4096_bf16,1,78,ttsim.ttnn.Op_79,TRUE,TRUE,MatMul,1,"{'compute_kernel_config': WormholeComputeKernelConfig(math_fidelity=<MathFidelity.HiFi4: 4>, math_approx_mode=False, dst_full_sync_en=False, fp32_dest_acc_en=False, packer_l1_acc=True), 'memory_config': <MemoryConfig.L1: 2>}","['ttsim.ttnn.Tensor_157', 'ttsim.ttnn.Tensor_158']",['ttsim.ttnn.Op_79.out'],ttsim.ttnn.Tensor_157[2528x2528]:float16;ttsim.ttnn.Tensor_158[2528x2528]:float16,ttsim.ttnn.Op_79.out[2528x2528]:float16,,,,FALSE,FALSE,,12781568,6390784,25563136,12781568,{'mac': 16155901952},0,12781568,6390784,16155901952,182608,110952,55476,50,COMP,1267200,1.2672,1584000,182608,0,1.584,0.6,0,0,0,0,0,TRUE,HiFi4,1584000
Wormhole,n150,1000,MATRIX,INT8,TTNN,Matmul2Tensors_1,sweep_32_to_4096_bf16,1,79,ttsim.ttnn.Op_80,TRUE,TRUE,MatMul,1,"{'compute_kernel_config': WormholeComputeKernelConfig(math_fidelity=<MathFidelity.LoFi: 1>, math_approx_mode=False, dst_full_sync_en=False, fp32_dest_acc_en=False, packer_l1_acc=True), 'memory_config': <MemoryConfig.L1: 2>}","['ttsim.ttnn.Tensor_159', 'ttsim.ttnn.Tensor_160']",['ttsim.ttnn.Op_80.out'],ttsim.ttnn.Tensor_159[2560x2560]:float16;ttsim.ttnn.Tensor_160[2560x2560]:float16,ttsim.ttnn.Op_80.out[2560x2560]:float16,,,,FALSE,FALSE,,13107200,6553600,26214400,13107200,{'mac': 16777216000},0,13107200,6553600,16777216000,189630,113778,56889,50,COMP,1283200,1.2832,1604000,189630,0,1.604,0.6,0,0,0,0,0,TRUE,LoFi,1604000
Wormhole,n150,1000,MATRIX,INT8,TTNN,Matmul2Tensors_1,sweep_32_to_4096_bf16,1,79,ttsim.ttnn.Op_80,TRUE,TRUE,MatMul,1,"{'compute_kernel_config': WormholeComputeKernelConfig(math_fidelity=<MathFidelity.HiFi2: 2>, math_approx_mode=False, dst_full_sync_en=False, fp32_dest_acc_en=False, packer_l1_acc=True), 'memory_config': <MemoryConfig.L1: 2>}","['ttsim.ttnn.Tensor_159', 'ttsim.ttnn.Tensor_160']",['ttsim.ttnn.Op_80.out'],ttsim.ttnn.Tensor_159[2560x2560]:float16;ttsim.ttnn.Tensor_160[2560x2560]:float16,ttsim.ttnn.Op_80.out[2560x2560]:float16,,,,FALSE,FALSE,,13107200,6553600,26214400,13107200,{'mac': 16777216000},0,13107200,6553600,16777216000,189630,113778,56889,50,COMP,1283200,1.2832,1604000,189630,0,1.604,0.6,0,0,0,0,0,TRUE,HiFi2,1604000
Wormhole,n150,1000,MATRIX,INT8,TTNN,Matmul2Tensors_1,sweep_32_to_4096_bf16,1,79,ttsim.ttnn.Op_80,TRUE,TRUE,MatMul,1,"{'compute_kernel_config': WormholeComputeKernelConfig(math_fidelity=<MathFidelity.HiFi4: 4>, math_approx_mode=False, dst_full_sync_en=False, fp32_dest_acc_en=False, packer_l1_acc=True), 'memory_config': <MemoryConfig.L1: 2>}","['ttsim.ttnn.Tensor_159', 'ttsim.ttnn.Tensor_160']",['ttsim.ttnn.Op_80.out'],ttsim.ttnn.Tensor_159[2560x2560]:float16;ttsim.ttnn.Tensor_160[2560x2560]:float16,ttsim.ttnn.Op_80.out[2560x2560]:float16,,,,FALSE,FALSE,,13107200,6553600,26214400,13107200,{'mac': 16777216000},0,13107200,6553600,16777216000,189630,113778,56889,50,COMP,1283200,1.2832,1604000,189630,0,1.604,0.6,0,0,0,0,0,TRUE,HiFi4,1604000
Wormhole,n150,1000,MATRIX,INT8,TTNN,Matmul2Tensors_1,sweep_32_to_4096_bf16,1,80,ttsim.ttnn.Op_81,TRUE,TRUE,MatMul,1,"{'compute_kernel_config': WormholeComputeKernelConfig(math_fidelity=<MathFidelity.LoFi: 1>, math_approx_mode=False, dst_full_sync_en=False, fp32_dest_acc_en=False, packer_l1_acc=True), 'memory_config': <MemoryConfig.L1: 2>}","['ttsim.ttnn.Tensor_161', 'ttsim.ttnn.Tensor_162']",['ttsim.ttnn.Op_81.out'],ttsim.ttnn.Tensor_161[2592x2592]:float16;ttsim.ttnn.Tensor_162[2592x2592]:float16,ttsim.ttnn.Op_81.out[2592x2592]:float16,,,,FALSE,FALSE,,13436928,6718464,26873856,13436928,{'mac': 17414258688},0,13436928,6718464,17414258688,196831,116640,58320,50,COMP,1901347,1.901347,2376683,196831,0,2.376682,0.6,0,0,0,0,0,TRUE,LoFi,2376682
Wormhole,n150,1000,MATRIX,INT8,TTNN,Matmul2Tensors_1,sweep_32_to_4096_bf16,1,80,ttsim.ttnn.Op_81,TRUE,TRUE,MatMul,1,"{'compute_kernel_config': WormholeComputeKernelConfig(math_fidelity=<MathFidelity.HiFi2: 2>, math_approx_mode=False, dst_full_sync_en=False, fp32_dest_acc_en=False, packer_l1_acc=True), 'memory_config': <MemoryConfig.L1: 2>}","['ttsim.ttnn.Tensor_161', 'ttsim.ttnn.Tensor_162']",['ttsim.ttnn.Op_81.out'],ttsim.ttnn.Tensor_161[2592x2592]:float16;ttsim.ttnn.Tensor_162[2592x2592]:float16,ttsim.ttnn.Op_81.out[2592x2592]:float16,,,,FALSE,FALSE,,13436928,6718464,26873856,13436928,{'mac': 17414258688},0,13436928,6718464,17414258688,196831,116640,58320,50,COMP,1901347,1.901347,2376683,196831,0,2.376682,0.6,0,0,0,0,0,TRUE,HiFi2,2376682
Wormhole,n150,1000,MATRIX,INT8,TTNN,Matmul2Tensors_1,sweep_32_to_4096_bf16,1,80,ttsim.ttnn.Op_81,TRUE,TRUE,MatMul,1,"{'compute_kernel_config': WormholeComputeKernelConfig(math_fidelity=<MathFidelity.HiFi4: 4>, math_approx_mode=False, dst_full_sync_en=False, fp32_dest_acc_en=False, packer_l1_acc=True), 'memory_config': <MemoryConfig.L1: 2>}","['ttsim.ttnn.Tensor_161', 'ttsim.ttnn.Tensor_162']",['ttsim.ttnn.Op_81.out'],ttsim.ttnn.Tensor_161[2592x2592]:float16;ttsim.ttnn.Tensor_162[2592x2592]:float16,ttsim.ttnn.Op_81.out[2592x2592]:float16,,,,FALSE,FALSE,,13436928,6718464,26873856,13436928,{'mac': 17414258688},0,13436928,6718464,17414258688,196831,116640,58320,50,COMP,1901347,1.901347,2376683,196831,0,2.376682,0.6,0,0,0,0,0,TRUE,HiFi4,2376682
Wormhole,n150,1000,MATRIX,INT8,TTNN,Matmul2Tensors_1,sweep_32_to_4096_bf16,1,81,ttsim.ttnn.Op_82,TRUE,TRUE,MatMul,1,"{'compute_kernel_config': WormholeComputeKernelConfig(math_fidelity=<MathFidelity.LoFi: 1>, math_approx_mode=False, dst_full_sync_en=False, fp32_dest_acc_en=False, packer_l1_acc=True), 'memory_config': <MemoryConfig.L1: 2>}","['ttsim.ttnn.Tensor_163', 'ttsim.ttnn.Tensor_164']",['ttsim.ttnn.Op_82.out'],ttsim.ttnn.Tensor_163[2624x2624]:float16;ttsim.ttnn.Tensor_164[2624x2624]:float16,ttsim.ttnn.Op_82.out[2624x2624]:float16,,,,FALSE,FALSE,,13770752,6885376,27541504,13770752,{'mac': 18067226624},0,13770752,6885376,18067226624,204211,119538,59769,50,COMP,1924772,1.924772,2405964,204211,0,2.405964,0.6,0,0,0,0,0,TRUE,LoFi,2405964
Wormhole,n150,1000,MATRIX,INT8,TTNN,Matmul2Tensors_1,sweep_32_to_4096_bf16,1,81,ttsim.ttnn.Op_82,TRUE,TRUE,MatMul,1,"{'compute_kernel_config': WormholeComputeKernelConfig(math_fidelity=<MathFidelity.HiFi2: 2>, math_approx_mode=False, dst_full_sync_en=False, fp32_dest_acc_en=False, packer_l1_acc=True), 'memory_config': <MemoryConfig.L1: 2>}","['ttsim.ttnn.Tensor_163', 'ttsim.ttnn.Tensor_164']",['ttsim.ttnn.Op_82.out'],ttsim.ttnn.Tensor_163[2624x2624]:float16;ttsim.ttnn.Tensor_164[2624x2624]:float16,ttsim.ttnn.Op_82.out[2624x2624]:float16,,,,FALSE,FALSE,,13770752,6885376,27541504,13770752,{'mac': 18067226624},0,13770752,6885376,18067226624,204211,119538,59769,50,COMP,1924772,1.924772,2405964,204211,0,2.405964,0.6,0,0,0,0,0,TRUE,HiFi2,2405964
Wormhole,n150,1000,MATRIX,INT8,TTNN,Matmul2Tensors_1,sweep_32_to_4096_bf16,1,81,ttsim.ttnn.Op_82,TRUE,TRUE,MatMul,1,"{'compute_kernel_config': WormholeComputeKernelConfig(math_fidelity=<MathFidelity.HiFi4: 4>, math_approx_mode=False, dst_full_sync_en=False, fp32_dest_acc_en=False, packer_l1_acc=True), 'memory_config': <MemoryConfig.L1: 2>}","['ttsim.ttnn.Tensor_163', 'ttsim.ttnn.Tensor_164']",['ttsim.ttnn.Op_82.out'],ttsim.ttnn.Tensor_163[2624x2624]:float16;ttsim.ttnn.Tensor_164[2624x2624]:float16,ttsim.ttnn.Op_82.out[2624x2624]:float16,,,,FALSE,FALSE,,13770752,6885376,27541504,13770752,{'mac': 18067226624},0,13770752,6885376,18067226624,204211,119538,59769,50,COMP,1924772,1.924772,2405964,204211,0,2.405964,0.6,0,0,0,0,0,TRUE,HiFi4,2405964
Wormhole,n150,1000,MATRIX,INT8,TTNN,Matmul2Tensors_1,sweep_32_to_4096_bf16,1,82,ttsim.ttnn.Op_83,TRUE,TRUE,MatMul,1,"{'compute_kernel_config': WormholeComputeKernelConfig(math_fidelity=<MathFidelity.LoFi: 1>, math_approx_mode=False, dst_full_sync_en=False, fp32_dest_acc_en=False, packer_l1_acc=True), 'memory_config': <MemoryConfig.L1: 2>}","['ttsim.ttnn.Tensor_165', 'ttsim.ttnn.Tensor_166']",['ttsim.ttnn.Op_83.out'],ttsim.ttnn.Tensor_165[2656x2656]:float16;ttsim.ttnn.Tensor_166[2656x2656]:float16,ttsim.ttnn.Op_83.out[2656x2656]:float16,,,,FALSE,FALSE,,14108672,7054336,28217344,14108672,{'mac': 18736316416},0,14108672,7054336,18736316416,211773,122472,61236,50,COMP,1948197,1.948197,2435246,211773,0,2.435246,0.6,0,0,0,0,0,TRUE,LoFi,2435246
Wormhole,n150,1000,MATRIX,INT8,TTNN,Matmul2Tensors_1,sweep_32_to_4096_bf16,1,82,ttsim.ttnn.Op_83,TRUE,TRUE,MatMul,1,"{'compute_kernel_config': WormholeComputeKernelConfig(math_fidelity=<MathFidelity.HiFi2: 2>, math_approx_mode=False, dst_full_sync_en=False, fp32_dest_acc_en=False, packer_l1_acc=True), 'memory_config': <MemoryConfig.L1: 2>}","['ttsim.ttnn.Tensor_165', 'ttsim.ttnn.Tensor_166']",['ttsim.ttnn.Op_83.out'],ttsim.ttnn.Tensor_165[2656x2656]:float16;ttsim.ttnn.Tensor_166[2656x2656]:float16,ttsim.ttnn.Op_83.out[2656x2656]:float16,,,,FALSE,FALSE,,14108672,7054336,28217344,14108672,{'mac': 18736316416},0,14108672,7054336,18736316416,211773,122472,61236,50,COMP,1948197,1.948197,2435246,211773,0,2.435246,0.6,0,0,0,0,0,TRUE,HiFi2,2435246
Wormhole,n150,1000,MATRIX,INT8,TTNN,Matmul2Tensors_1,sweep_32_to_4096_bf16,1,82,ttsim.ttnn.Op_83,TRUE,TRUE,MatMul,1,"{'compute_kernel_config': WormholeComputeKernelConfig(math_fidelity=<MathFidelity.HiFi4: 4>, math_approx_mode=False, dst_full_sync_en=False, fp32_dest_acc_en=False, packer_l1_acc=True), 'memory_config': <MemoryConfig.L1: 2>}","['ttsim.ttnn.Tensor_165', 'ttsim.ttnn.Tensor_166']",['ttsim.ttnn.Op_83.out'],ttsim.ttnn.Tensor_165[2656x2656]:float16;ttsim.ttnn.Tensor_166[2656x2656]:float16,ttsim.ttnn.Op_83.out[2656x2656]:float16,,,,FALSE,FALSE,,14108672,7054336,28217344,14108672,{'mac': 18736316416},0,14108672,7054336,18736316416,211773,122472,61236,50,COMP,1948197,1.948197,2435246,211773,0,2.435246,0.6,0,0,0,0,0,TRUE,HiFi4,2435246
Wormhole,n150,1000,MATRIX,INT8,TTNN,Matmul2Tensors_1,sweep_32_to_4096_bf16,1,83,ttsim.ttnn.Op_84,TRUE,TRUE,MatMul,1,"{'compute_kernel_config': WormholeComputeKernelConfig(math_fidelity=<MathFidelity.LoFi: 1>, math_approx_mode=False, dst_full_sync_en=False, fp32_dest_acc_en=False, packer_l1_acc=True), 'memory_config': <MemoryConfig.L1: 2>}","['ttsim.ttnn.Tensor_167', 'ttsim.ttnn.Tensor_168']",['ttsim.ttnn.Op_84.out'],ttsim.ttnn.Tensor_167[2688x2688]:float16;ttsim.ttnn.Tensor_168[2688x2688]:float16,ttsim.ttnn.Op_84.out[2688x2688]:float16,,,,FALSE,FALSE,,14450688,7225344,28901376,14450688,{'mac': 19421724672},0,14450688,7225344,19421724672,219521,125440,62720,50,COMP,1971624,1.971624,2464529,219521,0,2.464528,0.6,0,0,0,0,0,TRUE,LoFi,2464528
Wormhole,n150,1000,MATRIX,INT8,TTNN,Matmul2Tensors_1,sweep_32_to_4096_bf16,1,83,ttsim.ttnn.Op_84,TRUE,TRUE,MatMul,1,"{'compute_kernel_config': WormholeComputeKernelConfig(math_fidelity=<MathFidelity.HiFi2: 2>, math_approx_mode=False, dst_full_sync_en=False, fp32_dest_acc_en=False, packer_l1_acc=True), 'memory_config': <MemoryConfig.L1: 2>}","['ttsim.ttnn.Tensor_167', 'ttsim.ttnn.Tensor_168']",['ttsim.ttnn.Op_84.out'],ttsim.ttnn.Tensor_167[2688x2688]:float16;ttsim.ttnn.Tensor_168[2688x2688]:float16,ttsim.ttnn.Op_84.out[2688x2688]:float16,,,,FALSE,FALSE,,14450688,7225344,28901376,14450688,{'mac': 19421724672},0,14450688,7225344,19421724672,219521,125440,62720,50,COMP,1971624,1.971624,2464529,219521,0,2.464528,0.6,0,0,0,0,0,TRUE,HiFi2,2464528
Wormhole,n150,1000,MATRIX,INT8,TTNN,Matmul2Tensors_1,sweep_32_to_4096_bf16,1,83,ttsim.ttnn.Op_84,TRUE,TRUE,MatMul,1,"{'compute_kernel_config': WormholeComputeKernelConfig(math_fidelity=<MathFidelity.HiFi4: 4>, math_approx_mode=False, dst_full_sync_en=False, fp32_dest_acc_en=False, packer_l1_acc=True), 'memory_config': <MemoryConfig.L1: 2>}","['ttsim.ttnn.Tensor_167', 'ttsim.ttnn.Tensor_168']",['ttsim.ttnn.Op_84.out'],ttsim.ttnn.Tensor_167[2688x2688]:float16;ttsim.ttnn.Tensor_168[2688x2688]:float16,ttsim.ttnn.Op_84.out[2688x2688]:float16,,,,FALSE,FALSE,,14450688,7225344,28901376,14450688,{'mac': 19421724672},0,14450688,7225344,19421724672,219521,125440,62720,50,COMP,1971624,1.971624,2464529,219521,0,2.464528,0.6,0,0,0,0,0,TRUE,HiFi4,2464528
Wormhole,n150,1000,MATRIX,INT8,TTNN,Matmul2Tensors_1,sweep_32_to_4096_bf16,1,84,ttsim.ttnn.Op_85,TRUE,TRUE,MatMul,1,"{'compute_kernel_config': WormholeComputeKernelConfig(math_fidelity=<MathFidelity.LoFi: 1>, math_approx_mode=False, dst_full_sync_en=False, fp32_dest_acc_en=False, packer_l1_acc=True), 'memory_config': <MemoryConfig.L1: 2>}","['ttsim.ttnn.Tensor_169', 'ttsim.ttnn.Tensor_170']",['ttsim.ttnn.Op_85.out'],ttsim.ttnn.Tensor_169[2720x2720]:float16;ttsim.ttnn.Tensor_170[2720x2720]:float16,ttsim.ttnn.Op_85.out[2720x2720]:float16,,,,FALSE,FALSE,,14796800,7398400,29593600,14796800,{'mac': 20123648000},0,14796800,7398400,20123648000,227454,128445,64223,50,COMP,1995048,1.995048,2493810,227454,0,2.49381,0.6,0,0,0,0,0,TRUE,LoFi,2493810
Wormhole,n150,1000,MATRIX,INT8,TTNN,Matmul2Tensors_1,sweep_32_to_4096_bf16,1,84,ttsim.ttnn.Op_85,TRUE,TRUE,MatMul,1,"{'compute_kernel_config': WormholeComputeKernelConfig(math_fidelity=<MathFidelity.HiFi2: 2>, math_approx_mode=False, dst_full_sync_en=False, fp32_dest_acc_en=False, packer_l1_acc=True), 'memory_config': <MemoryConfig.L1: 2>}","['ttsim.ttnn.Tensor_169', 'ttsim.ttnn.Tensor_170']",['ttsim.ttnn.Op_85.out'],ttsim.ttnn.Tensor_169[2720x2720]:float16;ttsim.ttnn.Tensor_170[2720x2720]:float16,ttsim.ttnn.Op_85.out[2720x2720]:float16,,,,FALSE,FALSE,,14796800,7398400,29593600,14796800,{'mac': 20123648000},0,14796800,7398400,20123648000,227454,128445,64223,50,COMP,1995048,1.995048,2493810,227454,0,2.49381,0.6,0,0,0,0,0,TRUE,HiFi2,2493810
Wormhole,n150,1000,MATRIX,INT8,TTNN,Matmul2Tensors_1,sweep_32_to_4096_bf16,1,84,ttsim.ttnn.Op_85,TRUE,TRUE,MatMul,1,"{'compute_kernel_config': WormholeComputeKernelConfig(math_fidelity=<MathFidelity.HiFi4: 4>, math_approx_mode=False, dst_full_sync_en=False, fp32_dest_acc_en=False, packer_l1_acc=True), 'memory_config': <MemoryConfig.L1: 2>}","['ttsim.ttnn.Tensor_169', 'ttsim.ttnn.Tensor_170']",['ttsim.ttnn.Op_85.out'],ttsim.ttnn.Tensor_169[2720x2720]:float16;ttsim.ttnn.Tensor_170[2720x2720]:float16,ttsim.ttnn.Op_85.out[2720x2720]:float16,,,,FALSE,FALSE,,14796800,7398400,29593600,14796800,{'mac': 20123648000},0,14796800,7398400,20123648000,227454,128445,64223,50,COMP,1995048,1.995048,2493810,227454,0,2.49381,0.6,0,0,0,0,0,TRUE,HiFi4,2493810
Wormhole,n150,1000,MATRIX,INT8,TTNN,Matmul2Tensors_1,sweep_32_to_4096_bf16,1,85,ttsim.ttnn.Op_86,TRUE,TRUE,MatMul,1,"{'compute_kernel_config': WormholeComputeKernelConfig(math_fidelity=<MathFidelity.LoFi: 1>, math_approx_mode=False, dst_full_sync_en=False, fp32_dest_acc_en=False, packer_l1_acc=True), 'memory_config': <MemoryConfig.L1: 2>}","['ttsim.ttnn.Tensor_171', 'ttsim.ttnn.Tensor_172']",['ttsim.ttnn.Op_86.out'],ttsim.ttnn.Tensor_171[2752x2752]:float16;ttsim.ttnn.Tensor_172[2752x2752]:float16,ttsim.ttnn.Op_86.out[2752x2752]:float16,,,,FALSE,FALSE,,15147008,7573504,30294016,15147008,{'mac': 20842283008},0,15147008,7573504,20842283008,235577,131485,65743,50,COMP,2018474,2.018474,2523092,235577,0,2.523092,0.6,0,0,0,0,0,TRUE,LoFi,2523092
Wormhole,n150,1000,MATRIX,INT8,TTNN,Matmul2Tensors_1,sweep_32_to_4096_bf16,1,85,ttsim.ttnn.Op_86,TRUE,TRUE,MatMul,1,"{'compute_kernel_config': WormholeComputeKernelConfig(math_fidelity=<MathFidelity.HiFi2: 2>, math_approx_mode=False, dst_full_sync_en=False, fp32_dest_acc_en=False, packer_l1_acc=True), 'memory_config': <MemoryConfig.L1: 2>}","['ttsim.ttnn.Tensor_171', 'ttsim.ttnn.Tensor_172']",['ttsim.ttnn.Op_86.out'],ttsim.ttnn.Tensor_171[2752x2752]:float16;ttsim.ttnn.Tensor_172[2752x2752]:float16,ttsim.ttnn.Op_86.out[2752x2752]:float16,,,,FALSE,FALSE,,15147008,7573504,30294016,15147008,{'mac': 20842283008},0,15147008,7573504,20842283008,235577,131485,65743,50,COMP,2018474,2.018474,2523092,235577,0,2.523092,0.6,0,0,0,0,0,TRUE,HiFi2,2523092
Wormhole,n150,1000,MATRIX,INT8,TTNN,Matmul2Tensors_1,sweep_32_to_4096_bf16,1,85,ttsim.ttnn.Op_86,TRUE,TRUE,MatMul,1,"{'compute_kernel_config': WormholeComputeKernelConfig(math_fidelity=<MathFidelity.HiFi4: 4>, math_approx_mode=False, dst_full_sync_en=False, fp32_dest_acc_en=False, packer_l1_acc=True), 'memory_config': <MemoryConfig.L1: 2>}","['ttsim.ttnn.Tensor_171', 'ttsim.ttnn.Tensor_172']",['ttsim.ttnn.Op_86.out'],ttsim.ttnn.Tensor_171[2752x2752]:float16;ttsim.ttnn.Tensor_172[2752x2752]:float16,ttsim.ttnn.Op_86.out[2752x2752]:float16,,,,FALSE,FALSE,,15147008,7573504,30294016,15147008,{'mac': 20842283008},0,15147008,7573504,20842283008,235577,131485,65743,50,COMP,2018474,2.018474,2523092,235577,0,2.523092,0.6,0,0,0,0,0,TRUE,HiFi4,2523092
Wormhole,n150,1000,MATRIX,INT8,TTNN,Matmul2Tensors_1,sweep_32_to_4096_bf16,1,86,ttsim.ttnn.Op_87,TRUE,TRUE,MatMul,1,"{'compute_kernel_config': WormholeComputeKernelConfig(math_fidelity=<MathFidelity.LoFi: 1>, math_approx_mode=False, dst_full_sync_en=False, fp32_dest_acc_en=False, packer_l1_acc=True), 'memory_config': <MemoryConfig.L1: 2>}","['ttsim.ttnn.Tensor_173', 'ttsim.ttnn.Tensor_174']",['ttsim.ttnn.Op_87.out'],ttsim.ttnn.Tensor_173[2784x2784]:float16;ttsim.ttnn.Tensor_174[2784x2784]:float16,ttsim.ttnn.Op_87.out[2784x2784]:float16,,,,FALSE,FALSE,,15501312,7750656,31002624,15501312,{'mac': 21577826304},0,15501312,7750656,21577826304,243891,134560,67280,50,COMP,2041900,2.0419,2552374,243891,0,2.552374,0.6,0,0,0,0,0,TRUE,LoFi,2552374
Wormhole,n150,1000,MATRIX,INT8,TTNN,Matmul2Tensors_1,sweep_32_to_4096_bf16,1,86,ttsim.ttnn.Op_87,TRUE,TRUE,MatMul,1,"{'compute_kernel_config': WormholeComputeKernelConfig(math_fidelity=<MathFidelity.HiFi2: 2>, math_approx_mode=False, dst_full_sync_en=False, fp32_dest_acc_en=False, packer_l1_acc=True), 'memory_config': <MemoryConfig.L1: 2>}","['ttsim.ttnn.Tensor_173', 'ttsim.ttnn.Tensor_174']",['ttsim.ttnn.Op_87.out'],ttsim.ttnn.Tensor_173[2784x2784]:float16;ttsim.ttnn.Tensor_174[2784x2784]:float16,ttsim.ttnn.Op_87.out[2784x2784]:float16,,,,FALSE,FALSE,,15501312,7750656,31002624,15501312,{'mac': 21577826304},0,15501312,7750656,21577826304,243891,134560,67280,50,COMP,2041900,2.0419,2552374,243891,0,2.552374,0.6,0,0,0,0,0,TRUE,HiFi2,2552374
Wormhole,n150,1000,MATRIX,INT8,TTNN,Matmul2Tensors_1,sweep_32_to_4096_bf16,1,86,ttsim.ttnn.Op_87,TRUE,TRUE,MatMul,1,"{'compute_kernel_config': WormholeComputeKernelConfig(math_fidelity=<MathFidelity.HiFi4: 4>, math_approx_mode=False, dst_full_sync_en=False, fp32_dest_acc_en=False, packer_l1_acc=True), 'memory_config': <MemoryConfig.L1: 2>}","['ttsim.ttnn.Tensor_173', 'ttsim.ttnn.Tensor_174']",['ttsim.ttnn.Op_87.out'],ttsim.ttnn.Tensor_173[2784x2784]:float16;ttsim.ttnn.Tensor_174[2784x2784]:float16,ttsim.ttnn.Op_87.out[2784x2784]:float16,,,,FALSE,FALSE,,15501312,7750656,31002624,15501312,{'mac': 21577826304},0,15501312,7750656,21577826304,243891,134560,67280,50,COMP,2041900,2.0419,2552374,243891,0,2.552374,0.6,0,0,0,0,0,TRUE,HiFi4,2552374
Wormhole,n150,1000,MATRIX,INT8,TTNN,Matmul2Tensors_1,sweep_32_to_4096_bf16,1,87,ttsim.ttnn.Op_88,TRUE,TRUE,MatMul,1,"{'compute_kernel_config': WormholeComputeKernelConfig(math_fidelity=<MathFidelity.LoFi: 1>, math_approx_mode=False, dst_full_sync_en=False, fp32_dest_acc_en=False, packer_l1_acc=True), 'memory_config': <MemoryConfig.L1: 2>}","['ttsim.ttnn.Tensor_175', 'ttsim.ttnn.Tensor_176']",['ttsim.ttnn.Op_88.out'],ttsim.ttnn.Tensor_175[2816x2816]:float16;ttsim.ttnn.Tensor_176[2816x2816]:float16,ttsim.ttnn.Op_88.out[2816x2816]:float16,,,,FALSE,FALSE,,15859712,7929856,31719424,15859712,{'mac': 22330474496},0,15859712,7929856,22330474496,252398,137672,68836,50,COMP,2065325,2.065325,2581656,252398,0,2.581656,0.6,0,0,0,0,0,TRUE,LoFi,2581656
Wormhole,n150,1000,MATRIX,INT8,TTNN,Matmul2Tensors_1,sweep_32_to_4096_bf16,1,87,ttsim.ttnn.Op_88,TRUE,TRUE,MatMul,1,"{'compute_kernel_config': WormholeComputeKernelConfig(math_fidelity=<MathFidelity.HiFi2: 2>, math_approx_mode=False, dst_full_sync_en=False, fp32_dest_acc_en=False, packer_l1_acc=True), 'memory_config': <MemoryConfig.L1: 2>}","['ttsim.ttnn.Tensor_175', 'ttsim.ttnn.Tensor_176']",['ttsim.ttnn.Op_88.out'],ttsim.ttnn.Tensor_175[2816x2816]:float16;ttsim.ttnn.Tensor_176[2816x2816]:float16,ttsim.ttnn.Op_88.out[2816x2816]:float16,,,,FALSE,FALSE,,15859712,7929856,31719424,15859712,{'mac': 22330474496},0,15859712,7929856,22330474496,252398,137672,68836,50,COMP,2065325,2.065325,2581656,252398,0,2.581656,0.6,0,0,0,0,0,TRUE,HiFi2,2581656
Wormhole,n150,1000,MATRIX,INT8,TTNN,Matmul2Tensors_1,sweep_32_to_4096_bf16,1,87,ttsim.ttnn.Op_88,TRUE,TRUE,MatMul,1,"{'compute_kernel_config': WormholeComputeKernelConfig(math_fidelity=<MathFidelity.HiFi4: 4>, math_approx_mode=False, dst_full_sync_en=False, fp32_dest_acc_en=False, packer_l1_acc=True), 'memory_config': <MemoryConfig.L1: 2>}","['ttsim.ttnn.Tensor_175', 'ttsim.ttnn.Tensor_176']",['ttsim.ttnn.Op_88.out'],ttsim.ttnn.Tensor_175[2816x2816]:float16;ttsim.ttnn.Tensor_176[2816x2816]:float16,ttsim.ttnn.Op_88.out[2816x2816]:float16,,,,FALSE,FALSE,,15859712,7929856,31719424,15859712,{'mac': 22330474496},0,15859712,7929856,22330474496,252398,137672,68836,50,COMP,2065325,2.065325,2581656,252398,0,2.581656,0.6,0,0,0,0,0,TRUE,HiFi4,2581656
Wormhole,n150,1000,MATRIX,INT8,TTNN,Matmul2Tensors_1,sweep_32_to_4096_bf16,1,88,ttsim.ttnn.Op_89,TRUE,TRUE,MatMul,1,"{'compute_kernel_config': WormholeComputeKernelConfig(math_fidelity=<MathFidelity.LoFi: 1>, math_approx_mode=False, dst_full_sync_en=False, fp32_dest_acc_en=False, packer_l1_acc=True), 'memory_config': <MemoryConfig.L1: 2>}","['ttsim.ttnn.Tensor_177', 'ttsim.ttnn.Tensor_178']",['ttsim.ttnn.Op_89.out'],ttsim.ttnn.Tensor_177[2848x2848]:float16;ttsim.ttnn.Tensor_178[2848x2848]:float16,ttsim.ttnn.Op_89.out[2848x2848]:float16,,,,FALSE,FALSE,,16222208,8111104,32444416,16222208,{'mac': 23100424192},0,16222208,8111104,23100424192,261100,140818,70409,50,COMP,2957415,2.957415,3696768,261100,0,3.696768,0.6,0,0,0,0,0,TRUE,LoFi,3696768
Wormhole,n150,1000,MATRIX,INT8,TTNN,Matmul2Tensors_1,sweep_32_to_4096_bf16,1,88,ttsim.ttnn.Op_89,TRUE,TRUE,MatMul,1,"{'compute_kernel_config': WormholeComputeKernelConfig(math_fidelity=<MathFidelity.HiFi2: 2>, math_approx_mode=False, dst_full_sync_en=False, fp32_dest_acc_en=False, packer_l1_acc=True), 'memory_config': <MemoryConfig.L1: 2>}","['ttsim.ttnn.Tensor_177', 'ttsim.ttnn.Tensor_178']",['ttsim.ttnn.Op_89.out'],ttsim.ttnn.Tensor_177[2848x2848]:float16;ttsim.ttnn.Tensor_178[2848x2848]:float16,ttsim.ttnn.Op_89.out[2848x2848]:float16,,,,FALSE,FALSE,,16222208,8111104,32444416,16222208,{'mac': 23100424192},0,16222208,8111104,23100424192,261100,140818,70409,50,COMP,2957415,2.957415,3696768,261100,0,3.696768,0.6,0,0,0,0,0,TRUE,HiFi2,3696768
Wormhole,n150,1000,MATRIX,INT8,TTNN,Matmul2Tensors_1,sweep_32_to_4096_bf16,1,88,ttsim.ttnn.Op_89,TRUE,TRUE,MatMul,1,"{'compute_kernel_config': WormholeComputeKernelConfig(math_fidelity=<MathFidelity.HiFi4: 4>, math_approx_mode=False, dst_full_sync_en=False, fp32_dest_acc_en=False, packer_l1_acc=True), 'memory_config': <MemoryConfig.L1: 2>}","['ttsim.ttnn.Tensor_177', 'ttsim.ttnn.Tensor_178']",['ttsim.ttnn.Op_89.out'],ttsim.ttnn.Tensor_177[2848x2848]:float16;ttsim.ttnn.Tensor_178[2848x2848]:float16,ttsim.ttnn.Op_89.out[2848x2848]:float16,,,,FALSE,FALSE,,16222208,8111104,32444416,16222208,{'mac': 23100424192},0,16222208,8111104,23100424192,261100,140818,70409,50,COMP,2957415,2.957415,3696768,261100,0,3.696768,0.6,0,0,0,0,0,TRUE,HiFi4,3696768
Wormhole,n150,1000,MATRIX,INT8,TTNN,Matmul2Tensors_1,sweep_32_to_4096_bf16,1,89,ttsim.ttnn.Op_90,TRUE,TRUE,MatMul,1,"{'compute_kernel_config': WormholeComputeKernelConfig(math_fidelity=<MathFidelity.LoFi: 1>, math_approx_mode=False, dst_full_sync_en=False, fp32_dest_acc_en=False, packer_l1_acc=True), 'memory_config': <MemoryConfig.L1: 2>}","['ttsim.ttnn.Tensor_179', 'ttsim.ttnn.Tensor_180']",['ttsim.ttnn.Op_90.out'],ttsim.ttnn.Tensor_179[2880x2880]:float16;ttsim.ttnn.Tensor_180[2880x2880]:float16,ttsim.ttnn.Op_90.out[2880x2880]:float16,,,,FALSE,FALSE,,16588800,8294400,33177600,16588800,{'mac': 23887872000},0,16588800,8294400,23887872000,270000,144000,72000,50,COMP,2990592,2.990592,3738240,270000,0,3.73824,0.6,0,0,0,0,0,TRUE,LoFi,3738240
Wormhole,n150,1000,MATRIX,INT8,TTNN,Matmul2Tensors_1,sweep_32_to_4096_bf16,1,89,ttsim.ttnn.Op_90,TRUE,TRUE,MatMul,1,"{'compute_kernel_config': WormholeComputeKernelConfig(math_fidelity=<MathFidelity.HiFi2: 2>, math_approx_mode=False, dst_full_sync_en=False, fp32_dest_acc_en=False, packer_l1_acc=True), 'memory_config': <MemoryConfig.L1: 2>}","['ttsim.ttnn.Tensor_179', 'ttsim.ttnn.Tensor_180']",['ttsim.ttnn.Op_90.out'],ttsim.ttnn.Tensor_179[2880x2880]:float16;ttsim.ttnn.Tensor_180[2880x2880]:float16,ttsim.ttnn.Op_90.out[2880x2880]:float16,,,,FALSE,FALSE,,16588800,8294400,33177600,16588800,{'mac': 23887872000},0,16588800,8294400,23887872000,270000,144000,72000,50,COMP,2990592,2.990592,3738240,270000,0,3.73824,0.6,0,0,0,0,0,TRUE,HiFi2,3738240
Wormhole,n150,1000,MATRIX,INT8,TTNN,Matmul2Tensors_1,sweep_32_to_4096_bf16,1,89,ttsim.ttnn.Op_90,TRUE,TRUE,MatMul,1,"{'compute_kernel_config': WormholeComputeKernelConfig(math_fidelity=<MathFidelity.HiFi4: 4>, math_approx_mode=False, dst_full_sync_en=False, fp32_dest_acc_en=False, packer_l1_acc=True), 'memory_config': <MemoryConfig.L1: 2>}","['ttsim.ttnn.Tensor_179', 'ttsim.ttnn.Tensor_180']",['ttsim.ttnn.Op_90.out'],ttsim.ttnn.Tensor_179[2880x2880]:float16;ttsim.ttnn.Tensor_180[2880x2880]:float16,ttsim.ttnn.Op_90.out[2880x2880]:float16,,,,FALSE,FALSE,,16588800,8294400,33177600,16588800,{'mac': 23887872000},0,16588800,8294400,23887872000,270000,144000,72000,50,COMP,2990592,2.990592,3738240,270000,0,3.73824,0.6,0,0,0,0,0,TRUE,HiFi4,3738240
Wormhole,n150,1000,MATRIX,INT8,TTNN,Matmul2Tensors_1,sweep_32_to_4096_bf16,1,90,ttsim.ttnn.Op_91,TRUE,TRUE,MatMul,1,"{'compute_kernel_config': WormholeComputeKernelConfig(math_fidelity=<MathFidelity.LoFi: 1>, math_approx_mode=False, dst_full_sync_en=False, fp32_dest_acc_en=False, packer_l1_acc=True), 'memory_config': <MemoryConfig.L1: 2>}","['ttsim.ttnn.Tensor_181', 'ttsim.ttnn.Tensor_182']",['ttsim.ttnn.Op_91.out'],ttsim.ttnn.Tensor_181[2912x2912]:float16;ttsim.ttnn.Tensor_182[2912x2912]:float16,ttsim.ttnn.Op_91.out[2912x2912]:float16,,,,FALSE,FALSE,,16959488,8479744,33918976,16959488,{'mac': 24693014528},0,16959488,8479744,24693014528,279101,147218,73609,50,COMP,3023770,3.02377,3779712,279101,0,3.779712,0.6,0,0,0,0,0,TRUE,LoFi,3779712
Wormhole,n150,1000,MATRIX,INT8,TTNN,Matmul2Tensors_1,sweep_32_to_4096_bf16,1,90,ttsim.ttnn.Op_91,TRUE,TRUE,MatMul,1,"{'compute_kernel_config': WormholeComputeKernelConfig(math_fidelity=<MathFidelity.HiFi2: 2>, math_approx_mode=False, dst_full_sync_en=False, fp32_dest_acc_en=False, packer_l1_acc=True), 'memory_config': <MemoryConfig.L1: 2>}","['ttsim.ttnn.Tensor_181', 'ttsim.ttnn.Tensor_182']",['ttsim.ttnn.Op_91.out'],ttsim.ttnn.Tensor_181[2912x2912]:float16;ttsim.ttnn.Tensor_182[2912x2912]:float16,ttsim.ttnn.Op_91.out[2912x2912]:float16,,,,FALSE,FALSE,,16959488,8479744,33918976,16959488,{'mac': 24693014528},0,16959488,8479744,24693014528,279101,147218,73609,50,COMP,3023770,3.02377,3779712,279101,0,3.779712,0.6,0,0,0,0,0,TRUE,HiFi2,3779712
Wormhole,n150,1000,MATRIX,INT8,TTNN,Matmul2Tensors_1,sweep_32_to_4096_bf16,1,90,ttsim.ttnn.Op_91,TRUE,TRUE,MatMul,1,"{'compute_kernel_config': WormholeComputeKernelConfig(math_fidelity=<MathFidelity.HiFi4: 4>, math_approx_mode=False, dst_full_sync_en=False, fp32_dest_acc_en=False, packer_l1_acc=True), 'memory_config': <MemoryConfig.L1: 2>}","['ttsim.ttnn.Tensor_181', 'ttsim.ttnn.Tensor_182']",['ttsim.ttnn.Op_91.out'],ttsim.ttnn.Tensor_181[2912x2912]:float16;ttsim.ttnn.Tensor_182[2912x2912]:float16,ttsim.ttnn.Op_91.out[2912x2912]:float16,,,,FALSE,FALSE,,16959488,8479744,33918976,16959488,{'mac': 24693014528},0,16959488,8479744,24693014528,279101,147218,73609,50,COMP,3023770,3.02377,3779712,279101,0,3.779712,0.6,0,0,0,0,0,TRUE,HiFi4,3779712
Wormhole,n150,1000,MATRIX,INT8,TTNN,Matmul2Tensors_1,sweep_32_to_4096_bf16,1,91,ttsim.ttnn.Op_92,TRUE,TRUE,MatMul,1,"{'compute_kernel_config': WormholeComputeKernelConfig(math_fidelity=<MathFidelity.LoFi: 1>, math_approx_mode=False, dst_full_sync_en=False, fp32_dest_acc_en=False, packer_l1_acc=True), 'memory_config': <MemoryConfig.L1: 2>}","['ttsim.ttnn.Tensor_183', 'ttsim.ttnn.Tensor_184']",['ttsim.ttnn.Op_92.out'],ttsim.ttnn.Tensor_183[2944x2944]:float16;ttsim.ttnn.Tensor_184[2944x2944]:float16,ttsim.ttnn.Op_92.out[2944x2944]:float16,,,,FALSE,FALSE,,17334272,8667136,34668544,17334272,{'mac': 25516048384},0,17334272,8667136,25516048384,288403,150472,75236,50,COMP,3056948,3.056948,3821184,288403,0,3.821184,0.6,0,0,0,0,0,TRUE,LoFi,3821184
Wormhole,n150,1000,MATRIX,INT8,TTNN,Matmul2Tensors_1,sweep_32_to_4096_bf16,1,91,ttsim.ttnn.Op_92,TRUE,TRUE,MatMul,1,"{'compute_kernel_config': WormholeComputeKernelConfig(math_fidelity=<MathFidelity.HiFi2: 2>, math_approx_mode=False, dst_full_sync_en=False, fp32_dest_acc_en=False, packer_l1_acc=True), 'memory_config': <MemoryConfig.L1: 2>}","['ttsim.ttnn.Tensor_183', 'ttsim.ttnn.Tensor_184']",['ttsim.ttnn.Op_92.out'],ttsim.ttnn.Tensor_183[2944x2944]:float16;ttsim.ttnn.Tensor_184[2944x2944]:float16,ttsim.ttnn.Op_92.out[2944x2944]:float16,,,,FALSE,FALSE,,17334272,8667136,34668544,17334272,{'mac': 25516048384},0,17334272,8667136,25516048384,288403,150472,75236,50,COMP,3056948,3.056948,3821184,288403,0,3.821184,0.6,0,0,0,0,0,TRUE,HiFi2,3821184
Wormhole,n150,1000,MATRIX,INT8,TTNN,Matmul2Tensors_1,sweep_32_to_4096_bf16,1,91,ttsim.ttnn.Op_92,TRUE,TRUE,MatMul,1,"{'compute_kernel_config': WormholeComputeKernelConfig(math_fidelity=<MathFidelity.HiFi4: 4>, math_approx_mode=False, dst_full_sync_en=False, fp32_dest_acc_en=False, packer_l1_acc=True), 'memory_config': <MemoryConfig.L1: 2>}","['ttsim.ttnn.Tensor_183', 'ttsim.ttnn.Tensor_184']",['ttsim.ttnn.Op_92.out'],ttsim.ttnn.Tensor_183[2944x2944]:float16;ttsim.ttnn.Tensor_184[2944x2944]:float16,ttsim.ttnn.Op_92.out[2944x2944]:float16,,,,FALSE,FALSE,,17334272,8667136,34668544,17334272,{'mac': 25516048384},0,17334272,8667136,25516048384,288403,150472,75236,50,COMP,3056948,3.056948,3821184,288403,0,3.821184,0.6,0,0,0,0,0,TRUE,HiFi4,3821184
Wormhole,n150,1000,MATRIX,INT8,TTNN,Matmul2Tensors_1,sweep_32_to_4096_bf16,1,92,ttsim.ttnn.Op_93,TRUE,TRUE,MatMul,1,"{'compute_kernel_config': WormholeComputeKernelConfig(math_fidelity=<MathFidelity.LoFi: 1>, math_approx_mode=False, dst_full_sync_en=False, fp32_dest_acc_en=False, packer_l1_acc=True), 'memory_config': <MemoryConfig.L1: 2>}","['ttsim.ttnn.Tensor_185', 'ttsim.ttnn.Tensor_186']",['ttsim.ttnn.Op_93.out'],ttsim.ttnn.Tensor_185[2976x2976]:float16;ttsim.ttnn.Tensor_186[2976x2976]:float16,ttsim.ttnn.Op_93.out[2976x2976]:float16,,,,FALSE,FALSE,,17713152,8856576,35426304,17713152,{'mac': 26357170176},0,17713152,8856576,26357170176,297911,153760,76880,50,COMP,3090125,3.090125,3862656,297911,0,3.862656,0.6,0,0,0,0,0,TRUE,LoFi,3862656
Wormhole,n150,1000,MATRIX,INT8,TTNN,Matmul2Tensors_1,sweep_32_to_4096_bf16,1,92,ttsim.ttnn.Op_93,TRUE,TRUE,MatMul,1,"{'compute_kernel_config': WormholeComputeKernelConfig(math_fidelity=<MathFidelity.HiFi2: 2>, math_approx_mode=False, dst_full_sync_en=False, fp32_dest_acc_en=False, packer_l1_acc=True), 'memory_config': <MemoryConfig.L1: 2>}","['ttsim.ttnn.Tensor_185', 'ttsim.ttnn.Tensor_186']",['ttsim.ttnn.Op_93.out'],ttsim.ttnn.Tensor_185[2976x2976]:float16;ttsim.ttnn.Tensor_186[2976x2976]:float16,ttsim.ttnn.Op_93.out[2976x2976]:float16,,,,FALSE,FALSE,,17713152,8856576,35426304,17713152,{'mac': 26357170176},0,17713152,8856576,26357170176,297911,153760,76880,50,COMP,3090125,3.090125,3862656,297911,0,3.862656,0.6,0,0,0,0,0,TRUE,HiFi2,3862656
Wormhole,n150,1000,MATRIX,INT8,TTNN,Matmul2Tensors_1,sweep_32_to_4096_bf16,1,92,ttsim.ttnn.Op_93,TRUE,TRUE,MatMul,1,"{'compute_kernel_config': WormholeComputeKernelConfig(math_fidelity=<MathFidelity.HiFi4: 4>, math_approx_mode=False, dst_full_sync_en=False, fp32_dest_acc_en=False, packer_l1_acc=True), 'memory_config': <MemoryConfig.L1: 2>}","['ttsim.ttnn.Tensor_185', 'ttsim.ttnn.Tensor_186']",['ttsim.ttnn.Op_93.out'],ttsim.ttnn.Tensor_185[2976x2976]:float16;ttsim.ttnn.Tensor_186[2976x2976]:float16,ttsim.ttnn.Op_93.out[2976x2976]:float16,,,,FALSE,FALSE,,17713152,8856576,35426304,17713152,{'mac': 26357170176},0,17713152,8856576,26357170176,297911,153760,76880,50,COMP,3090125,3.090125,3862656,297911,0,3.862656,0.6,0,0,0,0,0,TRUE,HiFi4,3862656
Wormhole,n150,1000,MATRIX,INT8,TTNN,Matmul2Tensors_1,sweep_32_to_4096_bf16,1,93,ttsim.ttnn.Op_94,TRUE,TRUE,MatMul,1,"{'compute_kernel_config': WormholeComputeKernelConfig(math_fidelity=<MathFidelity.LoFi: 1>, math_approx_mode=False, dst_full_sync_en=False, fp32_dest_acc_en=False, packer_l1_acc=True), 'memory_config': <MemoryConfig.L1: 2>}","['ttsim.ttnn.Tensor_187', 'ttsim.ttnn.Tensor_188']",['ttsim.ttnn.Op_94.out'],ttsim.ttnn.Tensor_187[3008x3008]:float16;ttsim.ttnn.Tensor_188[3008x3008]:float16,ttsim.ttnn.Op_94.out[3008x3008]:float16,,,,FALSE,FALSE,,18096128,9048064,36192256,18096128,{'mac': 27216576512},0,18096128,9048064,27216576512,307624,157085,78543,50,COMP,3123303,3.123303,3904128,307624,0,3.904128,0.6,0,0,0,0,0,TRUE,LoFi,3904128
Wormhole,n150,1000,MATRIX,INT8,TTNN,Matmul2Tensors_1,sweep_32_to_4096_bf16,1,93,ttsim.ttnn.Op_94,TRUE,TRUE,MatMul,1,"{'compute_kernel_config': WormholeComputeKernelConfig(math_fidelity=<MathFidelity.HiFi2: 2>, math_approx_mode=False, dst_full_sync_en=False, fp32_dest_acc_en=False, packer_l1_acc=True), 'memory_config': <MemoryConfig.L1: 2>}","['ttsim.ttnn.Tensor_187', 'ttsim.ttnn.Tensor_188']",['ttsim.ttnn.Op_94.out'],ttsim.ttnn.Tensor_187[3008x3008]:float16;ttsim.ttnn.Tensor_188[3008x3008]:float16,ttsim.ttnn.Op_94.out[3008x3008]:float16,,,,FALSE,FALSE,,18096128,9048064,36192256,18096128,{'mac': 27216576512},0,18096128,9048064,27216576512,307624,157085,78543,50,COMP,3123303,3.123303,3904128,307624,0,3.904128,0.6,0,0,0,0,0,TRUE,HiFi2,3904128
Wormhole,n150,1000,MATRIX,INT8,TTNN,Matmul2Tensors_1,sweep_32_to_4096_bf16,1,93,ttsim.ttnn.Op_94,TRUE,TRUE,MatMul,1,"{'compute_kernel_config': WormholeComputeKernelConfig(math_fidelity=<MathFidelity.HiFi4: 4>, math_approx_mode=False, dst_full_sync_en=False, fp32_dest_acc_en=False, packer_l1_acc=True), 'memory_config': <MemoryConfig.L1: 2>}","['ttsim.ttnn.Tensor_187', 'ttsim.ttnn.Tensor_188']",['ttsim.ttnn.Op_94.out'],ttsim.ttnn.Tensor_187[3008x3008]:float16;ttsim.ttnn.Tensor_188[3008x3008]:float16,ttsim.ttnn.Op_94.out[3008x3008]:float16,,,,FALSE,FALSE,,18096128,9048064,36192256,18096128,{'mac': 27216576512},0,18096128,9048064,27216576512,307624,157085,78543,50,COMP,3123303,3.123303,3904128,307624,0,3.904128,0.6,0,0,0,0,0,TRUE,HiFi4,3904128
Wormhole,n150,1000,MATRIX,INT8,TTNN,Matmul2Tensors_1,sweep_32_to_4096_bf16,1,94,ttsim.ttnn.Op_95,TRUE,TRUE,MatMul,1,"{'compute_kernel_config': WormholeComputeKernelConfig(math_fidelity=<MathFidelity.LoFi: 1>, math_approx_mode=False, dst_full_sync_en=False, fp32_dest_acc_en=False, packer_l1_acc=True), 'memory_config': <MemoryConfig.L1: 2>}","['ttsim.ttnn.Tensor_189', 'ttsim.ttnn.Tensor_190']",['ttsim.ttnn.Op_95.out'],ttsim.ttnn.Tensor_189[3040x3040]:float16;ttsim.ttnn.Tensor_190[3040x3040]:float16,ttsim.ttnn.Op_95.out[3040x3040]:float16,,,,FALSE,FALSE,,18483200,9241600,36966400,18483200,{'mac': 28094464000},0,18483200,9241600,28094464000,317547,160445,80223,50,COMP,3156481,3.156481,3945601,317547,0,3.9456,0.6,0,0,0,0,0,TRUE,LoFi,3945600
Wormhole,n150,1000,MATRIX,INT8,TTNN,Matmul2Tensors_1,sweep_32_to_4096_bf16,1,94,ttsim.ttnn.Op_95,TRUE,TRUE,MatMul,1,"{'compute_kernel_config': WormholeComputeKernelConfig(math_fidelity=<MathFidelity.HiFi2: 2>, math_approx_mode=False, dst_full_sync_en=False, fp32_dest_acc_en=False, packer_l1_acc=True), 'memory_config': <MemoryConfig.L1: 2>}","['ttsim.ttnn.Tensor_189', 'ttsim.ttnn.Tensor_190']",['ttsim.ttnn.Op_95.out'],ttsim.ttnn.Tensor_189[3040x3040]:float16;ttsim.ttnn.Tensor_190[3040x3040]:float16,ttsim.ttnn.Op_95.out[3040x3040]:float16,,,,FALSE,FALSE,,18483200,9241600,36966400,18483200,{'mac': 28094464000},0,18483200,9241600,28094464000,317547,160445,80223,50,COMP,3156481,3.156481,3945601,317547,0,3.9456,0.6,0,0,0,0,0,TRUE,HiFi2,3945600
Wormhole,n150,1000,MATRIX,INT8,TTNN,Matmul2Tensors_1,sweep_32_to_4096_bf16,1,94,ttsim.ttnn.Op_95,TRUE,TRUE,MatMul,1,"{'compute_kernel_config': WormholeComputeKernelConfig(math_fidelity=<MathFidelity.HiFi4: 4>, math_approx_mode=False, dst_full_sync_en=False, fp32_dest_acc_en=False, packer_l1_acc=True), 'memory_config': <MemoryConfig.L1: 2>}","['ttsim.ttnn.Tensor_189', 'ttsim.ttnn.Tensor_190']",['ttsim.ttnn.Op_95.out'],ttsim.ttnn.Tensor_189[3040x3040]:float16;ttsim.ttnn.Tensor_190[3040x3040]:float16,ttsim.ttnn.Op_95.out[3040x3040]:float16,,,,FALSE,FALSE,,18483200,9241600,36966400,18483200,{'mac': 28094464000},0,18483200,9241600,28094464000,317547,160445,80223,50,COMP,3156481,3.156481,3945601,317547,0,3.9456,0.6,0,0,0,0,0,TRUE,HiFi4,3945600
Wormhole,n150,1000,MATRIX,INT8,TTNN,Matmul2Tensors_1,sweep_32_to_4096_bf16,1,95,ttsim.ttnn.Op_96,TRUE,TRUE,MatMul,1,"{'compute_kernel_config': WormholeComputeKernelConfig(math_fidelity=<MathFidelity.LoFi: 1>, math_approx_mode=False, dst_full_sync_en=False, fp32_dest_acc_en=False, packer_l1_acc=True), 'memory_config': <MemoryConfig.L1: 2>}","['ttsim.ttnn.Tensor_191', 'ttsim.ttnn.Tensor_192']",['ttsim.ttnn.Op_96.out'],ttsim.ttnn.Tensor_191[3072x3072]:float16;ttsim.ttnn.Tensor_192[3072x3072]:float16,ttsim.ttnn.Op_96.out[3072x3072]:float16,,,,FALSE,FALSE,,18874368,9437184,37748736,18874368,{'mac': 28991029248},0,18874368,9437184,28991029248,327681,163840,81920,50,COMP,3189658,3.189658,3987072,327681,0,3.987072,0.6,0,0,0,0,0,TRUE,LoFi,3987072
Wormhole,n150,1000,MATRIX,INT8,TTNN,Matmul2Tensors_1,sweep_32_to_4096_bf16,1,95,ttsim.ttnn.Op_96,TRUE,TRUE,MatMul,1,"{'compute_kernel_config': WormholeComputeKernelConfig(math_fidelity=<MathFidelity.HiFi2: 2>, math_approx_mode=False, dst_full_sync_en=False, fp32_dest_acc_en=False, packer_l1_acc=True), 'memory_config': <MemoryConfig.L1: 2>}","['ttsim.ttnn.Tensor_191', 'ttsim.ttnn.Tensor_192']",['ttsim.ttnn.Op_96.out'],ttsim.ttnn.Tensor_191[3072x3072]:float16;ttsim.ttnn.Tensor_192[3072x3072]:float16,ttsim.ttnn.Op_96.out[3072x3072]:float16,,,,FALSE,FALSE,,18874368,9437184,37748736,18874368,{'mac': 28991029248},0,18874368,9437184,28991029248,327681,163840,81920,50,COMP,3189658,3.189658,3987072,327681,0,3.987072,0.6,0,0,0,0,0,TRUE,HiFi2,3987072
Wormhole,n150,1000,MATRIX,INT8,TTNN,Matmul2Tensors_1,sweep_32_to_4096_bf16,1,95,ttsim.ttnn.Op_96,TRUE,TRUE,MatMul,1,"{'compute_kernel_config': WormholeComputeKernelConfig(math_fidelity=<MathFidelity.HiFi4: 4>, math_approx_mode=False, dst_full_sync_en=False, fp32_dest_acc_en=False, packer_l1_acc=True), 'memory_config': <MemoryConfig.L1: 2>}","['ttsim.ttnn.Tensor_191', 'ttsim.ttnn.Tensor_192']",['ttsim.ttnn.Op_96.out'],ttsim.ttnn.Tensor_191[3072x3072]:float16;ttsim.ttnn.Tensor_192[3072x3072]:float16,ttsim.ttnn.Op_96.out[3072x3072]:float16,,,,FALSE,FALSE,,18874368,9437184,37748736,18874368,{'mac': 28991029248},0,18874368,9437184,28991029248,327681,163840,81920,50,COMP,3189658,3.189658,3987072,327681,0,3.987072,0.6,0,0,0,0,0,TRUE,HiFi4,3987072
Wormhole,n150,1000,MATRIX,INT8,TTNN,Matmul2Tensors_1,sweep_32_to_4096_bf16,1,96,ttsim.ttnn.Op_97,TRUE,TRUE,MatMul,1,"{'compute_kernel_config': WormholeComputeKernelConfig(math_fidelity=<MathFidelity.LoFi: 1>, math_approx_mode=False, dst_full_sync_en=False, fp32_dest_acc_en=False, packer_l1_acc=True), 'memory_config': <MemoryConfig.L1: 2>}","['ttsim.ttnn.Tensor_193', 'ttsim.ttnn.Tensor_194']",['ttsim.ttnn.Op_97.out'],ttsim.ttnn.Tensor_193[3104x3104]:float16;ttsim.ttnn.Tensor_194[3104x3104]:float16,ttsim.ttnn.Op_97.out[3104x3104]:float16,,,,FALSE,FALSE,,19269632,9634816,38539264,19269632,{'mac': 29906468864},0,19269632,9634816,29906468864,338028,167272,83636,50,COMP,4438076,4.438076,5547594,338028,0,5.547594,0.6,0,0,0,0,0,TRUE,LoFi,5547594
Wormhole,n150,1000,MATRIX,INT8,TTNN,Matmul2Tensors_1,sweep_32_to_4096_bf16,1,96,ttsim.ttnn.Op_97,TRUE,TRUE,MatMul,1,"{'compute_kernel_config': WormholeComputeKernelConfig(math_fidelity=<MathFidelity.HiFi2: 2>, math_approx_mode=False, dst_full_sync_en=False, fp32_dest_acc_en=False, packer_l1_acc=True), 'memory_config': <MemoryConfig.L1: 2>}","['ttsim.ttnn.Tensor_193', 'ttsim.ttnn.Tensor_194']",['ttsim.ttnn.Op_97.out'],ttsim.ttnn.Tensor_193[3104x3104]:float16;ttsim.ttnn.Tensor_194[3104x3104]:float16,ttsim.ttnn.Op_97.out[3104x3104]:float16,,,,FALSE,FALSE,,19269632,9634816,38539264,19269632,{'mac': 29906468864},0,19269632,9634816,29906468864,338028,167272,83636,50,COMP,4438076,4.438076,5547594,338028,0,5.547594,0.6,0,0,0,0,0,TRUE,HiFi2,5547594
Wormhole,n150,1000,MATRIX,INT8,TTNN,Matmul2Tensors_1,sweep_32_to_4096_bf16,1,96,ttsim.ttnn.Op_97,TRUE,TRUE,MatMul,1,"{'compute_kernel_config': WormholeComputeKernelConfig(math_fidelity=<MathFidelity.HiFi4: 4>, math_approx_mode=False, dst_full_sync_en=False, fp32_dest_acc_en=False, packer_l1_acc=True), 'memory_config': <MemoryConfig.L1: 2>}","['ttsim.ttnn.Tensor_193', 'ttsim.ttnn.Tensor_194']",['ttsim.ttnn.Op_97.out'],ttsim.ttnn.Tensor_193[3104x3104]:float16;ttsim.ttnn.Tensor_194[3104x3104]:float16,ttsim.ttnn.Op_97.out[3104x3104]:float16,,,,FALSE,FALSE,,19269632,9634816,38539264,19269632,{'mac': 29906468864},0,19269632,9634816,29906468864,338028,167272,83636,50,COMP,4438076,4.438076,5547594,338028,0,5.547594,0.6,0,0,0,0,0,TRUE,HiFi4,5547594
Wormhole,n150,1000,MATRIX,INT8,TTNN,Matmul2Tensors_1,sweep_32_to_4096_bf16,1,97,ttsim.ttnn.Op_98,TRUE,TRUE,MatMul,1,"{'compute_kernel_config': WormholeComputeKernelConfig(math_fidelity=<MathFidelity.LoFi: 1>, math_approx_mode=False, dst_full_sync_en=False, fp32_dest_acc_en=False, packer_l1_acc=True), 'memory_config': <MemoryConfig.L1: 2>}","['ttsim.ttnn.Tensor_195', 'ttsim.ttnn.Tensor_196']",['ttsim.ttnn.Op_98.out'],ttsim.ttnn.Tensor_195[3136x3136]:float16;ttsim.ttnn.Tensor_196[3136x3136]:float16,ttsim.ttnn.Op_98.out[3136x3136]:float16,,,,FALSE,FALSE,,19668992,9834496,39337984,19668992,{'mac': 30840979456},0,19668992,9834496,30840979456,348590,170738,85369,50,COMP,4483773,4.483773,5604716,348590,0,5.604716,0.6,0,0,0,0,0,TRUE,LoFi,5604716
Wormhole,n150,1000,MATRIX,INT8,TTNN,Matmul2Tensors_1,sweep_32_to_4096_bf16,1,97,ttsim.ttnn.Op_98,TRUE,TRUE,MatMul,1,"{'compute_kernel_config': WormholeComputeKernelConfig(math_fidelity=<MathFidelity.HiFi2: 2>, math_approx_mode=False, dst_full_sync_en=False, fp32_dest_acc_en=False, packer_l1_acc=True), 'memory_config': <MemoryConfig.L1: 2>}","['ttsim.ttnn.Tensor_195', 'ttsim.ttnn.Tensor_196']",['ttsim.ttnn.Op_98.out'],ttsim.ttnn.Tensor_195[3136x3136]:float16;ttsim.ttnn.Tensor_196[3136x3136]:float16,ttsim.ttnn.Op_98.out[3136x3136]:float16,,,,FALSE,FALSE,,19668992,9834496,39337984,19668992,{'mac': 30840979456},0,19668992,9834496,30840979456,348590,170738,85369,50,COMP,4483773,4.483773,5604716,348590,0,5.604716,0.6,0,0,0,0,0,TRUE,HiFi2,5604716
Wormhole,n150,1000,MATRIX,INT8,TTNN,Matmul2Tensors_1,sweep_32_to_4096_bf16,1,97,ttsim.ttnn.Op_98,TRUE,TRUE,MatMul,1,"{'compute_kernel_config': WormholeComputeKernelConfig(math_fidelity=<MathFidelity.HiFi4: 4>, math_approx_mode=False, dst_full_sync_en=False, fp32_dest_acc_en=False, packer_l1_acc=True), 'memory_config': <MemoryConfig.L1: 2>}","['ttsim.ttnn.Tensor_195', 'ttsim.ttnn.Tensor_196']",['ttsim.ttnn.Op_98.out'],ttsim.ttnn.Tensor_195[3136x3136]:float16;ttsim.ttnn.Tensor_196[3136x3136]:float16,ttsim.ttnn.Op_98.out[3136x3136]:float16,,,,FALSE,FALSE,,19668992,9834496,39337984,19668992,{'mac': 30840979456},0,19668992,9834496,30840979456,348590,170738,85369,50,COMP,4483773,4.483773,5604716,348590,0,5.604716,0.6,0,0,0,0,0,TRUE,HiFi4,5604716
Wormhole,n150,1000,MATRIX,INT8,TTNN,Matmul2Tensors_1,sweep_32_to_4096_bf16,1,98,ttsim.ttnn.Op_99,TRUE,TRUE,MatMul,1,"{'compute_kernel_config': WormholeComputeKernelConfig(math_fidelity=<MathFidelity.LoFi: 1>, math_approx_mode=False, dst_full_sync_en=False, fp32_dest_acc_en=False, packer_l1_acc=True), 'memory_config': <MemoryConfig.L1: 2>}","['ttsim.ttnn.Tensor_197', 'ttsim.ttnn.Tensor_198']",['ttsim.ttnn.Op_99.out'],ttsim.ttnn.Tensor_197[3168x3168]:float16;ttsim.ttnn.Tensor_198[3168x3168]:float16,ttsim.ttnn.Op_99.out[3168x3168]:float16,,,,FALSE,FALSE,,20072448,10036224,40144896,20072448,{'mac': 31794757632},0,20072448,10036224,31794757632,359371,174240,87120,50,COMP,4529472,4.529472,5661839,359371,0,5.661838,0.6,0,0,0,0,0,TRUE,LoFi,5661838
Wormhole,n150,1000,MATRIX,INT8,TTNN,Matmul2Tensors_1,sweep_32_to_4096_bf16,1,98,ttsim.ttnn.Op_99,TRUE,TRUE,MatMul,1,"{'compute_kernel_config': WormholeComputeKernelConfig(math_fidelity=<MathFidelity.HiFi2: 2>, math_approx_mode=False, dst_full_sync_en=False, fp32_dest_acc_en=False, packer_l1_acc=True), 'memory_config': <MemoryConfig.L1: 2>}","['ttsim.ttnn.Tensor_197', 'ttsim.ttnn.Tensor_198']",['ttsim.ttnn.Op_99.out'],ttsim.ttnn.Tensor_197[3168x3168]:float16;ttsim.ttnn.Tensor_198[3168x3168]:float16,ttsim.ttnn.Op_99.out[3168x3168]:float16,,,,FALSE,FALSE,,20072448,10036224,40144896,20072448,{'mac': 31794757632},0,20072448,10036224,31794757632,359371,174240,87120,50,COMP,4529472,4.529472,5661839,359371,0,5.661838,0.6,0,0,0,0,0,TRUE,HiFi2,5661838
Wormhole,n150,1000,MATRIX,INT8,TTNN,Matmul2Tensors_1,sweep_32_to_4096_bf16,1,98,ttsim.ttnn.Op_99,TRUE,TRUE,MatMul,1,"{'compute_kernel_config': WormholeComputeKernelConfig(math_fidelity=<MathFidelity.HiFi4: 4>, math_approx_mode=False, dst_full_sync_en=False, fp32_dest_acc_en=False, packer_l1_acc=True), 'memory_config': <MemoryConfig.L1: 2>}","['ttsim.ttnn.Tensor_197', 'ttsim.ttnn.Tensor_198']",['ttsim.ttnn.Op_99.out'],ttsim.ttnn.Tensor_197[3168x3168]:float16;ttsim.ttnn.Tensor_198[3168x3168]:float16,ttsim.ttnn.Op_99.out[3168x3168]:float16,,,,FALSE,FALSE,,20072448,10036224,40144896,20072448,{'mac': 31794757632},0,20072448,10036224,31794757632,359371,174240,87120,50,COMP,4529472,4.529472,5661839,359371,0,5.661838,0.6,0,0,0,0,0,TRUE,HiFi4,5661838
Wormhole,n150,1000,MATRIX,INT8,TTNN,Matmul2Tensors_1,sweep_32_to_4096_bf16,1,99,ttsim.ttnn.Op_100,TRUE,TRUE,MatMul,1,"{'compute_kernel_config': WormholeComputeKernelConfig(math_fidelity=<MathFidelity.LoFi: 1>, math_approx_mode=False, dst_full_sync_en=False, fp32_dest_acc_en=False, packer_l1_acc=True), 'memory_config': <MemoryConfig.L1: 2>}","['ttsim.ttnn.Tensor_199', 'ttsim.ttnn.Tensor_200']",['ttsim.ttnn.Op_100.out'],ttsim.ttnn.Tensor_199[3200x3200]:float16;ttsim.ttnn.Tensor_200[3200x3200]:float16,ttsim.ttnn.Op_100.out[3200x3200]:float16,,,,FALSE,FALSE,,20480000,10240000,40960000,20480000,{'mac': 32768000000},0,20480000,10240000,32768000000,370371,177778,88889,50,COMP,4575168,4.575168,5718960,370371,0,5.71896,0.6,0,0,0,0,0,TRUE,LoFi,5718960
Wormhole,n150,1000,MATRIX,INT8,TTNN,Matmul2Tensors_1,sweep_32_to_4096_bf16,1,99,ttsim.ttnn.Op_100,TRUE,TRUE,MatMul,1,"{'compute_kernel_config': WormholeComputeKernelConfig(math_fidelity=<MathFidelity.HiFi2: 2>, math_approx_mode=False, dst_full_sync_en=False, fp32_dest_acc_en=False, packer_l1_acc=True), 'memory_config': <MemoryConfig.L1: 2>}","['ttsim.ttnn.Tensor_199', 'ttsim.ttnn.Tensor_200']",['ttsim.ttnn.Op_100.out'],ttsim.ttnn.Tensor_199[3200x3200]:float16;ttsim.ttnn.Tensor_200[3200x3200]:float16,ttsim.ttnn.Op_100.out[3200x3200]:float16,,,,FALSE,FALSE,,20480000,10240000,40960000,20480000,{'mac': 32768000000},0,20480000,10240000,32768000000,370371,177778,88889,50,COMP,4575168,4.575168,5718960,370371,0,5.71896,0.6,0,0,0,0,0,TRUE,HiFi2,5718960
Wormhole,n150,1000,MATRIX,INT8,TTNN,Matmul2Tensors_1,sweep_32_to_4096_bf16,1,99,ttsim.ttnn.Op_100,TRUE,TRUE,MatMul,1,"{'compute_kernel_config': WormholeComputeKernelConfig(math_fidelity=<MathFidelity.HiFi4: 4>, math_approx_mode=False, dst_full_sync_en=False, fp32_dest_acc_en=False, packer_l1_acc=True), 'memory_config': <MemoryConfig.L1: 2>}","['ttsim.ttnn.Tensor_199', 'ttsim.ttnn.Tensor_200']",['ttsim.ttnn.Op_100.out'],ttsim.ttnn.Tensor_199[3200x3200]:float16;ttsim.ttnn.Tensor_200[3200x3200]:float16,ttsim.ttnn.Op_100.out[3200x3200]:float16,,,,FALSE,FALSE,,20480000,10240000,40960000,20480000,{'mac': 32768000000},0,20480000,10240000,32768000000,370371,177778,88889,50,COMP,4575168,4.575168,5718960,370371,0,5.71896,0.6,0,0,0,0,0,TRUE,HiFi4,5718960
Wormhole,n150,1000,MATRIX,INT8,TTNN,Matmul2Tensors_1,sweep_32_to_4096_bf16,1,100,ttsim.ttnn.Op_101,TRUE,TRUE,MatMul,1,"{'compute_kernel_config': WormholeComputeKernelConfig(math_fidelity=<MathFidelity.LoFi: 1>, math_approx_mode=False, dst_full_sync_en=False, fp32_dest_acc_en=False, packer_l1_acc=True), 'memory_config': <MemoryConfig.L1: 2>}","['ttsim.ttnn.Tensor_201', 'ttsim.ttnn.Tensor_202']",['ttsim.ttnn.Op_101.out'],ttsim.ttnn.Tensor_201[3232x3232]:float16;ttsim.ttnn.Tensor_202[3232x3232]:float16,ttsim.ttnn.Op_101.out[3232x3232]:float16,,,,FALSE,FALSE,,20891648,10445824,41783296,20891648,{'mac': 33760903168},0,20891648,10445824,33760903168,381593,181352,90676,50,COMP,4620866,4.620866,5776082,381593,0,5.776082,0.6,0,0,0,0,0,TRUE,LoFi,5776082
Wormhole,n150,1000,MATRIX,INT8,TTNN,Matmul2Tensors_1,sweep_32_to_4096_bf16,1,100,ttsim.ttnn.Op_101,TRUE,TRUE,MatMul,1,"{'compute_kernel_config': WormholeComputeKernelConfig(math_fidelity=<MathFidelity.HiFi2: 2>, math_approx_mode=False, dst_full_sync_en=False, fp32_dest_acc_en=False, packer_l1_acc=True), 'memory_config': <MemoryConfig.L1: 2>}","['ttsim.ttnn.Tensor_201', 'ttsim.ttnn.Tensor_202']",['ttsim.ttnn.Op_101.out'],ttsim.ttnn.Tensor_201[3232x3232]:float16;ttsim.ttnn.Tensor_202[3232x3232]:float16,ttsim.ttnn.Op_101.out[3232x3232]:float16,,,,FALSE,FALSE,,20891648,10445824,41783296,20891648,{'mac': 33760903168},0,20891648,10445824,33760903168,381593,181352,90676,50,COMP,4620866,4.620866,5776082,381593,0,5.776082,0.6,0,0,0,0,0,TRUE,HiFi2,5776082
Wormhole,n150,1000,MATRIX,INT8,TTNN,Matmul2Tensors_1,sweep_32_to_4096_bf16,1,100,ttsim.ttnn.Op_101,TRUE,TRUE,MatMul,1,"{'compute_kernel_config': WormholeComputeKernelConfig(math_fidelity=<MathFidelity.HiFi4: 4>, math_approx_mode=False, dst_full_sync_en=False, fp32_dest_acc_en=False, packer_l1_acc=True), 'memory_config': <MemoryConfig.L1: 2>}","['ttsim.ttnn.Tensor_201', 'ttsim.ttnn.Tensor_202']",['ttsim.ttnn.Op_101.out'],ttsim.ttnn.Tensor_201[3232x3232]:float16;ttsim.ttnn.Tensor_202[3232x3232]:float16,ttsim.ttnn.Op_101.out[3232x3232]:float16,,,,FALSE,FALSE,,20891648,10445824,41783296,20891648,{'mac': 33760903168},0,20891648,10445824,33760903168,381593,181352,90676,50,COMP,4620866,4.620866,5776082,381593,0,5.776082,0.6,0,0,0,0,0,TRUE,HiFi4,5776082
Wormhole,n150,1000,MATRIX,INT8,TTNN,Matmul2Tensors_1,sweep_32_to_4096_bf16,1,101,ttsim.ttnn.Op_102,TRUE,TRUE,MatMul,1,"{'compute_kernel_config': WormholeComputeKernelConfig(math_fidelity=<MathFidelity.LoFi: 1>, math_approx_mode=False, dst_full_sync_en=False, fp32_dest_acc_en=False, packer_l1_acc=True), 'memory_config': <MemoryConfig.L1: 2>}","['ttsim.ttnn.Tensor_203', 'ttsim.ttnn.Tensor_204']",['ttsim.ttnn.Op_102.out'],ttsim.ttnn.Tensor_203[3264x3264]:float16;ttsim.ttnn.Tensor_204[3264x3264]:float16,ttsim.ttnn.Op_102.out[3264x3264]:float16,,,,FALSE,FALSE,,21307392,10653696,42614784,21307392,{'mac': 34773663744},0,21307392,10653696,34773663744,393041,184960,92480,50,COMP,4666564,4.666564,5833205,393041,0,5.833204,0.6,0,0,0,0,0,TRUE,LoFi,5833204
Wormhole,n150,1000,MATRIX,INT8,TTNN,Matmul2Tensors_1,sweep_32_to_4096_bf16,1,101,ttsim.ttnn.Op_102,TRUE,TRUE,MatMul,1,"{'compute_kernel_config': WormholeComputeKernelConfig(math_fidelity=<MathFidelity.HiFi2: 2>, math_approx_mode=False, dst_full_sync_en=False, fp32_dest_acc_en=False, packer_l1_acc=True), 'memory_config': <MemoryConfig.L1: 2>}","['ttsim.ttnn.Tensor_203', 'ttsim.ttnn.Tensor_204']",['ttsim.ttnn.Op_102.out'],ttsim.ttnn.Tensor_203[3264x3264]:float16;ttsim.ttnn.Tensor_204[3264x3264]:float16,ttsim.ttnn.Op_102.out[3264x3264]:float16,,,,FALSE,FALSE,,21307392,10653696,42614784,21307392,{'mac': 34773663744},0,21307392,10653696,34773663744,393041,184960,92480,50,COMP,4666564,4.666564,5833205,393041,0,5.833204,0.6,0,0,0,0,0,TRUE,HiFi2,5833204
Wormhole,n150,1000,MATRIX,INT8,TTNN,Matmul2Tensors_1,sweep_32_to_4096_bf16,1,101,ttsim.ttnn.Op_102,TRUE,TRUE,MatMul,1,"{'compute_kernel_config': WormholeComputeKernelConfig(math_fidelity=<MathFidelity.HiFi4: 4>, math_approx_mode=False, dst_full_sync_en=False, fp32_dest_acc_en=False, packer_l1_acc=True), 'memory_config': <MemoryConfig.L1: 2>}","['ttsim.ttnn.Tensor_203', 'ttsim.ttnn.Tensor_204']",['ttsim.ttnn.Op_102.out'],ttsim.ttnn.Tensor_203[3264x3264]:float16;ttsim.ttnn.Tensor_204[3264x3264]:float16,ttsim.ttnn.Op_102.out[3264x3264]:float16,,,,FALSE,FALSE,,21307392,10653696,42614784,21307392,{'mac': 34773663744},0,21307392,10653696,34773663744,393041,184960,92480,50,COMP,4666564,4.666564,5833205,393041,0,5.833204,0.6,0,0,0,0,0,TRUE,HiFi4,5833204
Wormhole,n150,1000,MATRIX,INT8,TTNN,Matmul2Tensors_1,sweep_32_to_4096_bf16,1,102,ttsim.ttnn.Op_103,TRUE,TRUE,MatMul,1,"{'compute_kernel_config': WormholeComputeKernelConfig(math_fidelity=<MathFidelity.LoFi: 1>, math_approx_mode=False, dst_full_sync_en=False, fp32_dest_acc_en=False, packer_l1_acc=True), 'memory_config': <MemoryConfig.L1: 2>}","['ttsim.ttnn.Tensor_205', 'ttsim.ttnn.Tensor_206']",['ttsim.ttnn.Op_103.out'],ttsim.ttnn.Tensor_205[3296x3296]:float16;ttsim.ttnn.Tensor_206[3296x3296]:float16,ttsim.ttnn.Op_103.out[3296x3296]:float16,,,,FALSE,FALSE,,21727232,10863616,43454464,21727232,{'mac': 35806478336},0,21727232,10863616,35806478336,404714,188605,94303,50,COMP,4712261,4.712261,5890326,404714,0,5.890326,0.6,0,0,0,0,0,TRUE,LoFi,5890326
Wormhole,n150,1000,MATRIX,INT8,TTNN,Matmul2Tensors_1,sweep_32_to_4096_bf16,1,102,ttsim.ttnn.Op_103,TRUE,TRUE,MatMul,1,"{'compute_kernel_config': WormholeComputeKernelConfig(math_fidelity=<MathFidelity.HiFi2: 2>, math_approx_mode=False, dst_full_sync_en=False, fp32_dest_acc_en=False, packer_l1_acc=True), 'memory_config': <MemoryConfig.L1: 2>}","['ttsim.ttnn.Tensor_205', 'ttsim.ttnn.Tensor_206']",['ttsim.ttnn.Op_103.out'],ttsim.ttnn.Tensor_205[3296x3296]:float16;ttsim.ttnn.Tensor_206[3296x3296]:float16,ttsim.ttnn.Op_103.out[3296x3296]:float16,,,,FALSE,FALSE,,21727232,10863616,43454464,21727232,{'mac': 35806478336},0,21727232,10863616,35806478336,404714,188605,94303,50,COMP,4712261,4.712261,5890326,404714,0,5.890326,0.6,0,0,0,0,0,TRUE,HiFi2,5890326
Wormhole,n150,1000,MATRIX,INT8,TTNN,Matmul2Tensors_1,sweep_32_to_4096_bf16,1,102,ttsim.ttnn.Op_103,TRUE,TRUE,MatMul,1,"{'compute_kernel_config': WormholeComputeKernelConfig(math_fidelity=<MathFidelity.HiFi4: 4>, math_approx_mode=False, dst_full_sync_en=False, fp32_dest_acc_en=False, packer_l1_acc=True), 'memory_config': <MemoryConfig.L1: 2>}","['ttsim.ttnn.Tensor_205', 'ttsim.ttnn.Tensor_206']",['ttsim.ttnn.Op_103.out'],ttsim.ttnn.Tensor_205[3296x3296]:float16;ttsim.ttnn.Tensor_206[3296x3296]:float16,ttsim.ttnn.Op_103.out[3296x3296]:float16,,,,FALSE,FALSE,,21727232,10863616,43454464,21727232,{'mac': 35806478336},0,21727232,10863616,35806478336,404714,188605,94303,50,COMP,4712261,4.712261,5890326,404714,0,5.890326,0.6,0,0,0,0,0,TRUE,HiFi4,5890326
Wormhole,n150,1000,MATRIX,INT8,TTNN,Matmul2Tensors_1,sweep_32_to_4096_bf16,1,103,ttsim.ttnn.Op_104,TRUE,TRUE,MatMul,1,"{'compute_kernel_config': WormholeComputeKernelConfig(math_fidelity=<MathFidelity.LoFi: 1>, math_approx_mode=False, dst_full_sync_en=False, fp32_dest_acc_en=False, packer_l1_acc=True), 'memory_config': <MemoryConfig.L1: 2>}","['ttsim.ttnn.Tensor_207', 'ttsim.ttnn.Tensor_208']",['ttsim.ttnn.Op_104.out'],ttsim.ttnn.Tensor_207[3328x3328]:float16;ttsim.ttnn.Tensor_208[3328x3328]:float16,ttsim.ttnn.Op_104.out[3328x3328]:float16,,,,FALSE,FALSE,,22151168,11075584,44302336,22151168,{'mac': 36859543552},0,22151168,11075584,36859543552,416617,192285,96143,50,COMP,4757959,4.757959,5947448,416617,0,5.947448,0.6,0,0,0,0,0,TRUE,LoFi,5947448
Wormhole,n150,1000,MATRIX,INT8,TTNN,Matmul2Tensors_1,sweep_32_to_4096_bf16,1,103,ttsim.ttnn.Op_104,TRUE,TRUE,MatMul,1,"{'compute_kernel_config': WormholeComputeKernelConfig(math_fidelity=<MathFidelity.HiFi2: 2>, math_approx_mode=False, dst_full_sync_en=False, fp32_dest_acc_en=False, packer_l1_acc=True), 'memory_config': <MemoryConfig.L1: 2>}","['ttsim.ttnn.Tensor_207', 'ttsim.ttnn.Tensor_208']",['ttsim.ttnn.Op_104.out'],ttsim.ttnn.Tensor_207[3328x3328]:float16;ttsim.ttnn.Tensor_208[3328x3328]:float16,ttsim.ttnn.Op_104.out[3328x3328]:float16,,,,FALSE,FALSE,,22151168,11075584,44302336,22151168,{'mac': 36859543552},0,22151168,11075584,36859543552,416617,192285,96143,50,COMP,4757959,4.757959,5947448,416617,0,5.947448,0.6,0,0,0,0,0,TRUE,HiFi2,5947448
Wormhole,n150,1000,MATRIX,INT8,TTNN,Matmul2Tensors_1,sweep_32_to_4096_bf16,1,103,ttsim.ttnn.Op_104,TRUE,TRUE,MatMul,1,"{'compute_kernel_config': WormholeComputeKernelConfig(math_fidelity=<MathFidelity.HiFi4: 4>, math_approx_mode=False, dst_full_sync_en=False, fp32_dest_acc_en=False, packer_l1_acc=True), 'memory_config': <MemoryConfig.L1: 2>}","['ttsim.ttnn.Tensor_207', 'ttsim.ttnn.Tensor_208']",['ttsim.ttnn.Op_104.out'],ttsim.ttnn.Tensor_207[3328x3328]:float16;ttsim.ttnn.Tensor_208[3328x3328]:float16,ttsim.ttnn.Op_104.out[3328x3328]:float16,,,,FALSE,FALSE,,22151168,11075584,44302336,22151168,{'mac': 36859543552},0,22151168,11075584,36859543552,416617,192285,96143,50,COMP,4757959,4.757959,5947448,416617,0,5.947448,0.6,0,0,0,0,0,TRUE,HiFi4,5947448
Wormhole,n150,1000,MATRIX,INT8,TTNN,Matmul2Tensors_1,sweep_32_to_4096_bf16,1,104,ttsim.ttnn.Op_105,TRUE,TRUE,MatMul,1,"{'compute_kernel_config': WormholeComputeKernelConfig(math_fidelity=<MathFidelity.LoFi: 1>, math_approx_mode=False, dst_full_sync_en=False, fp32_dest_acc_en=False, packer_l1_acc=True), 'memory_config': <MemoryConfig.L1: 2>}","['ttsim.ttnn.Tensor_209', 'ttsim.ttnn.Tensor_210']",['ttsim.ttnn.Op_105.out'],ttsim.ttnn.Tensor_209[3360x3360]:float16;ttsim.ttnn.Tensor_210[3360x3360]:float16,ttsim.ttnn.Op_105.out[3360x3360]:float16,,,,FALSE,FALSE,,22579200,11289600,45158400,22579200,{'mac': 37933056000},0,22579200,11289600,37933056000,428751,196000,98000,50,COMP,6460161,6.460161,8075201,428751,0,8.0752,0.6,0,0,0,0,0,TRUE,LoFi,8075200
Wormhole,n150,1000,MATRIX,INT8,TTNN,Matmul2Tensors_1,sweep_32_to_4096_bf16,1,104,ttsim.ttnn.Op_105,TRUE,TRUE,MatMul,1,"{'compute_kernel_config': WormholeComputeKernelConfig(math_fidelity=<MathFidelity.HiFi2: 2>, math_approx_mode=False, dst_full_sync_en=False, fp32_dest_acc_en=False, packer_l1_acc=True), 'memory_config': <MemoryConfig.L1: 2>}","['ttsim.ttnn.Tensor_209', 'ttsim.ttnn.Tensor_210']",['ttsim.ttnn.Op_105.out'],ttsim.ttnn.Tensor_209[3360x3360]:float16;ttsim.ttnn.Tensor_210[3360x3360]:float16,ttsim.ttnn.Op_105.out[3360x3360]:float16,,,,FALSE,FALSE,,22579200,11289600,45158400,22579200,{'mac': 37933056000},0,22579200,11289600,37933056000,428751,196000,98000,50,COMP,6460161,6.460161,8075201,428751,0,8.0752,0.6,0,0,0,0,0,TRUE,HiFi2,8075200
Wormhole,n150,1000,MATRIX,INT8,TTNN,Matmul2Tensors_1,sweep_32_to_4096_bf16,1,104,ttsim.ttnn.Op_105,TRUE,TRUE,MatMul,1,"{'compute_kernel_config': WormholeComputeKernelConfig(math_fidelity=<MathFidelity.HiFi4: 4>, math_approx_mode=False, dst_full_sync_en=False, fp32_dest_acc_en=False, packer_l1_acc=True), 'memory_config': <MemoryConfig.L1: 2>}","['ttsim.ttnn.Tensor_209', 'ttsim.ttnn.Tensor_210']",['ttsim.ttnn.Op_105.out'],ttsim.ttnn.Tensor_209[3360x3360]:float16;ttsim.ttnn.Tensor_210[3360x3360]:float16,ttsim.ttnn.Op_105.out[3360x3360]:float16,,,,FALSE,FALSE,,22579200,11289600,45158400,22579200,{'mac': 37933056000},0,22579200,11289600,37933056000,428751,196000,98000,50,COMP,6460161,6.460161,8075201,428751,0,8.0752,0.6,0,0,0,0,0,TRUE,HiFi4,8075200
Wormhole,n150,1000,MATRIX,INT8,TTNN,Matmul2Tensors_1,sweep_32_to_4096_bf16,1,105,ttsim.ttnn.Op_106,TRUE,TRUE,MatMul,1,"{'compute_kernel_config': WormholeComputeKernelConfig(math_fidelity=<MathFidelity.LoFi: 1>, math_approx_mode=False, dst_full_sync_en=False, fp32_dest_acc_en=False, packer_l1_acc=True), 'memory_config': <MemoryConfig.L1: 2>}","['ttsim.ttnn.Tensor_211', 'ttsim.ttnn.Tensor_212']",['ttsim.ttnn.Op_106.out'],ttsim.ttnn.Tensor_211[3392x3392]:float16;ttsim.ttnn.Tensor_212[3392x3392]:float16,ttsim.ttnn.Op_106.out[3392x3392]:float16,,,,FALSE,FALSE,,23011328,11505664,46022656,23011328,{'mac': 39027212288},0,23011328,11505664,39027212288,441118,199752,99876,50,COMP,6521626,6.521626,8152032,441118,0,8.152032,0.6,0,0,0,0,0,TRUE,LoFi,8152032
Wormhole,n150,1000,MATRIX,INT8,TTNN,Matmul2Tensors_1,sweep_32_to_4096_bf16,1,105,ttsim.ttnn.Op_106,TRUE,TRUE,MatMul,1,"{'compute_kernel_config': WormholeComputeKernelConfig(math_fidelity=<MathFidelity.HiFi2: 2>, math_approx_mode=False, dst_full_sync_en=False, fp32_dest_acc_en=False, packer_l1_acc=True), 'memory_config': <MemoryConfig.L1: 2>}","['ttsim.ttnn.Tensor_211', 'ttsim.ttnn.Tensor_212']",['ttsim.ttnn.Op_106.out'],ttsim.ttnn.Tensor_211[3392x3392]:float16;ttsim.ttnn.Tensor_212[3392x3392]:float16,ttsim.ttnn.Op_106.out[3392x3392]:float16,,,,FALSE,FALSE,,23011328,11505664,46022656,23011328,{'mac': 39027212288},0,23011328,11505664,39027212288,441118,199752,99876,50,COMP,6521626,6.521626,8152032,441118,0,8.152032,0.6,0,0,0,0,0,TRUE,HiFi2,8152032
Wormhole,n150,1000,MATRIX,INT8,TTNN,Matmul2Tensors_1,sweep_32_to_4096_bf16,1,105,ttsim.ttnn.Op_106,TRUE,TRUE,MatMul,1,"{'compute_kernel_config': WormholeComputeKernelConfig(math_fidelity=<MathFidelity.HiFi4: 4>, math_approx_mode=False, dst_full_sync_en=False, fp32_dest_acc_en=False, packer_l1_acc=True), 'memory_config': <MemoryConfig.L1: 2>}","['ttsim.ttnn.Tensor_211', 'ttsim.ttnn.Tensor_212']",['ttsim.ttnn.Op_106.out'],ttsim.ttnn.Tensor_211[3392x3392]:float16;ttsim.ttnn.Tensor_212[3392x3392]:float16,ttsim.ttnn.Op_106.out[3392x3392]:float16,,,,FALSE,FALSE,,23011328,11505664,46022656,23011328,{'mac': 39027212288},0,23011328,11505664,39027212288,441118,199752,99876,50,COMP,6521626,6.521626,8152032,441118,0,8.152032,0.6,0,0,0,0,0,TRUE,HiFi4,8152032
Wormhole,n150,1000,MATRIX,INT8,TTNN,Matmul2Tensors_1,sweep_32_to_4096_bf16,1,106,ttsim.ttnn.Op_107,TRUE,TRUE,MatMul,1,"{'compute_kernel_config': WormholeComputeKernelConfig(math_fidelity=<MathFidelity.LoFi: 1>, math_approx_mode=False, dst_full_sync_en=False, fp32_dest_acc_en=False, packer_l1_acc=True), 'memory_config': <MemoryConfig.L1: 2>}","['ttsim.ttnn.Tensor_213', 'ttsim.ttnn.Tensor_214']",['ttsim.ttnn.Op_107.out'],ttsim.ttnn.Tensor_213[3424x3424]:float16;ttsim.ttnn.Tensor_214[3424x3424]:float16,ttsim.ttnn.Op_107.out[3424x3424]:float16,,,,FALSE,FALSE,,23447552,11723776,46895104,23447552,{'mac': 40142209024},0,23447552,11723776,40142209024,453720,203538,101769,50,COMP,6583092,6.583092,8228864,453720,0,8.228864,0.6,0,0,0,0,0,TRUE,LoFi,8228864
Wormhole,n150,1000,MATRIX,INT8,TTNN,Matmul2Tensors_1,sweep_32_to_4096_bf16,1,106,ttsim.ttnn.Op_107,TRUE,TRUE,MatMul,1,"{'compute_kernel_config': WormholeComputeKernelConfig(math_fidelity=<MathFidelity.HiFi2: 2>, math_approx_mode=False, dst_full_sync_en=False, fp32_dest_acc_en=False, packer_l1_acc=True), 'memory_config': <MemoryConfig.L1: 2>}","['ttsim.ttnn.Tensor_213', 'ttsim.ttnn.Tensor_214']",['ttsim.ttnn.Op_107.out'],ttsim.ttnn.Tensor_213[3424x3424]:float16;ttsim.ttnn.Tensor_214[3424x3424]:float16,ttsim.ttnn.Op_107.out[3424x3424]:float16,,,,FALSE,FALSE,,23447552,11723776,46895104,23447552,{'mac': 40142209024},0,23447552,11723776,40142209024,453720,203538,101769,50,COMP,6583092,6.583092,8228864,453720,0,8.228864,0.6,0,0,0,0,0,TRUE,HiFi2,8228864
Wormhole,n150,1000,MATRIX,INT8,TTNN,Matmul2Tensors_1,sweep_32_to_4096_bf16,1,106,ttsim.ttnn.Op_107,TRUE,TRUE,MatMul,1,"{'compute_kernel_config': WormholeComputeKernelConfig(math_fidelity=<MathFidelity.HiFi4: 4>, math_approx_mode=False, dst_full_sync_en=False, fp32_dest_acc_en=False, packer_l1_acc=True), 'memory_config': <MemoryConfig.L1: 2>}","['ttsim.ttnn.Tensor_213', 'ttsim.ttnn.Tensor_214']",['ttsim.ttnn.Op_107.out'],ttsim.ttnn.Tensor_213[3424x3424]:float16;ttsim.ttnn.Tensor_214[3424x3424]:float16,ttsim.ttnn.Op_107.out[3424x3424]:float16,,,,FALSE,FALSE,,23447552,11723776,46895104,23447552,{'mac': 40142209024},0,23447552,11723776,40142209024,453720,203538,101769,50,COMP,6583092,6.583092,8228864,453720,0,8.228864,0.6,0,0,0,0,0,TRUE,HiFi4,8228864
Wormhole,n150,1000,MATRIX,INT8,TTNN,Matmul2Tensors_1,sweep_32_to_4096_bf16,1,107,ttsim.ttnn.Op_108,TRUE,TRUE,MatMul,1,"{'compute_kernel_config': WormholeComputeKernelConfig(math_fidelity=<MathFidelity.LoFi: 1>, math_approx_mode=False, dst_full_sync_en=False, fp32_dest_acc_en=False, packer_l1_acc=True), 'memory_config': <MemoryConfig.L1: 2>}","['ttsim.ttnn.Tensor_215', 'ttsim.ttnn.Tensor_216']",['ttsim.ttnn.Op_108.out'],ttsim.ttnn.Tensor_215[3456x3456]:float16;ttsim.ttnn.Tensor_216[3456x3456]:float16,ttsim.ttnn.Op_108.out[3456x3456]:float16,,,,FALSE,FALSE,,23887872,11943936,47775744,23887872,{'mac': 41278242816},0,23887872,11943936,41278242816,466561,207360,103680,50,COMP,6644557,6.644557,8305696,466561,0,8.305696,0.6,0,0,0,0,0,TRUE,LoFi,8305696
Wormhole,n150,1000,MATRIX,INT8,TTNN,Matmul2Tensors_1,sweep_32_to_4096_bf16,1,107,ttsim.ttnn.Op_108,TRUE,TRUE,MatMul,1,"{'compute_kernel_config': WormholeComputeKernelConfig(math_fidelity=<MathFidelity.HiFi2: 2>, math_approx_mode=False, dst_full_sync_en=False, fp32_dest_acc_en=False, packer_l1_acc=True), 'memory_config': <MemoryConfig.L1: 2>}","['ttsim.ttnn.Tensor_215', 'ttsim.ttnn.Tensor_216']",['ttsim.ttnn.Op_108.out'],ttsim.ttnn.Tensor_215[3456x3456]:float16;ttsim.ttnn.Tensor_216[3456x3456]:float16,ttsim.ttnn.Op_108.out[3456x3456]:float16,,,,FALSE,FALSE,,23887872,11943936,47775744,23887872,{'mac': 41278242816},0,23887872,11943936,41278242816,466561,207360,103680,50,COMP,6644557,6.644557,8305696,466561,0,8.305696,0.6,0,0,0,0,0,TRUE,HiFi2,8305696
Wormhole,n150,1000,MATRIX,INT8,TTNN,Matmul2Tensors_1,sweep_32_to_4096_bf16,1,107,ttsim.ttnn.Op_108,TRUE,TRUE,MatMul,1,"{'compute_kernel_config': WormholeComputeKernelConfig(math_fidelity=<MathFidelity.HiFi4: 4>, math_approx_mode=False, dst_full_sync_en=False, fp32_dest_acc_en=False, packer_l1_acc=True), 'memory_config': <MemoryConfig.L1: 2>}","['ttsim.ttnn.Tensor_215', 'ttsim.ttnn.Tensor_216']",['ttsim.ttnn.Op_108.out'],ttsim.ttnn.Tensor_215[3456x3456]:float16;ttsim.ttnn.Tensor_216[3456x3456]:float16,ttsim.ttnn.Op_108.out[3456x3456]:float16,,,,FALSE,FALSE,,23887872,11943936,47775744,23887872,{'mac': 41278242816},0,23887872,11943936,41278242816,466561,207360,103680,50,COMP,6644557,6.644557,8305696,466561,0,8.305696,0.6,0,0,0,0,0,TRUE,HiFi4,8305696
Wormhole,n150,1000,MATRIX,INT8,TTNN,Matmul2Tensors_1,sweep_32_to_4096_bf16,1,108,ttsim.ttnn.Op_109,TRUE,TRUE,MatMul,1,"{'compute_kernel_config': WormholeComputeKernelConfig(math_fidelity=<MathFidelity.LoFi: 1>, math_approx_mode=False, dst_full_sync_en=False, fp32_dest_acc_en=False, packer_l1_acc=True), 'memory_config': <MemoryConfig.L1: 2>}","['ttsim.ttnn.Tensor_217', 'ttsim.ttnn.Tensor_218']",['ttsim.ttnn.Op_109.out'],ttsim.ttnn.Tensor_217[3488x3488]:float16;ttsim.ttnn.Tensor_218[3488x3488]:float16,ttsim.ttnn.Op_109.out[3488x3488]:float16,,,,FALSE,FALSE,,24332288,12166144,48664576,24332288,{'mac': 42435510272},0,24332288,12166144,42435510272,479641,211218,105609,50,COMP,6706023,6.706023,8382528,479641,0,8.382528,0.6,0,0,0,0,0,TRUE,LoFi,8382528
Wormhole,n150,1000,MATRIX,INT8,TTNN,Matmul2Tensors_1,sweep_32_to_4096_bf16,1,108,ttsim.ttnn.Op_109,TRUE,TRUE,MatMul,1,"{'compute_kernel_config': WormholeComputeKernelConfig(math_fidelity=<MathFidelity.HiFi2: 2>, math_approx_mode=False, dst_full_sync_en=False, fp32_dest_acc_en=False, packer_l1_acc=True), 'memory_config': <MemoryConfig.L1: 2>}","['ttsim.ttnn.Tensor_217', 'ttsim.ttnn.Tensor_218']",['ttsim.ttnn.Op_109.out'],ttsim.ttnn.Tensor_217[3488x3488]:float16;ttsim.ttnn.Tensor_218[3488x3488]:float16,ttsim.ttnn.Op_109.out[3488x3488]:float16,,,,FALSE,FALSE,,24332288,12166144,48664576,24332288,{'mac': 42435510272},0,24332288,12166144,42435510272,479641,211218,105609,50,COMP,6706023,6.706023,8382528,479641,0,8.382528,0.6,0,0,0,0,0,TRUE,HiFi2,8382528
Wormhole,n150,1000,MATRIX,INT8,TTNN,Matmul2Tensors_1,sweep_32_to_4096_bf16,1,108,ttsim.ttnn.Op_109,TRUE,TRUE,MatMul,1,"{'compute_kernel_config': WormholeComputeKernelConfig(math_fidelity=<MathFidelity.HiFi4: 4>, math_approx_mode=False, dst_full_sync_en=False, fp32_dest_acc_en=False, packer_l1_acc=True), 'memory_config': <MemoryConfig.L1: 2>}","['ttsim.ttnn.Tensor_217', 'ttsim.ttnn.Tensor_218']",['ttsim.ttnn.Op_109.out'],ttsim.ttnn.Tensor_217[3488x3488]:float16;ttsim.ttnn.Tensor_218[3488x3488]:float16,ttsim.ttnn.Op_109.out[3488x3488]:float16,,,,FALSE,FALSE,,24332288,12166144,48664576,24332288,{'mac': 42435510272},0,24332288,12166144,42435510272,479641,211218,105609,50,COMP,6706023,6.706023,8382528,479641,0,8.382528,0.6,0,0,0,0,0,TRUE,HiFi4,8382528
Wormhole,n150,1000,MATRIX,INT8,TTNN,Matmul2Tensors_1,sweep_32_to_4096_bf16,1,109,ttsim.ttnn.Op_110,TRUE,TRUE,MatMul,1,"{'compute_kernel_config': WormholeComputeKernelConfig(math_fidelity=<MathFidelity.LoFi: 1>, math_approx_mode=False, dst_full_sync_en=False, fp32_dest_acc_en=False, packer_l1_acc=True), 'memory_config': <MemoryConfig.L1: 2>}","['ttsim.ttnn.Tensor_219', 'ttsim.ttnn.Tensor_220']",['ttsim.ttnn.Op_110.out'],ttsim.ttnn.Tensor_219[3520x3520]:float16;ttsim.ttnn.Tensor_220[3520x3520]:float16,ttsim.ttnn.Op_110.out[3520x3520]:float16,,,,FALSE,FALSE,,24780800,12390400,49561600,24780800,{'mac': 43614208000},0,24780800,12390400,43614208000,492963,215112,107556,50,COMP,6767488,6.767488,8459360,492963,0,8.45936,0.6,0,0,0,0,0,TRUE,LoFi,8459360
Wormhole,n150,1000,MATRIX,INT8,TTNN,Matmul2Tensors_1,sweep_32_to_4096_bf16,1,109,ttsim.ttnn.Op_110,TRUE,TRUE,MatMul,1,"{'compute_kernel_config': WormholeComputeKernelConfig(math_fidelity=<MathFidelity.HiFi2: 2>, math_approx_mode=False, dst_full_sync_en=False, fp32_dest_acc_en=False, packer_l1_acc=True), 'memory_config': <MemoryConfig.L1: 2>}","['ttsim.ttnn.Tensor_219', 'ttsim.ttnn.Tensor_220']",['ttsim.ttnn.Op_110.out'],ttsim.ttnn.Tensor_219[3520x3520]:float16;ttsim.ttnn.Tensor_220[3520x3520]:float16,ttsim.ttnn.Op_110.out[3520x3520]:float16,,,,FALSE,FALSE,,24780800,12390400,49561600,24780800,{'mac': 43614208000},0,24780800,12390400,43614208000,492963,215112,107556,50,COMP,6767488,6.767488,8459360,492963,0,8.45936,0.6,0,0,0,0,0,TRUE,HiFi2,8459360
Wormhole,n150,1000,MATRIX,INT8,TTNN,Matmul2Tensors_1,sweep_32_to_4096_bf16,1,109,ttsim.ttnn.Op_110,TRUE,TRUE,MatMul,1,"{'compute_kernel_config': WormholeComputeKernelConfig(math_fidelity=<MathFidelity.HiFi4: 4>, math_approx_mode=False, dst_full_sync_en=False, fp32_dest_acc_en=False, packer_l1_acc=True), 'memory_config': <MemoryConfig.L1: 2>}","['ttsim.ttnn.Tensor_219', 'ttsim.ttnn.Tensor_220']",['ttsim.ttnn.Op_110.out'],ttsim.ttnn.Tensor_219[3520x3520]:float16;ttsim.ttnn.Tensor_220[3520x3520]:float16,ttsim.ttnn.Op_110.out[3520x3520]:float16,,,,FALSE,FALSE,,24780800,12390400,49561600,24780800,{'mac': 43614208000},0,24780800,12390400,43614208000,492963,215112,107556,50,COMP,6767488,6.767488,8459360,492963,0,8.45936,0.6,0,0,0,0,0,TRUE,HiFi4,8459360
Wormhole,n150,1000,MATRIX,INT8,TTNN,Matmul2Tensors_1,sweep_32_to_4096_bf16,1,110,ttsim.ttnn.Op_111,TRUE,TRUE,MatMul,1,"{'compute_kernel_config': WormholeComputeKernelConfig(math_fidelity=<MathFidelity.LoFi: 1>, math_approx_mode=False, dst_full_sync_en=False, fp32_dest_acc_en=False, packer_l1_acc=True), 'memory_config': <MemoryConfig.L1: 2>}","['ttsim.ttnn.Tensor_221', 'ttsim.ttnn.Tensor_222']",['ttsim.ttnn.Op_111.out'],ttsim.ttnn.Tensor_221[3552x3552]:float16;ttsim.ttnn.Tensor_222[3552x3552]:float16,ttsim.ttnn.Op_111.out[3552x3552]:float16,,,,FALSE,FALSE,,25233408,12616704,50466816,25233408,{'mac': 44814532608},0,25233408,12616704,44814532608,506531,219040,109520,50,COMP,6828954,6.828954,8536192,506531,0,8.536192,0.6,0,0,0,0,0,TRUE,LoFi,8536192
Wormhole,n150,1000,MATRIX,INT8,TTNN,Matmul2Tensors_1,sweep_32_to_4096_bf16,1,110,ttsim.ttnn.Op_111,TRUE,TRUE,MatMul,1,"{'compute_kernel_config': WormholeComputeKernelConfig(math_fidelity=<MathFidelity.HiFi2: 2>, math_approx_mode=False, dst_full_sync_en=False, fp32_dest_acc_en=False, packer_l1_acc=True), 'memory_config': <MemoryConfig.L1: 2>}","['ttsim.ttnn.Tensor_221', 'ttsim.ttnn.Tensor_222']",['ttsim.ttnn.Op_111.out'],ttsim.ttnn.Tensor_221[3552x3552]:float16;ttsim.ttnn.Tensor_222[3552x3552]:float16,ttsim.ttnn.Op_111.out[3552x3552]:float16,,,,FALSE,FALSE,,25233408,12616704,50466816,25233408,{'mac': 44814532608},0,25233408,12616704,44814532608,506531,219040,109520,50,COMP,6828954,6.828954,8536192,506531,0,8.536192,0.6,0,0,0,0,0,TRUE,HiFi2,8536192
Wormhole,n150,1000,MATRIX,INT8,TTNN,Matmul2Tensors_1,sweep_32_to_4096_bf16,1,110,ttsim.ttnn.Op_111,TRUE,TRUE,MatMul,1,"{'compute_kernel_config': WormholeComputeKernelConfig(math_fidelity=<MathFidelity.HiFi4: 4>, math_approx_mode=False, dst_full_sync_en=False, fp32_dest_acc_en=False, packer_l1_acc=True), 'memory_config': <MemoryConfig.L1: 2>}","['ttsim.ttnn.Tensor_221', 'ttsim.ttnn.Tensor_222']",['ttsim.ttnn.Op_111.out'],ttsim.ttnn.Tensor_221[3552x3552]:float16;ttsim.ttnn.Tensor_222[3552x3552]:float16,ttsim.ttnn.Op_111.out[3552x3552]:float16,,,,FALSE,FALSE,,25233408,12616704,50466816,25233408,{'mac': 44814532608},0,25233408,12616704,44814532608,506531,219040,109520,50,COMP,6828954,6.828954,8536192,506531,0,8.536192,0.6,0,0,0,0,0,TRUE,HiFi4,8536192
Wormhole,n150,1000,MATRIX,INT8,TTNN,Matmul2Tensors_1,sweep_32_to_4096_bf16,1,111,ttsim.ttnn.Op_112,TRUE,TRUE,MatMul,1,"{'compute_kernel_config': WormholeComputeKernelConfig(math_fidelity=<MathFidelity.LoFi: 1>, math_approx_mode=False, dst_full_sync_en=False, fp32_dest_acc_en=False, packer_l1_acc=True), 'memory_config': <MemoryConfig.L1: 2>}","['ttsim.ttnn.Tensor_223', 'ttsim.ttnn.Tensor_224']",['ttsim.ttnn.Op_112.out'],ttsim.ttnn.Tensor_223[3584x3584]:float16;ttsim.ttnn.Tensor_224[3584x3584]:float16,ttsim.ttnn.Op_112.out[3584x3584]:float16,,,,FALSE,FALSE,,25690112,12845056,51380224,25690112,{'mac': 46036680704},0,25690112,12845056,46036680704,520344,223005,111503,50,COMP,6890420,6.89042,8613024,520344,0,8.613024,0.6,0,0,0,0,0,TRUE,LoFi,8613024
Wormhole,n150,1000,MATRIX,INT8,TTNN,Matmul2Tensors_1,sweep_32_to_4096_bf16,1,111,ttsim.ttnn.Op_112,TRUE,TRUE,MatMul,1,"{'compute_kernel_config': WormholeComputeKernelConfig(math_fidelity=<MathFidelity.HiFi2: 2>, math_approx_mode=False, dst_full_sync_en=False, fp32_dest_acc_en=False, packer_l1_acc=True), 'memory_config': <MemoryConfig.L1: 2>}","['ttsim.ttnn.Tensor_223', 'ttsim.ttnn.Tensor_224']",['ttsim.ttnn.Op_112.out'],ttsim.ttnn.Tensor_223[3584x3584]:float16;ttsim.ttnn.Tensor_224[3584x3584]:float16,ttsim.ttnn.Op_112.out[3584x3584]:float16,,,,FALSE,FALSE,,25690112,12845056,51380224,25690112,{'mac': 46036680704},0,25690112,12845056,46036680704,520344,223005,111503,50,COMP,6890420,6.89042,8613024,520344,0,8.613024,0.6,0,0,0,0,0,TRUE,HiFi2,8613024
Wormhole,n150,1000,MATRIX,INT8,TTNN,Matmul2Tensors_1,sweep_32_to_4096_bf16,1,111,ttsim.ttnn.Op_112,TRUE,TRUE,MatMul,1,"{'compute_kernel_config': WormholeComputeKernelConfig(math_fidelity=<MathFidelity.HiFi4: 4>, math_approx_mode=False, dst_full_sync_en=False, fp32_dest_acc_en=False, packer_l1_acc=True), 'memory_config': <MemoryConfig.L1: 2>}","['ttsim.ttnn.Tensor_223', 'ttsim.ttnn.Tensor_224']",['ttsim.ttnn.Op_112.out'],ttsim.ttnn.Tensor_223[3584x3584]:float16;ttsim.ttnn.Tensor_224[3584x3584]:float16,ttsim.ttnn.Op_112.out[3584x3584]:float16,,,,FALSE,FALSE,,25690112,12845056,51380224,25690112,{'mac': 46036680704},0,25690112,12845056,46036680704,520344,223005,111503,50,COMP,6890420,6.89042,8613024,520344,0,8.613024,0.6,0,0,0,0,0,TRUE,HiFi4,8613024
Wormhole,n150,1000,MATRIX,INT8,TTNN,Matmul2Tensors_1,sweep_32_to_4096_bf16,1,112,ttsim.ttnn.Op_113,TRUE,TRUE,MatMul,1,"{'compute_kernel_config': WormholeComputeKernelConfig(math_fidelity=<MathFidelity.LoFi: 1>, math_approx_mode=False, dst_full_sync_en=False, fp32_dest_acc_en=False, packer_l1_acc=True), 'memory_config': <MemoryConfig.L1: 2>}","['ttsim.ttnn.Tensor_225', 'ttsim.ttnn.Tensor_226']",['ttsim.ttnn.Op_113.out'],ttsim.ttnn.Tensor_225[3616x3616]:float16;ttsim.ttnn.Tensor_226[3616x3616]:float16,ttsim.ttnn.Op_113.out[3616x3616]:float16,,,,FALSE,FALSE,,26150912,13075456,52301824,26150912,{'mac': 47280848896},0,26150912,13075456,47280848896,534407,227005,113503,50,COMP,9160200,9.1602,11450250,534407,0,11.45025,0.6,0,0,0,0,0,TRUE,LoFi,11450250
Wormhole,n150,1000,MATRIX,INT8,TTNN,Matmul2Tensors_1,sweep_32_to_4096_bf16,1,112,ttsim.ttnn.Op_113,TRUE,TRUE,MatMul,1,"{'compute_kernel_config': WormholeComputeKernelConfig(math_fidelity=<MathFidelity.HiFi2: 2>, math_approx_mode=False, dst_full_sync_en=False, fp32_dest_acc_en=False, packer_l1_acc=True), 'memory_config': <MemoryConfig.L1: 2>}","['ttsim.ttnn.Tensor_225', 'ttsim.ttnn.Tensor_226']",['ttsim.ttnn.Op_113.out'],ttsim.ttnn.Tensor_225[3616x3616]:float16;ttsim.ttnn.Tensor_226[3616x3616]:float16,ttsim.ttnn.Op_113.out[3616x3616]:float16,,,,FALSE,FALSE,,26150912,13075456,52301824,26150912,{'mac': 47280848896},0,26150912,13075456,47280848896,534407,227005,113503,50,COMP,9160200,9.1602,11450250,534407,0,11.45025,0.6,0,0,0,0,0,TRUE,HiFi2,11450250
Wormhole,n150,1000,MATRIX,INT8,TTNN,Matmul2Tensors_1,sweep_32_to_4096_bf16,1,112,ttsim.ttnn.Op_113,TRUE,TRUE,MatMul,1,"{'compute_kernel_config': WormholeComputeKernelConfig(math_fidelity=<MathFidelity.HiFi4: 4>, math_approx_mode=False, dst_full_sync_en=False, fp32_dest_acc_en=False, packer_l1_acc=True), 'memory_config': <MemoryConfig.L1: 2>}","['ttsim.ttnn.Tensor_225', 'ttsim.ttnn.Tensor_226']",['ttsim.ttnn.Op_113.out'],ttsim.ttnn.Tensor_225[3616x3616]:float16;ttsim.ttnn.Tensor_226[3616x3616]:float16,ttsim.ttnn.Op_113.out[3616x3616]:float16,,,,FALSE,FALSE,,26150912,13075456,52301824,26150912,{'mac': 47280848896},0,26150912,13075456,47280848896,534407,227005,113503,50,COMP,9160200,9.1602,11450250,534407,0,11.45025,0.6,0,0,0,0,0,TRUE,HiFi4,11450250
Wormhole,n150,1000,MATRIX,INT8,TTNN,Matmul2Tensors_1,sweep_32_to_4096_bf16,1,113,ttsim.ttnn.Op_114,TRUE,TRUE,MatMul,1,"{'compute_kernel_config': WormholeComputeKernelConfig(math_fidelity=<MathFidelity.LoFi: 1>, math_approx_mode=False, dst_full_sync_en=False, fp32_dest_acc_en=False, packer_l1_acc=True), 'memory_config': <MemoryConfig.L1: 2>}","['ttsim.ttnn.Tensor_227', 'ttsim.ttnn.Tensor_228']",['ttsim.ttnn.Op_114.out'],ttsim.ttnn.Tensor_227[3648x3648]:float16;ttsim.ttnn.Tensor_228[3648x3648]:float16,ttsim.ttnn.Op_114.out[3648x3648]:float16,,,,FALSE,FALSE,,26615808,13307904,53231616,26615808,{'mac': 48547233792},0,26615808,13307904,48547233792,548720,231040,115520,50,COMP,9241200,9.2412,11551500,548720,0,11.5515,0.6,0,0,0,0,0,TRUE,LoFi,11551500
Wormhole,n150,1000,MATRIX,INT8,TTNN,Matmul2Tensors_1,sweep_32_to_4096_bf16,1,113,ttsim.ttnn.Op_114,TRUE,TRUE,MatMul,1,"{'compute_kernel_config': WormholeComputeKernelConfig(math_fidelity=<MathFidelity.HiFi2: 2>, math_approx_mode=False, dst_full_sync_en=False, fp32_dest_acc_en=False, packer_l1_acc=True), 'memory_config': <MemoryConfig.L1: 2>}","['ttsim.ttnn.Tensor_227', 'ttsim.ttnn.Tensor_228']",['ttsim.ttnn.Op_114.out'],ttsim.ttnn.Tensor_227[3648x3648]:float16;ttsim.ttnn.Tensor_228[3648x3648]:float16,ttsim.ttnn.Op_114.out[3648x3648]:float16,,,,FALSE,FALSE,,26615808,13307904,53231616,26615808,{'mac': 48547233792},0,26615808,13307904,48547233792,548720,231040,115520,50,COMP,9241200,9.2412,11551500,548720,0,11.5515,0.6,0,0,0,0,0,TRUE,HiFi2,11551500
Wormhole,n150,1000,MATRIX,INT8,TTNN,Matmul2Tensors_1,sweep_32_to_4096_bf16,1,113,ttsim.ttnn.Op_114,TRUE,TRUE,MatMul,1,"{'compute_kernel_config': WormholeComputeKernelConfig(math_fidelity=<MathFidelity.HiFi4: 4>, math_approx_mode=False, dst_full_sync_en=False, fp32_dest_acc_en=False, packer_l1_acc=True), 'memory_config': <MemoryConfig.L1: 2>}","['ttsim.ttnn.Tensor_227', 'ttsim.ttnn.Tensor_228']",['ttsim.ttnn.Op_114.out'],ttsim.ttnn.Tensor_227[3648x3648]:float16;ttsim.ttnn.Tensor_228[3648x3648]:float16,ttsim.ttnn.Op_114.out[3648x3648]:float16,,,,FALSE,FALSE,,26615808,13307904,53231616,26615808,{'mac': 48547233792},0,26615808,13307904,48547233792,548720,231040,115520,50,COMP,9241200,9.2412,11551500,548720,0,11.5515,0.6,0,0,0,0,0,TRUE,HiFi4,11551500
Wormhole,n150,1000,MATRIX,INT8,TTNN,Matmul2Tensors_1,sweep_32_to_4096_bf16,1,114,ttsim.ttnn.Op_115,TRUE,TRUE,MatMul,1,"{'compute_kernel_config': WormholeComputeKernelConfig(math_fidelity=<MathFidelity.LoFi: 1>, math_approx_mode=False, dst_full_sync_en=False, fp32_dest_acc_en=False, packer_l1_acc=True), 'memory_config': <MemoryConfig.L1: 2>}","['ttsim.ttnn.Tensor_229', 'ttsim.ttnn.Tensor_230']",['ttsim.ttnn.Op_115.out'],ttsim.ttnn.Tensor_229[3680x3680]:float16;ttsim.ttnn.Tensor_230[3680x3680]:float16,ttsim.ttnn.Op_115.out[3680x3680]:float16,,,,FALSE,FALSE,,27084800,13542400,54169600,27084800,{'mac': 49836032000},0,27084800,13542400,49836032000,563288,235112,117556,50,COMP,9322200,9.3222,11652750,563288,0,11.65275,0.6,0,0,0,0,0,TRUE,LoFi,11652750
Wormhole,n150,1000,MATRIX,INT8,TTNN,Matmul2Tensors_1,sweep_32_to_4096_bf16,1,114,ttsim.ttnn.Op_115,TRUE,TRUE,MatMul,1,"{'compute_kernel_config': WormholeComputeKernelConfig(math_fidelity=<MathFidelity.HiFi2: 2>, math_approx_mode=False, dst_full_sync_en=False, fp32_dest_acc_en=False, packer_l1_acc=True), 'memory_config': <MemoryConfig.L1: 2>}","['ttsim.ttnn.Tensor_229', 'ttsim.ttnn.Tensor_230']",['ttsim.ttnn.Op_115.out'],ttsim.ttnn.Tensor_229[3680x3680]:float16;ttsim.ttnn.Tensor_230[3680x3680]:float16,ttsim.ttnn.Op_115.out[3680x3680]:float16,,,,FALSE,FALSE,,27084800,13542400,54169600,27084800,{'mac': 49836032000},0,27084800,13542400,49836032000,563288,235112,117556,50,COMP,9322200,9.3222,11652750,563288,0,11.65275,0.6,0,0,0,0,0,TRUE,HiFi2,11652750
Wormhole,n150,1000,MATRIX,INT8,TTNN,Matmul2Tensors_1,sweep_32_to_4096_bf16,1,114,ttsim.ttnn.Op_115,TRUE,TRUE,MatMul,1,"{'compute_kernel_config': WormholeComputeKernelConfig(math_fidelity=<MathFidelity.HiFi4: 4>, math_approx_mode=False, dst_full_sync_en=False, fp32_dest_acc_en=False, packer_l1_acc=True), 'memory_config': <MemoryConfig.L1: 2>}","['ttsim.ttnn.Tensor_229', 'ttsim.ttnn.Tensor_230']",['ttsim.ttnn.Op_115.out'],ttsim.ttnn.Tensor_229[3680x3680]:float16;ttsim.ttnn.Tensor_230[3680x3680]:float16,ttsim.ttnn.Op_115.out[3680x3680]:float16,,,,FALSE,FALSE,,27084800,13542400,54169600,27084800,{'mac': 49836032000},0,27084800,13542400,49836032000,563288,235112,117556,50,COMP,9322200,9.3222,11652750,563288,0,11.65275,0.6,0,0,0,0,0,TRUE,HiFi4,11652750
Wormhole,n150,1000,MATRIX,INT8,TTNN,Matmul2Tensors_1,sweep_32_to_4096_bf16,1,115,ttsim.ttnn.Op_116,TRUE,TRUE,MatMul,1,"{'compute_kernel_config': WormholeComputeKernelConfig(math_fidelity=<MathFidelity.LoFi: 1>, math_approx_mode=False, dst_full_sync_en=False, fp32_dest_acc_en=False, packer_l1_acc=True), 'memory_config': <MemoryConfig.L1: 2>}","['ttsim.ttnn.Tensor_231', 'ttsim.ttnn.Tensor_232']",['ttsim.ttnn.Op_116.out'],ttsim.ttnn.Tensor_231[3712x3712]:float16;ttsim.ttnn.Tensor_232[3712x3712]:float16,ttsim.ttnn.Op_116.out[3712x3712]:float16,,,,FALSE,FALSE,,27557888,13778944,55115776,27557888,{'mac': 51147440128},0,27557888,13778944,51147440128,578110,239218,119609,50,COMP,9403200,9.4032,11754000,578110,0,11.754,0.6,0,0,0,0,0,TRUE,LoFi,11754000
Wormhole,n150,1000,MATRIX,INT8,TTNN,Matmul2Tensors_1,sweep_32_to_4096_bf16,1,115,ttsim.ttnn.Op_116,TRUE,TRUE,MatMul,1,"{'compute_kernel_config': WormholeComputeKernelConfig(math_fidelity=<MathFidelity.HiFi2: 2>, math_approx_mode=False, dst_full_sync_en=False, fp32_dest_acc_en=False, packer_l1_acc=True), 'memory_config': <MemoryConfig.L1: 2>}","['ttsim.ttnn.Tensor_231', 'ttsim.ttnn.Tensor_232']",['ttsim.ttnn.Op_116.out'],ttsim.ttnn.Tensor_231[3712x3712]:float16;ttsim.ttnn.Tensor_232[3712x3712]:float16,ttsim.ttnn.Op_116.out[3712x3712]:float16,,,,FALSE,FALSE,,27557888,13778944,55115776,27557888,{'mac': 51147440128},0,27557888,13778944,51147440128,578110,239218,119609,50,COMP,9403200,9.4032,11754000,578110,0,11.754,0.6,0,0,0,0,0,TRUE,HiFi2,11754000
Wormhole,n150,1000,MATRIX,INT8,TTNN,Matmul2Tensors_1,sweep_32_to_4096_bf16,1,115,ttsim.ttnn.Op_116,TRUE,TRUE,MatMul,1,"{'compute_kernel_config': WormholeComputeKernelConfig(math_fidelity=<MathFidelity.HiFi4: 4>, math_approx_mode=False, dst_full_sync_en=False, fp32_dest_acc_en=False, packer_l1_acc=True), 'memory_config': <MemoryConfig.L1: 2>}","['ttsim.ttnn.Tensor_231', 'ttsim.ttnn.Tensor_232']",['ttsim.ttnn.Op_116.out'],ttsim.ttnn.Tensor_231[3712x3712]:float16;ttsim.ttnn.Tensor_232[3712x3712]:float16,ttsim.ttnn.Op_116.out[3712x3712]:float16,,,,FALSE,FALSE,,27557888,13778944,55115776,27557888,{'mac': 51147440128},0,27557888,13778944,51147440128,578110,239218,119609,50,COMP,9403200,9.4032,11754000,578110,0,11.754,0.6,0,0,0,0,0,TRUE,HiFi4,11754000
Wormhole,n150,1000,MATRIX,INT8,TTNN,Matmul2Tensors_1,sweep_32_to_4096_bf16,1,116,ttsim.ttnn.Op_117,TRUE,TRUE,MatMul,1,"{'compute_kernel_config': WormholeComputeKernelConfig(math_fidelity=<MathFidelity.LoFi: 1>, math_approx_mode=False, dst_full_sync_en=False, fp32_dest_acc_en=False, packer_l1_acc=True), 'memory_config': <MemoryConfig.L1: 2>}","['ttsim.ttnn.Tensor_233', 'ttsim.ttnn.Tensor_234']",['ttsim.ttnn.Op_117.out'],ttsim.ttnn.Tensor_233[3744x3744]:float16;ttsim.ttnn.Tensor_234[3744x3744]:float16,ttsim.ttnn.Op_117.out[3744x3744]:float16,,,,FALSE,FALSE,,28035072,14017536,56070144,28035072,{'mac': 52481654784},0,28035072,14017536,52481654784,593191,243360,121680,50,COMP,9484200,9.4842,11855250,593191,0,11.85525,0.6,0,0,0,0,0,TRUE,LoFi,11855250
Wormhole,n150,1000,MATRIX,INT8,TTNN,Matmul2Tensors_1,sweep_32_to_4096_bf16,1,116,ttsim.ttnn.Op_117,TRUE,TRUE,MatMul,1,"{'compute_kernel_config': WormholeComputeKernelConfig(math_fidelity=<MathFidelity.HiFi2: 2>, math_approx_mode=False, dst_full_sync_en=False, fp32_dest_acc_en=False, packer_l1_acc=True), 'memory_config': <MemoryConfig.L1: 2>}","['ttsim.ttnn.Tensor_233', 'ttsim.ttnn.Tensor_234']",['ttsim.ttnn.Op_117.out'],ttsim.ttnn.Tensor_233[3744x3744]:float16;ttsim.ttnn.Tensor_234[3744x3744]:float16,ttsim.ttnn.Op_117.out[3744x3744]:float16,,,,FALSE,FALSE,,28035072,14017536,56070144,28035072,{'mac': 52481654784},0,28035072,14017536,52481654784,593191,243360,121680,50,COMP,9484200,9.4842,11855250,593191,0,11.85525,0.6,0,0,0,0,0,TRUE,HiFi2,11855250
Wormhole,n150,1000,MATRIX,INT8,TTNN,Matmul2Tensors_1,sweep_32_to_4096_bf16,1,116,ttsim.ttnn.Op_117,TRUE,TRUE,MatMul,1,"{'compute_kernel_config': WormholeComputeKernelConfig(math_fidelity=<MathFidelity.HiFi4: 4>, math_approx_mode=False, dst_full_sync_en=False, fp32_dest_acc_en=False, packer_l1_acc=True), 'memory_config': <MemoryConfig.L1: 2>}","['ttsim.ttnn.Tensor_233', 'ttsim.ttnn.Tensor_234']",['ttsim.ttnn.Op_117.out'],ttsim.ttnn.Tensor_233[3744x3744]:float16;ttsim.ttnn.Tensor_234[3744x3744]:float16,ttsim.ttnn.Op_117.out[3744x3744]:float16,,,,FALSE,FALSE,,28035072,14017536,56070144,28035072,{'mac': 52481654784},0,28035072,14017536,52481654784,593191,243360,121680,50,COMP,9484200,9.4842,11855250,593191,0,11.85525,0.6,0,0,0,0,0,TRUE,HiFi4,11855250
Wormhole,n150,1000,MATRIX,INT8,TTNN,Matmul2Tensors_1,sweep_32_to_4096_bf16,1,117,ttsim.ttnn.Op_118,TRUE,TRUE,MatMul,1,"{'compute_kernel_config': WormholeComputeKernelConfig(math_fidelity=<MathFidelity.LoFi: 1>, math_approx_mode=False, dst_full_sync_en=False, fp32_dest_acc_en=False, packer_l1_acc=True), 'memory_config': <MemoryConfig.L1: 2>}","['ttsim.ttnn.Tensor_235', 'ttsim.ttnn.Tensor_236']",['ttsim.ttnn.Op_118.out'],ttsim.ttnn.Tensor_235[3776x3776]:float16;ttsim.ttnn.Tensor_236[3776x3776]:float16,ttsim.ttnn.Op_118.out[3776x3776]:float16,,,,FALSE,FALSE,,28516352,14258176,57032704,28516352,{'mac': 53838872576},0,28516352,14258176,53838872576,608531,247538,123769,50,COMP,9565200,9.5652,11956500,608531,0,11.9565,0.6,0,0,0,0,0,TRUE,LoFi,11956500
Wormhole,n150,1000,MATRIX,INT8,TTNN,Matmul2Tensors_1,sweep_32_to_4096_bf16,1,117,ttsim.ttnn.Op_118,TRUE,TRUE,MatMul,1,"{'compute_kernel_config': WormholeComputeKernelConfig(math_fidelity=<MathFidelity.HiFi2: 2>, math_approx_mode=False, dst_full_sync_en=False, fp32_dest_acc_en=False, packer_l1_acc=True), 'memory_config': <MemoryConfig.L1: 2>}","['ttsim.ttnn.Tensor_235', 'ttsim.ttnn.Tensor_236']",['ttsim.ttnn.Op_118.out'],ttsim.ttnn.Tensor_235[3776x3776]:float16;ttsim.ttnn.Tensor_236[3776x3776]:float16,ttsim.ttnn.Op_118.out[3776x3776]:float16,,,,FALSE,FALSE,,28516352,14258176,57032704,28516352,{'mac': 53838872576},0,28516352,14258176,53838872576,608531,247538,123769,50,COMP,9565200,9.5652,11956500,608531,0,11.9565,0.6,0,0,0,0,0,TRUE,HiFi2,11956500
Wormhole,n150,1000,MATRIX,INT8,TTNN,Matmul2Tensors_1,sweep_32_to_4096_bf16,1,117,ttsim.ttnn.Op_118,TRUE,TRUE,MatMul,1,"{'compute_kernel_config': WormholeComputeKernelConfig(math_fidelity=<MathFidelity.HiFi4: 4>, math_approx_mode=False, dst_full_sync_en=False, fp32_dest_acc_en=False, packer_l1_acc=True), 'memory_config': <MemoryConfig.L1: 2>}","['ttsim.ttnn.Tensor_235', 'ttsim.ttnn.Tensor_236']",['ttsim.ttnn.Op_118.out'],ttsim.ttnn.Tensor_235[3776x3776]:float16;ttsim.ttnn.Tensor_236[3776x3776]:float16,ttsim.ttnn.Op_118.out[3776x3776]:float16,,,,FALSE,FALSE,,28516352,14258176,57032704,28516352,{'mac': 53838872576},0,28516352,14258176,53838872576,608531,247538,123769,50,COMP,9565200,9.5652,11956500,608531,0,11.9565,0.6,0,0,0,0,0,TRUE,HiFi4,11956500
Wormhole,n150,1000,MATRIX,INT8,TTNN,Matmul2Tensors_1,sweep_32_to_4096_bf16,1,118,ttsim.ttnn.Op_119,TRUE,TRUE,MatMul,1,"{'compute_kernel_config': WormholeComputeKernelConfig(math_fidelity=<MathFidelity.LoFi: 1>, math_approx_mode=False, dst_full_sync_en=False, fp32_dest_acc_en=False, packer_l1_acc=True), 'memory_config': <MemoryConfig.L1: 2>}","['ttsim.ttnn.Tensor_237', 'ttsim.ttnn.Tensor_238']",['ttsim.ttnn.Op_119.out'],ttsim.ttnn.Tensor_237[3808x3808]:float16;ttsim.ttnn.Tensor_238[3808x3808]:float16,ttsim.ttnn.Op_119.out[3808x3808]:float16,,,,FALSE,FALSE,,29001728,14500864,58003456,29001728,{'mac': 55219290112},0,29001728,14500864,55219290112,624133,251752,125876,50,COMP,9646200,9.6462,12057750,624133,0,12.05775,0.6,0,0,0,0,0,TRUE,LoFi,12057750
Wormhole,n150,1000,MATRIX,INT8,TTNN,Matmul2Tensors_1,sweep_32_to_4096_bf16,1,118,ttsim.ttnn.Op_119,TRUE,TRUE,MatMul,1,"{'compute_kernel_config': WormholeComputeKernelConfig(math_fidelity=<MathFidelity.HiFi2: 2>, math_approx_mode=False, dst_full_sync_en=False, fp32_dest_acc_en=False, packer_l1_acc=True), 'memory_config': <MemoryConfig.L1: 2>}","['ttsim.ttnn.Tensor_237', 'ttsim.ttnn.Tensor_238']",['ttsim.ttnn.Op_119.out'],ttsim.ttnn.Tensor_237[3808x3808]:float16;ttsim.ttnn.Tensor_238[3808x3808]:float16,ttsim.ttnn.Op_119.out[3808x3808]:float16,,,,FALSE,FALSE,,29001728,14500864,58003456,29001728,{'mac': 55219290112},0,29001728,14500864,55219290112,624133,251752,125876,50,COMP,9646200,9.6462,12057750,624133,0,12.05775,0.6,0,0,0,0,0,TRUE,HiFi2,12057750
Wormhole,n150,1000,MATRIX,INT8,TTNN,Matmul2Tensors_1,sweep_32_to_4096_bf16,1,118,ttsim.ttnn.Op_119,TRUE,TRUE,MatMul,1,"{'compute_kernel_config': WormholeComputeKernelConfig(math_fidelity=<MathFidelity.HiFi4: 4>, math_approx_mode=False, dst_full_sync_en=False, fp32_dest_acc_en=False, packer_l1_acc=True), 'memory_config': <MemoryConfig.L1: 2>}","['ttsim.ttnn.Tensor_237', 'ttsim.ttnn.Tensor_238']",['ttsim.ttnn.Op_119.out'],ttsim.ttnn.Tensor_237[3808x3808]:float16;ttsim.ttnn.Tensor_238[3808x3808]:float16,ttsim.ttnn.Op_119.out[3808x3808]:float16,,,,FALSE,FALSE,,29001728,14500864,58003456,29001728,{'mac': 55219290112},0,29001728,14500864,55219290112,624133,251752,125876,50,COMP,9646200,9.6462,12057750,624133,0,12.05775,0.6,0,0,0,0,0,TRUE,HiFi4,12057750
Wormhole,n150,1000,MATRIX,INT8,TTNN,Matmul2Tensors_1,sweep_32_to_4096_bf16,1,119,ttsim.ttnn.Op_120,TRUE,TRUE,MatMul,1,"{'compute_kernel_config': WormholeComputeKernelConfig(math_fidelity=<MathFidelity.LoFi: 1>, math_approx_mode=False, dst_full_sync_en=False, fp32_dest_acc_en=False, packer_l1_acc=True), 'memory_config': <MemoryConfig.L1: 2>}","['ttsim.ttnn.Tensor_239', 'ttsim.ttnn.Tensor_240']",['ttsim.ttnn.Op_120.out'],ttsim.ttnn.Tensor_239[3840x3840]:float16;ttsim.ttnn.Tensor_240[3840x3840]:float16,ttsim.ttnn.Op_120.out[3840x3840]:float16,,,,FALSE,FALSE,,29491200,14745600,58982400,29491200,{'mac': 56623104000},0,29491200,14745600,56623104000,640001,256000,128000,50,COMP,9727200,9.7272,12159000,640001,0,12.159,0.6,0,0,0,0,0,TRUE,LoFi,12159000
Wormhole,n150,1000,MATRIX,INT8,TTNN,Matmul2Tensors_1,sweep_32_to_4096_bf16,1,119,ttsim.ttnn.Op_120,TRUE,TRUE,MatMul,1,"{'compute_kernel_config': WormholeComputeKernelConfig(math_fidelity=<MathFidelity.HiFi2: 2>, math_approx_mode=False, dst_full_sync_en=False, fp32_dest_acc_en=False, packer_l1_acc=True), 'memory_config': <MemoryConfig.L1: 2>}","['ttsim.ttnn.Tensor_239', 'ttsim.ttnn.Tensor_240']",['ttsim.ttnn.Op_120.out'],ttsim.ttnn.Tensor_239[3840x3840]:float16;ttsim.ttnn.Tensor_240[3840x3840]:float16,ttsim.ttnn.Op_120.out[3840x3840]:float16,,,,FALSE,FALSE,,29491200,14745600,58982400,29491200,{'mac': 56623104000},0,29491200,14745600,56623104000,640001,256000,128000,50,COMP,9727200,9.7272,12159000,640001,0,12.159,0.6,0,0,0,0,0,TRUE,HiFi2,12159000
Wormhole,n150,1000,MATRIX,INT8,TTNN,Matmul2Tensors_1,sweep_32_to_4096_bf16,1,119,ttsim.ttnn.Op_120,TRUE,TRUE,MatMul,1,"{'compute_kernel_config': WormholeComputeKernelConfig(math_fidelity=<MathFidelity.HiFi4: 4>, math_approx_mode=False, dst_full_sync_en=False, fp32_dest_acc_en=False, packer_l1_acc=True), 'memory_config': <MemoryConfig.L1: 2>}","['ttsim.ttnn.Tensor_239', 'ttsim.ttnn.Tensor_240']",['ttsim.ttnn.Op_120.out'],ttsim.ttnn.Tensor_239[3840x3840]:float16;ttsim.ttnn.Tensor_240[3840x3840]:float16,ttsim.ttnn.Op_120.out[3840x3840]:float16,,,,FALSE,FALSE,,29491200,14745600,58982400,29491200,{'mac': 56623104000},0,29491200,14745600,56623104000,640001,256000,128000,50,COMP,9727200,9.7272,12159000,640001,0,12.159,0.6,0,0,0,0,0,TRUE,HiFi4,12159000
Wormhole,n150,1000,MATRIX,INT8,TTNN,Matmul2Tensors_1,sweep_32_to_4096_bf16,1,120,ttsim.ttnn.Op_121,TRUE,TRUE,MatMul,1,"{'compute_kernel_config': WormholeComputeKernelConfig(math_fidelity=<MathFidelity.LoFi: 1>, math_approx_mode=False, dst_full_sync_en=False, fp32_dest_acc_en=False, packer_l1_acc=True), 'memory_config': <MemoryConfig.L1: 2>}","['ttsim.ttnn.Tensor_241', 'ttsim.ttnn.Tensor_242']",['ttsim.ttnn.Op_121.out'],ttsim.ttnn.Tensor_241[3872x3872]:float16;ttsim.ttnn.Tensor_242[3872x3872]:float16,ttsim.ttnn.Op_121.out[3872x3872]:float16,,,,FALSE,FALSE,,29984768,14992384,59969536,29984768,{'mac': 58050510848},0,29984768,14992384,58050510848,656134,260285,130143,50,COMP,12695962,12.695962,15869952,656134,0,15.869952,0.6,0,0,0,0,0,TRUE,LoFi,15869952
Wormhole,n150,1000,MATRIX,INT8,TTNN,Matmul2Tensors_1,sweep_32_to_4096_bf16,1,120,ttsim.ttnn.Op_121,TRUE,TRUE,MatMul,1,"{'compute_kernel_config': WormholeComputeKernelConfig(math_fidelity=<MathFidelity.HiFi2: 2>, math_approx_mode=False, dst_full_sync_en=False, fp32_dest_acc_en=False, packer_l1_acc=True), 'memory_config': <MemoryConfig.L1: 2>}","['ttsim.ttnn.Tensor_241', 'ttsim.ttnn.Tensor_242']",['ttsim.ttnn.Op_121.out'],ttsim.ttnn.Tensor_241[3872x3872]:float16;ttsim.ttnn.Tensor_242[3872x3872]:float16,ttsim.ttnn.Op_121.out[3872x3872]:float16,,,,FALSE,FALSE,,29984768,14992384,59969536,29984768,{'mac': 58050510848},0,29984768,14992384,58050510848,656134,260285,130143,50,COMP,12695962,12.695962,15869952,656134,0,15.869952,0.6,0,0,0,0,0,TRUE,HiFi2,15869952
Wormhole,n150,1000,MATRIX,INT8,TTNN,Matmul2Tensors_1,sweep_32_to_4096_bf16,1,120,ttsim.ttnn.Op_121,TRUE,TRUE,MatMul,1,"{'compute_kernel_config': WormholeComputeKernelConfig(math_fidelity=<MathFidelity.HiFi4: 4>, math_approx_mode=False, dst_full_sync_en=False, fp32_dest_acc_en=False, packer_l1_acc=True), 'memory_config': <MemoryConfig.L1: 2>}","['ttsim.ttnn.Tensor_241', 'ttsim.ttnn.Tensor_242']",['ttsim.ttnn.Op_121.out'],ttsim.ttnn.Tensor_241[3872x3872]:float16;ttsim.ttnn.Tensor_242[3872x3872]:float16,ttsim.ttnn.Op_121.out[3872x3872]:float16,,,,FALSE,FALSE,,29984768,14992384,59969536,29984768,{'mac': 58050510848},0,29984768,14992384,58050510848,656134,260285,130143,50,COMP,12695962,12.695962,15869952,656134,0,15.869952,0.6,0,0,0,0,0,TRUE,HiFi4,15869952
Wormhole,n150,1000,MATRIX,INT8,TTNN,Matmul2Tensors_1,sweep_32_to_4096_bf16,1,121,ttsim.ttnn.Op_122,TRUE,TRUE,MatMul,1,"{'compute_kernel_config': WormholeComputeKernelConfig(math_fidelity=<MathFidelity.LoFi: 1>, math_approx_mode=False, dst_full_sync_en=False, fp32_dest_acc_en=False, packer_l1_acc=True), 'memory_config': <MemoryConfig.L1: 2>}","['ttsim.ttnn.Tensor_243', 'ttsim.ttnn.Tensor_244']",['ttsim.ttnn.Op_122.out'],ttsim.ttnn.Tensor_243[3904x3904]:float16;ttsim.ttnn.Tensor_244[3904x3904]:float16,ttsim.ttnn.Op_122.out[3904x3904]:float16,,,,FALSE,FALSE,,30482432,15241216,60964864,30482432,{'mac': 59501707264},0,30482432,15241216,59501707264,672537,264605,132303,50,COMP,12800820,12.80082,16001025,672537,0,16.001024,0.6,0,0,0,0,0,TRUE,LoFi,16001024
Wormhole,n150,1000,MATRIX,INT8,TTNN,Matmul2Tensors_1,sweep_32_to_4096_bf16,1,121,ttsim.ttnn.Op_122,TRUE,TRUE,MatMul,1,"{'compute_kernel_config': WormholeComputeKernelConfig(math_fidelity=<MathFidelity.HiFi2: 2>, math_approx_mode=False, dst_full_sync_en=False, fp32_dest_acc_en=False, packer_l1_acc=True), 'memory_config': <MemoryConfig.L1: 2>}","['ttsim.ttnn.Tensor_243', 'ttsim.ttnn.Tensor_244']",['ttsim.ttnn.Op_122.out'],ttsim.ttnn.Tensor_243[3904x3904]:float16;ttsim.ttnn.Tensor_244[3904x3904]:float16,ttsim.ttnn.Op_122.out[3904x3904]:float16,,,,FALSE,FALSE,,30482432,15241216,60964864,30482432,{'mac': 59501707264},0,30482432,15241216,59501707264,672537,264605,132303,50,COMP,12800820,12.80082,16001025,672537,0,16.001024,0.6,0,0,0,0,0,TRUE,HiFi2,16001024
Wormhole,n150,1000,MATRIX,INT8,TTNN,Matmul2Tensors_1,sweep_32_to_4096_bf16,1,121,ttsim.ttnn.Op_122,TRUE,TRUE,MatMul,1,"{'compute_kernel_config': WormholeComputeKernelConfig(math_fidelity=<MathFidelity.HiFi4: 4>, math_approx_mode=False, dst_full_sync_en=False, fp32_dest_acc_en=False, packer_l1_acc=True), 'memory_config': <MemoryConfig.L1: 2>}","['ttsim.ttnn.Tensor_243', 'ttsim.ttnn.Tensor_244']",['ttsim.ttnn.Op_122.out'],ttsim.ttnn.Tensor_243[3904x3904]:float16;ttsim.ttnn.Tensor_244[3904x3904]:float16,ttsim.ttnn.Op_122.out[3904x3904]:float16,,,,FALSE,FALSE,,30482432,15241216,60964864,30482432,{'mac': 59501707264},0,30482432,15241216,59501707264,672537,264605,132303,50,COMP,12800820,12.80082,16001025,672537,0,16.001024,0.6,0,0,0,0,0,TRUE,HiFi4,16001024
Wormhole,n150,1000,MATRIX,INT8,TTNN,Matmul2Tensors_1,sweep_32_to_4096_bf16,1,122,ttsim.ttnn.Op_123,TRUE,TRUE,MatMul,1,"{'compute_kernel_config': WormholeComputeKernelConfig(math_fidelity=<MathFidelity.LoFi: 1>, math_approx_mode=False, dst_full_sync_en=False, fp32_dest_acc_en=False, packer_l1_acc=True), 'memory_config': <MemoryConfig.L1: 2>}","['ttsim.ttnn.Tensor_245', 'ttsim.ttnn.Tensor_246']",['ttsim.ttnn.Op_123.out'],ttsim.ttnn.Tensor_245[3936x3936]:float16;ttsim.ttnn.Tensor_246[3936x3936]:float16,ttsim.ttnn.Op_123.out[3936x3936]:float16,,,,FALSE,FALSE,,30984192,15492096,61968384,30984192,{'mac': 60976889856},0,30984192,15492096,60976889856,689211,268960,134480,50,COMP,12905678,12.905678,16132097,689211,0,16.132096,0.6,0,0,0,0,0,TRUE,LoFi,16132096
Wormhole,n150,1000,MATRIX,INT8,TTNN,Matmul2Tensors_1,sweep_32_to_4096_bf16,1,122,ttsim.ttnn.Op_123,TRUE,TRUE,MatMul,1,"{'compute_kernel_config': WormholeComputeKernelConfig(math_fidelity=<MathFidelity.HiFi2: 2>, math_approx_mode=False, dst_full_sync_en=False, fp32_dest_acc_en=False, packer_l1_acc=True), 'memory_config': <MemoryConfig.L1: 2>}","['ttsim.ttnn.Tensor_245', 'ttsim.ttnn.Tensor_246']",['ttsim.ttnn.Op_123.out'],ttsim.ttnn.Tensor_245[3936x3936]:float16;ttsim.ttnn.Tensor_246[3936x3936]:float16,ttsim.ttnn.Op_123.out[3936x3936]:float16,,,,FALSE,FALSE,,30984192,15492096,61968384,30984192,{'mac': 60976889856},0,30984192,15492096,60976889856,689211,268960,134480,50,COMP,12905678,12.905678,16132097,689211,0,16.132096,0.6,0,0,0,0,0,TRUE,HiFi2,16132096
Wormhole,n150,1000,MATRIX,INT8,TTNN,Matmul2Tensors_1,sweep_32_to_4096_bf16,1,122,ttsim.ttnn.Op_123,TRUE,TRUE,MatMul,1,"{'compute_kernel_config': WormholeComputeKernelConfig(math_fidelity=<MathFidelity.HiFi4: 4>, math_approx_mode=False, dst_full_sync_en=False, fp32_dest_acc_en=False, packer_l1_acc=True), 'memory_config': <MemoryConfig.L1: 2>}","['ttsim.ttnn.Tensor_245', 'ttsim.ttnn.Tensor_246']",['ttsim.ttnn.Op_123.out'],ttsim.ttnn.Tensor_245[3936x3936]:float16;ttsim.ttnn.Tensor_246[3936x3936]:float16,ttsim.ttnn.Op_123.out[3936x3936]:float16,,,,FALSE,FALSE,,30984192,15492096,61968384,30984192,{'mac': 60976889856},0,30984192,15492096,60976889856,689211,268960,134480,50,COMP,12905678,12.905678,16132097,689211,0,16.132096,0.6,0,0,0,0,0,TRUE,HiFi4,16132096
Wormhole,n150,1000,MATRIX,INT8,TTNN,Matmul2Tensors_1,sweep_32_to_4096_bf16,1,123,ttsim.ttnn.Op_124,TRUE,TRUE,MatMul,1,"{'compute_kernel_config': WormholeComputeKernelConfig(math_fidelity=<MathFidelity.LoFi: 1>, math_approx_mode=False, dst_full_sync_en=False, fp32_dest_acc_en=False, packer_l1_acc=True), 'memory_config': <MemoryConfig.L1: 2>}","['ttsim.ttnn.Tensor_247', 'ttsim.ttnn.Tensor_248']",['ttsim.ttnn.Op_124.out'],ttsim.ttnn.Tensor_247[3968x3968]:float16;ttsim.ttnn.Tensor_248[3968x3968]:float16,ttsim.ttnn.Op_124.out[3968x3968]:float16,,,,FALSE,FALSE,,31490048,15745024,62980096,31490048,{'mac': 62476255232},0,31490048,15745024,62476255232,706158,273352,136676,50,COMP,13010535,13.010535,16263168,706158,0,16.263168,0.6,0,0,0,0,0,TRUE,LoFi,16263168
Wormhole,n150,1000,MATRIX,INT8,TTNN,Matmul2Tensors_1,sweep_32_to_4096_bf16,1,123,ttsim.ttnn.Op_124,TRUE,TRUE,MatMul,1,"{'compute_kernel_config': WormholeComputeKernelConfig(math_fidelity=<MathFidelity.HiFi2: 2>, math_approx_mode=False, dst_full_sync_en=False, fp32_dest_acc_en=False, packer_l1_acc=True), 'memory_config': <MemoryConfig.L1: 2>}","['ttsim.ttnn.Tensor_247', 'ttsim.ttnn.Tensor_248']",['ttsim.ttnn.Op_124.out'],ttsim.ttnn.Tensor_247[3968x3968]:float16;ttsim.ttnn.Tensor_248[3968x3968]:float16,ttsim.ttnn.Op_124.out[3968x3968]:float16,,,,FALSE,FALSE,,31490048,15745024,62980096,31490048,{'mac': 62476255232},0,31490048,15745024,62476255232,706158,273352,136676,50,COMP,13010535,13.010535,16263168,706158,0,16.263168,0.6,0,0,0,0,0,TRUE,HiFi2,16263168
Wormhole,n150,1000,MATRIX,INT8,TTNN,Matmul2Tensors_1,sweep_32_to_4096_bf16,1,123,ttsim.ttnn.Op_124,TRUE,TRUE,MatMul,1,"{'compute_kernel_config': WormholeComputeKernelConfig(math_fidelity=<MathFidelity.HiFi4: 4>, math_approx_mode=False, dst_full_sync_en=False, fp32_dest_acc_en=False, packer_l1_acc=True), 'memory_config': <MemoryConfig.L1: 2>}","['ttsim.ttnn.Tensor_247', 'ttsim.ttnn.Tensor_248']",['ttsim.ttnn.Op_124.out'],ttsim.ttnn.Tensor_247[3968x3968]:float16;ttsim.ttnn.Tensor_248[3968x3968]:float16,ttsim.ttnn.Op_124.out[3968x3968]:float16,,,,FALSE,FALSE,,31490048,15745024,62980096,31490048,{'mac': 62476255232},0,31490048,15745024,62476255232,706158,273352,136676,50,COMP,13010535,13.010535,16263168,706158,0,16.263168,0.6,0,0,0,0,0,TRUE,HiFi4,16263168
Wormhole,n150,1000,MATRIX,INT8,TTNN,Matmul2Tensors_1,sweep_32_to_4096_bf16,1,124,ttsim.ttnn.Op_125,TRUE,TRUE,MatMul,1,"{'compute_kernel_config': WormholeComputeKernelConfig(math_fidelity=<MathFidelity.LoFi: 1>, math_approx_mode=False, dst_full_sync_en=False, fp32_dest_acc_en=False, packer_l1_acc=True), 'memory_config': <MemoryConfig.L1: 2>}","['ttsim.ttnn.Tensor_249', 'ttsim.ttnn.Tensor_250']",['ttsim.ttnn.Op_125.out'],ttsim.ttnn.Tensor_249[4000x4000]:float16;ttsim.ttnn.Tensor_250[4000x4000]:float16,ttsim.ttnn.Op_125.out[4000x4000]:float16,,,,FALSE,FALSE,,32000000,16000000,64000000,32000000,{'mac': 64000000000},0,32000000,16000000,64000000000,723380,277778,138889,50,COMP,13115393,13.115393,16394241,723380,0,16.39424,0.6,0,0,0,0,0,TRUE,LoFi,16394240
Wormhole,n150,1000,MATRIX,INT8,TTNN,Matmul2Tensors_1,sweep_32_to_4096_bf16,1,124,ttsim.ttnn.Op_125,TRUE,TRUE,MatMul,1,"{'compute_kernel_config': WormholeComputeKernelConfig(math_fidelity=<MathFidelity.HiFi2: 2>, math_approx_mode=False, dst_full_sync_en=False, fp32_dest_acc_en=False, packer_l1_acc=True), 'memory_config': <MemoryConfig.L1: 2>}","['ttsim.ttnn.Tensor_249', 'ttsim.ttnn.Tensor_250']",['ttsim.ttnn.Op_125.out'],ttsim.ttnn.Tensor_249[4000x4000]:float16;ttsim.ttnn.Tensor_250[4000x4000]:float16,ttsim.ttnn.Op_125.out[4000x4000]:float16,,,,FALSE,FALSE,,32000000,16000000,64000000,32000000,{'mac': 64000000000},0,32000000,16000000,64000000000,723380,277778,138889,50,COMP,13115393,13.115393,16394241,723380,0,16.39424,0.6,0,0,0,0,0,TRUE,HiFi2,16394240
Wormhole,n150,1000,MATRIX,INT8,TTNN,Matmul2Tensors_1,sweep_32_to_4096_bf16,1,124,ttsim.ttnn.Op_125,TRUE,TRUE,MatMul,1,"{'compute_kernel_config': WormholeComputeKernelConfig(math_fidelity=<MathFidelity.HiFi4: 4>, math_approx_mode=False, dst_full_sync_en=False, fp32_dest_acc_en=False, packer_l1_acc=True), 'memory_config': <MemoryConfig.L1: 2>}","['ttsim.ttnn.Tensor_249', 'ttsim.ttnn.Tensor_250']",['ttsim.ttnn.Op_125.out'],ttsim.ttnn.Tensor_249[4000x4000]:float16;ttsim.ttnn.Tensor_250[4000x4000]:float16,ttsim.ttnn.Op_125.out[4000x4000]:float16,,,,FALSE,FALSE,,32000000,16000000,64000000,32000000,{'mac': 64000000000},0,32000000,16000000,64000000000,723380,277778,138889,50,COMP,13115393,13.115393,16394241,723380,0,16.39424,0.6,0,0,0,0,0,TRUE,HiFi4,16394240
Wormhole,n150,1000,MATRIX,INT8,TTNN,Matmul2Tensors_1,sweep_32_to_4096_bf16,1,125,ttsim.ttnn.Op_126,TRUE,TRUE,MatMul,1,"{'compute_kernel_config': WormholeComputeKernelConfig(math_fidelity=<MathFidelity.LoFi: 1>, math_approx_mode=False, dst_full_sync_en=False, fp32_dest_acc_en=False, packer_l1_acc=True), 'memory_config': <MemoryConfig.L1: 2>}","['ttsim.ttnn.Tensor_251', 'ttsim.ttnn.Tensor_252']",['ttsim.ttnn.Op_126.out'],ttsim.ttnn.Tensor_251[4032x4032]:float16;ttsim.ttnn.Tensor_252[4032x4032]:float16,ttsim.ttnn.Op_126.out[4032x4032]:float16,,,,FALSE,FALSE,,32514048,16257024,65028096,32514048,{'mac': 65548320768},0,32514048,16257024,65548320768,740881,282240,141120,50,COMP,13220250,13.22025,16525312,740881,0,16.525312,0.6,0,0,0,0,0,TRUE,LoFi,16525312
Wormhole,n150,1000,MATRIX,INT8,TTNN,Matmul2Tensors_1,sweep_32_to_4096_bf16,1,125,ttsim.ttnn.Op_126,TRUE,TRUE,MatMul,1,"{'compute_kernel_config': WormholeComputeKernelConfig(math_fidelity=<MathFidelity.HiFi2: 2>, math_approx_mode=False, dst_full_sync_en=False, fp32_dest_acc_en=False, packer_l1_acc=True), 'memory_config': <MemoryConfig.L1: 2>}","['ttsim.ttnn.Tensor_251', 'ttsim.ttnn.Tensor_252']",['ttsim.ttnn.Op_126.out'],ttsim.ttnn.Tensor_251[4032x4032]:float16;ttsim.ttnn.Tensor_252[4032x4032]:float16,ttsim.ttnn.Op_126.out[4032x4032]:float16,,,,FALSE,FALSE,,32514048,16257024,65028096,32514048,{'mac': 65548320768},0,32514048,16257024,65548320768,740881,282240,141120,50,COMP,13220250,13.22025,16525312,740881,0,16.525312,0.6,0,0,0,0,0,TRUE,HiFi2,16525312
Wormhole,n150,1000,MATRIX,INT8,TTNN,Matmul2Tensors_1,sweep_32_to_4096_bf16,1,125,ttsim.ttnn.Op_126,TRUE,TRUE,MatMul,1,"{'compute_kernel_config': WormholeComputeKernelConfig(math_fidelity=<MathFidelity.HiFi4: 4>, math_approx_mode=False, dst_full_sync_en=False, fp32_dest_acc_en=False, packer_l1_acc=True), 'memory_config': <MemoryConfig.L1: 2>}","['ttsim.ttnn.Tensor_251', 'ttsim.ttnn.Tensor_252']",['ttsim.ttnn.Op_126.out'],ttsim.ttnn.Tensor_251[4032x4032]:float16;ttsim.ttnn.Tensor_252[4032x4032]:float16,ttsim.ttnn.Op_126.out[4032x4032]:float16,,,,FALSE,FALSE,,32514048,16257024,65028096,32514048,{'mac': 65548320768},0,32514048,16257024,65548320768,740881,282240,141120,50,COMP,13220250,13.22025,16525312,740881,0,16.525312,0.6,0,0,0,0,0,TRUE,HiFi4,16525312
Wormhole,n150,1000,MATRIX,INT8,TTNN,Matmul2Tensors_1,sweep_32_to_4096_bf16,1,126,ttsim.ttnn.Op_127,TRUE,TRUE,MatMul,1,"{'compute_kernel_config': WormholeComputeKernelConfig(math_fidelity=<MathFidelity.LoFi: 1>, math_approx_mode=False, dst_full_sync_en=False, fp32_dest_acc_en=False, packer_l1_acc=True), 'memory_config': <MemoryConfig.L1: 2>}","['ttsim.ttnn.Tensor_253', 'ttsim.ttnn.Tensor_254']",['ttsim.ttnn.Op_127.out'],ttsim.ttnn.Tensor_253[4064x4064]:float16;ttsim.ttnn.Tensor_254[4064x4064]:float16,ttsim.ttnn.Op_127.out[4064x4064]:float16,,,,FALSE,FALSE,,33032192,16516096,66064384,33032192,{'mac': 67121414144},0,33032192,16516096,67121414144,758661,286738,143369,50,COMP,13325108,13.325108,16656384,758661,0,16.656384,0.6,0,0,0,0,0,TRUE,LoFi,16656384
Wormhole,n150,1000,MATRIX,INT8,TTNN,Matmul2Tensors_1,sweep_32_to_4096_bf16,1,126,ttsim.ttnn.Op_127,TRUE,TRUE,MatMul,1,"{'compute_kernel_config': WormholeComputeKernelConfig(math_fidelity=<MathFidelity.HiFi2: 2>, math_approx_mode=False, dst_full_sync_en=False, fp32_dest_acc_en=False, packer_l1_acc=True), 'memory_config': <MemoryConfig.L1: 2>}","['ttsim.ttnn.Tensor_253', 'ttsim.ttnn.Tensor_254']",['ttsim.ttnn.Op_127.out'],ttsim.ttnn.Tensor_253[4064x4064]:float16;ttsim.ttnn.Tensor_254[4064x4064]:float16,ttsim.ttnn.Op_127.out[4064x4064]:float16,,,,FALSE,FALSE,,33032192,16516096,66064384,33032192,{'mac': 67121414144},0,33032192,16516096,67121414144,758661,286738,143369,50,COMP,13325108,13.325108,16656384,758661,0,16.656384,0.6,0,0,0,0,0,TRUE,HiFi2,16656384
Wormhole,n150,1000,MATRIX,INT8,TTNN,Matmul2Tensors_1,sweep_32_to_4096_bf16,1,126,ttsim.ttnn.Op_127,TRUE,TRUE,MatMul,1,"{'compute_kernel_config': WormholeComputeKernelConfig(math_fidelity=<MathFidelity.HiFi4: 4>, math_approx_mode=False, dst_full_sync_en=False, fp32_dest_acc_en=False, packer_l1_acc=True), 'memory_config': <MemoryConfig.L1: 2>}","['ttsim.ttnn.Tensor_253', 'ttsim.ttnn.Tensor_254']",['ttsim.ttnn.Op_127.out'],ttsim.ttnn.Tensor_253[4064x4064]:float16;ttsim.ttnn.Tensor_254[4064x4064]:float16,ttsim.ttnn.Op_127.out[4064x4064]:float16,,,,FALSE,FALSE,,33032192,16516096,66064384,33032192,{'mac': 67121414144},0,33032192,16516096,67121414144,758661,286738,143369,50,COMP,13325108,13.325108,16656384,758661,0,16.656384,0.6,0,0,0,0,0,TRUE,HiFi4,16656384
Wormhole,n150,1000,MATRIX,INT8,TTNN,Matmul2Tensors_1,sweep_32_to_4096_bf16,1,127,ttsim.ttnn.Op_128,TRUE,TRUE,MatMul,1,"{'compute_kernel_config': WormholeComputeKernelConfig(math_fidelity=<MathFidelity.LoFi: 1>, math_approx_mode=False, dst_full_sync_en=False, fp32_dest_acc_en=False, packer_l1_acc=True), 'memory_config': <MemoryConfig.L1: 2>}","['ttsim.ttnn.Tensor_255', 'ttsim.ttnn.Tensor_256']",['ttsim.ttnn.Op_128.out'],ttsim.ttnn.Tensor_255[4096x4096]:float16;ttsim.ttnn.Tensor_256[4096x4096]:float16,ttsim.ttnn.Op_128.out[4096x4096]:float16,,,,FALSE,FALSE,,33554432,16777216,67108864,33554432,{'mac': 68719476736},0,33554432,16777216,68719476736,776723,291272,145636,50,COMP,13429965,13.429965,16787456,776723,0,16.787456,0.6,0,0,0,0,0,TRUE,LoFi,16787456
Wormhole,n150,1000,MATRIX,INT8,TTNN,Matmul2Tensors_1,sweep_32_to_4096_bf16,1,127,ttsim.ttnn.Op_128,TRUE,TRUE,MatMul,1,"{'compute_kernel_config': WormholeComputeKernelConfig(math_fidelity=<MathFidelity.HiFi2: 2>, math_approx_mode=False, dst_full_sync_en=False, fp32_dest_acc_en=False, packer_l1_acc=True), 'memory_config': <MemoryConfig.L1: 2>}","['ttsim.ttnn.Tensor_255', 'ttsim.ttnn.Tensor_256']",['ttsim.ttnn.Op_128.out'],ttsim.ttnn.Tensor_255[4096x4096]:float16;ttsim.ttnn.Tensor_256[4096x4096]:float16,ttsim.ttnn.Op_128.out[4096x4096]:float16,,,,FALSE,FALSE,,33554432,16777216,67108864,33554432,{'mac': 68719476736},0,33554432,16777216,68719476736,776723,291272,145636,50,COMP,13429965,13.429965,16787456,776723,0,16.787456,0.6,0,0,0,0,0,TRUE,HiFi2,16787456
Wormhole,n150,1000,MATRIX,INT8,TTNN,Matmul2Tensors_1,sweep_32_to_4096_bf16,1,127,ttsim.ttnn.Op_128,TRUE,TRUE,MatMul,1,"{'compute_kernel_config': WormholeComputeKernelConfig(math_fidelity=<MathFidelity.HiFi4: 4>, math_approx_mode=False, dst_full_sync_en=False, fp32_dest_acc_en=False, packer_l1_acc=True), 'memory_config': <MemoryConfig.L1: 2>}","['ttsim.ttnn.Tensor_255', 'ttsim.ttnn.Tensor_256']",['ttsim.ttnn.Op_128.out'],ttsim.ttnn.Tensor_255[4096x4096]:float16;ttsim.ttnn.Tensor_256[4096x4096]:float16,ttsim.ttnn.Op_128.out[4096x4096]:float16,,,,FALSE,FALSE,,33554432,16777216,67108864,33554432,{'mac': 68719476736},0,33554432,16777216,68719476736,776723,291272,145636,50,COMP,13429965,13.429965,16787456,776723,0,16.787456,0.6,0,0,0,0,0,TRUE,HiFi4,16787456