archname,devname,freq_MHz,pipe,precision,wlgroup,wlname,wlinstance,batch,opnum,opname,is_input_node,is_output_node,optype,op_rpt_count,attrs,inList,outList,input_tensors,output_tensors,weight_tensors,domain,opclass,removed,fused,fused_with_op,inElems,outElems,inBytes,outBytes,instrs,inParamCount,inActCount,outActCount,instr_count,compute_cycles,mem_rd_cycles,mem_wr_cycles,ramp_penalty,rsrc_bnck,ideal_cycles,ideal_msecs,cycles,matrix_cycles,vector_cycles,msecs,matrix_pipe_util,vector_pipe_util,mem_rd_util,mem_wr_util,memory_traffic,mem_util,uses_perf_lookup,fidelity
Wormhole,n150,1000.0,MATRIX,INT8,TTNN,Matmul2Tensors_1,sweep_32_to_4096_bf16,1,0,ttsim.ttnn.Op_1,True,True,MatMul,1,"{'compute_kernel_config': WormholeComputeKernelConfig(math_fidelity=<MathFidelity.LoFi: 1>, math_approx_mode=False, dst_full_sync_en=False, fp32_dest_acc_en=False, packer_l1_acc=True), 'memory_config': <MemoryConfig.L1: 2>}","['ttsim.ttnn.Tensor_1', 'ttsim.ttnn.Tensor_2']",['ttsim.ttnn.Op_1.out'],ttsim.ttnn.Tensor_1[32x32]:float16;ttsim.ttnn.Tensor_2[32x32]:float16,ttsim.ttnn.Op_1.out[32x32]:float16,,,,False,False,,2048,1024,4096,2048,{'mac': 32768},0,2048,1024,32768,1,18,9,50.0,MEM,77.0,7.7e-05,97.0,1,0,9.7e-05,0.0077922077922077,0.0,0.187012987012987,0.0935064935064935,0.0,0.0,False,LoFi
Wormhole,n150,1000.0,MATRIX,INT8,TTNN,Matmul2Tensors_1,sweep_32_to_4096_bf16,1,0,ttsim.ttnn.Op_1,True,True,MatMul,1,"{'compute_kernel_config': WormholeComputeKernelConfig(math_fidelity=<MathFidelity.HiFi2: 2>, math_approx_mode=False, dst_full_sync_en=False, fp32_dest_acc_en=False, packer_l1_acc=True), 'memory_config': <MemoryConfig.L1: 2>}","['ttsim.ttnn.Tensor_1', 'ttsim.ttnn.Tensor_2']",['ttsim.ttnn.Op_1.out'],ttsim.ttnn.Tensor_1[32x32]:float16;ttsim.ttnn.Tensor_2[32x32]:float16,ttsim.ttnn.Op_1.out[32x32]:float16,,,,False,False,,2048,1024,4096,2048,{'mac': 32768},0,2048,1024,32768,1,18,9,50.0,MEM,77.0,7.7e-05,97.0,1,0,9.7e-05,0.0077922077922077,0.0,0.187012987012987,0.0935064935064935,0.0,0.0,False,HiFi2
Wormhole,n150,1000.0,MATRIX,INT8,TTNN,Matmul2Tensors_1,sweep_32_to_4096_bf16,1,0,ttsim.ttnn.Op_1,True,True,MatMul,1,"{'compute_kernel_config': WormholeComputeKernelConfig(math_fidelity=<MathFidelity.HiFi4: 4>, math_approx_mode=False, dst_full_sync_en=False, fp32_dest_acc_en=False, packer_l1_acc=True), 'memory_config': <MemoryConfig.L1: 2>}","['ttsim.ttnn.Tensor_1', 'ttsim.ttnn.Tensor_2']",['ttsim.ttnn.Op_1.out'],ttsim.ttnn.Tensor_1[32x32]:float16;ttsim.ttnn.Tensor_2[32x32]:float16,ttsim.ttnn.Op_1.out[32x32]:float16,,,,False,False,,2048,1024,4096,2048,{'mac': 32768},0,2048,1024,32768,1,18,9,50.0,MEM,77.0,7.7e-05,97.0,1,0,9.7e-05,0.0077922077922077,0.0,0.187012987012987,0.0935064935064935,0.0,0.0,False,HiFi4
Wormhole,n150,1000.0,MATRIX,INT8,TTNN,Matmul2Tensors_1,sweep_32_to_4096_bf16,1,1,ttsim.ttnn.Op_2,True,True,MatMul,1,"{'compute_kernel_config': WormholeComputeKernelConfig(math_fidelity=<MathFidelity.LoFi: 1>, math_approx_mode=False, dst_full_sync_en=False, fp32_dest_acc_en=False, packer_l1_acc=True), 'memory_config': <MemoryConfig.L1: 2>}","['ttsim.ttnn.Tensor_3', 'ttsim.ttnn.Tensor_4']",['ttsim.ttnn.Op_2.out'],ttsim.ttnn.Tensor_3[64x64]:float16;ttsim.ttnn.Tensor_4[64x64]:float16,ttsim.ttnn.Op_2.out[64x64]:float16,,,,False,False,,8192,4096,16384,8192,{'mac': 262144},0,8192,4096,262144,3,72,36,50.0,MEM,158.0,0.000158,198.0,3,0,0.000198,0.0113924050632911,0.0,0.3645569620253164,0.1822784810126582,0.0,0.0,False,LoFi
Wormhole,n150,1000.0,MATRIX,INT8,TTNN,Matmul2Tensors_1,sweep_32_to_4096_bf16,1,1,ttsim.ttnn.Op_2,True,True,MatMul,1,"{'compute_kernel_config': WormholeComputeKernelConfig(math_fidelity=<MathFidelity.HiFi2: 2>, math_approx_mode=False, dst_full_sync_en=False, fp32_dest_acc_en=False, packer_l1_acc=True), 'memory_config': <MemoryConfig.L1: 2>}","['ttsim.ttnn.Tensor_3', 'ttsim.ttnn.Tensor_4']",['ttsim.ttnn.Op_2.out'],ttsim.ttnn.Tensor_3[64x64]:float16;ttsim.ttnn.Tensor_4[64x64]:float16,ttsim.ttnn.Op_2.out[64x64]:float16,,,,False,False,,8192,4096,16384,8192,{'mac': 262144},0,8192,4096,262144,3,72,36,50.0,MEM,158.0,0.000158,198.0,3,0,0.000198,0.0113924050632911,0.0,0.3645569620253164,0.1822784810126582,0.0,0.0,False,HiFi2
Wormhole,n150,1000.0,MATRIX,INT8,TTNN,Matmul2Tensors_1,sweep_32_to_4096_bf16,1,1,ttsim.ttnn.Op_2,True,True,MatMul,1,"{'compute_kernel_config': WormholeComputeKernelConfig(math_fidelity=<MathFidelity.HiFi4: 4>, math_approx_mode=False, dst_full_sync_en=False, fp32_dest_acc_en=False, packer_l1_acc=True), 'memory_config': <MemoryConfig.L1: 2>}","['ttsim.ttnn.Tensor_3', 'ttsim.ttnn.Tensor_4']",['ttsim.ttnn.Op_2.out'],ttsim.ttnn.Tensor_3[64x64]:float16;ttsim.ttnn.Tensor_4[64x64]:float16,ttsim.ttnn.Op_2.out[64x64]:float16,,,,False,False,,8192,4096,16384,8192,{'mac': 262144},0,8192,4096,262144,3,72,36,50.0,MEM,158.0,0.000158,198.0,3,0,0.000198,0.0113924050632911,0.0,0.3645569620253164,0.1822784810126582,0.0,0.0,False,HiFi4
Wormhole,n150,1000.0,MATRIX,INT8,TTNN,Matmul2Tensors_1,sweep_32_to_4096_bf16,1,2,ttsim.ttnn.Op_3,True,True,MatMul,1,"{'compute_kernel_config': WormholeComputeKernelConfig(math_fidelity=<MathFidelity.LoFi: 1>, math_approx_mode=False, dst_full_sync_en=False, fp32_dest_acc_en=False, packer_l1_acc=True), 'memory_config': <MemoryConfig.L1: 2>}","['ttsim.ttnn.Tensor_5', 'ttsim.ttnn.Tensor_6']",['ttsim.ttnn.Op_3.out'],ttsim.ttnn.Tensor_5[96x96]:float16;ttsim.ttnn.Tensor_6[96x96]:float16,ttsim.ttnn.Op_3.out[96x96]:float16,,,,False,False,,18432,9216,36864,18432,{'mac': 884736},0,18432,9216,884736,11,160,80,50.0,MEM,290.0,0.00029,363.0,11,0,0.000363,0.0227586206896551,0.0,0.4413793103448276,0.2206896551724138,0.0,0.0,False,LoFi
Wormhole,n150,1000.0,MATRIX,INT8,TTNN,Matmul2Tensors_1,sweep_32_to_4096_bf16,1,2,ttsim.ttnn.Op_3,True,True,MatMul,1,"{'compute_kernel_config': WormholeComputeKernelConfig(math_fidelity=<MathFidelity.HiFi2: 2>, math_approx_mode=False, dst_full_sync_en=False, fp32_dest_acc_en=False, packer_l1_acc=True), 'memory_config': <MemoryConfig.L1: 2>}","['ttsim.ttnn.Tensor_5', 'ttsim.ttnn.Tensor_6']",['ttsim.ttnn.Op_3.out'],ttsim.ttnn.Tensor_5[96x96]:float16;ttsim.ttnn.Tensor_6[96x96]:float16,ttsim.ttnn.Op_3.out[96x96]:float16,,,,False,False,,18432,9216,36864,18432,{'mac': 884736},0,18432,9216,884736,11,160,80,50.0,MEM,290.0,0.00029,363.0,11,0,0.000363,0.0227586206896551,0.0,0.4413793103448276,0.2206896551724138,0.0,0.0,False,HiFi2
Wormhole,n150,1000.0,MATRIX,INT8,TTNN,Matmul2Tensors_1,sweep_32_to_4096_bf16,1,2,ttsim.ttnn.Op_3,True,True,MatMul,1,"{'compute_kernel_config': WormholeComputeKernelConfig(math_fidelity=<MathFidelity.HiFi4: 4>, math_approx_mode=False, dst_full_sync_en=False, fp32_dest_acc_en=False, packer_l1_acc=True), 'memory_config': <MemoryConfig.L1: 2>}","['ttsim.ttnn.Tensor_5', 'ttsim.ttnn.Tensor_6']",['ttsim.ttnn.Op_3.out'],ttsim.ttnn.Tensor_5[96x96]:float16;ttsim.ttnn.Tensor_6[96x96]:float16,ttsim.ttnn.Op_3.out[96x96]:float16,,,,False,False,,18432,9216,36864,18432,{'mac': 884736},0,18432,9216,884736,11,160,80,50.0,MEM,290.0,0.00029,363.0,11,0,0.000363,0.0227586206896551,0.0,0.4413793103448276,0.2206896551724138,0.0,0.0,False,HiFi4
Wormhole,n150,1000.0,MATRIX,INT8,TTNN,Matmul2Tensors_1,sweep_32_to_4096_bf16,1,3,ttsim.ttnn.Op_4,True,True,MatMul,1,"{'compute_kernel_config': WormholeComputeKernelConfig(math_fidelity=<MathFidelity.LoFi: 1>, math_approx_mode=False, dst_full_sync_en=False, fp32_dest_acc_en=False, packer_l1_acc=True), 'memory_config': <MemoryConfig.L1: 2>}","['ttsim.ttnn.Tensor_7', 'ttsim.ttnn.Tensor_8']",['ttsim.ttnn.Op_4.out'],ttsim.ttnn.Tensor_7[128x128]:float16;ttsim.ttnn.Tensor_8[128x128]:float16,ttsim.ttnn.Op_4.out[128x128]:float16,,,,False,False,,32768,16384,65536,32768,{'mac': 2097152},0,32768,16384,2097152,24,285,143,50.0,MEM,478.0,0.0004779999999999,598.0,24,0,0.000598,0.0301255230125523,0.0,0.4769874476987448,0.2393305439330544,0.0,0.0,False,LoFi
Wormhole,n150,1000.0,MATRIX,INT8,TTNN,Matmul2Tensors_1,sweep_32_to_4096_bf16,1,3,ttsim.ttnn.Op_4,True,True,MatMul,1,"{'compute_kernel_config': WormholeComputeKernelConfig(math_fidelity=<MathFidelity.HiFi2: 2>, math_approx_mode=False, dst_full_sync_en=False, fp32_dest_acc_en=False, packer_l1_acc=True), 'memory_config': <MemoryConfig.L1: 2>}","['ttsim.ttnn.Tensor_7', 'ttsim.ttnn.Tensor_8']",['ttsim.ttnn.Op_4.out'],ttsim.ttnn.Tensor_7[128x128]:float16;ttsim.ttnn.Tensor_8[128x128]:float16,ttsim.ttnn.Op_4.out[128x128]:float16,,,,False,False,,32768,16384,65536,32768,{'mac': 2097152},0,32768,16384,2097152,24,285,143,50.0,MEM,478.0,0.0004779999999999,598.0,24,0,0.000598,0.0301255230125523,0.0,0.4769874476987448,0.2393305439330544,0.0,0.0,False,HiFi2
Wormhole,n150,1000.0,MATRIX,INT8,TTNN,Matmul2Tensors_1,sweep_32_to_4096_bf16,1,3,ttsim.ttnn.Op_4,True,True,MatMul,1,"{'compute_kernel_config': WormholeComputeKernelConfig(math_fidelity=<MathFidelity.HiFi4: 4>, math_approx_mode=False, dst_full_sync_en=False, fp32_dest_acc_en=False, packer_l1_acc=True), 'memory_config': <MemoryConfig.L1: 2>}","['ttsim.ttnn.Tensor_7', 'ttsim.ttnn.Tensor_8']",['ttsim.ttnn.Op_4.out'],ttsim.ttnn.Tensor_7[128x128]:float16;ttsim.ttnn.Tensor_8[128x128]:float16,ttsim.ttnn.Op_4.out[128x128]:float16,,,,False,False,,32768,16384,65536,32768,{'mac': 2097152},0,32768,16384,2097152,24,285,143,50.0,MEM,478.0,0.0004779999999999,598.0,24,0,0.000598,0.0301255230125523,0.0,0.4769874476987448,0.2393305439330544,0.0,0.0,False,HiFi4
Wormhole,n150,1000.0,MATRIX,INT8,TTNN,Matmul2Tensors_1,sweep_32_to_4096_bf16,1,4,ttsim.ttnn.Op_5,True,True,MatMul,1,"{'compute_kernel_config': WormholeComputeKernelConfig(math_fidelity=<MathFidelity.LoFi: 1>, math_approx_mode=False, dst_full_sync_en=False, fp32_dest_acc_en=False, packer_l1_acc=True), 'memory_config': <MemoryConfig.L1: 2>}","['ttsim.ttnn.Tensor_9', 'ttsim.ttnn.Tensor_10']",['ttsim.ttnn.Op_5.out'],ttsim.ttnn.Tensor_9[160x160]:float16;ttsim.ttnn.Tensor_10[160x160]:float16,ttsim.ttnn.Op_5.out[160x160]:float16,,,,False,False,,51200,25600,102400,51200,{'mac': 4096000},0,51200,25600,4096000,47,445,223,50.0,MEM,718.0,0.000718,898.0,47,0,0.000898,0.039275766016713,0.0,0.4958217270194986,0.2484679665738161,0.0,0.0,False,LoFi
Wormhole,n150,1000.0,MATRIX,INT8,TTNN,Matmul2Tensors_1,sweep_32_to_4096_bf16,1,4,ttsim.ttnn.Op_5,True,True,MatMul,1,"{'compute_kernel_config': WormholeComputeKernelConfig(math_fidelity=<MathFidelity.HiFi2: 2>, math_approx_mode=False, dst_full_sync_en=False, fp32_dest_acc_en=False, packer_l1_acc=True), 'memory_config': <MemoryConfig.L1: 2>}","['ttsim.ttnn.Tensor_9', 'ttsim.ttnn.Tensor_10']",['ttsim.ttnn.Op_5.out'],ttsim.ttnn.Tensor_9[160x160]:float16;ttsim.ttnn.Tensor_10[160x160]:float16,ttsim.ttnn.Op_5.out[160x160]:float16,,,,False,False,,51200,25600,102400,51200,{'mac': 4096000},0,51200,25600,4096000,47,445,223,50.0,MEM,718.0,0.000718,898.0,47,0,0.000898,0.039275766016713,0.0,0.4958217270194986,0.2484679665738161,0.0,0.0,False,HiFi2
Wormhole,n150,1000.0,MATRIX,INT8,TTNN,Matmul2Tensors_1,sweep_32_to_4096_bf16,1,4,ttsim.ttnn.Op_5,True,True,MatMul,1,"{'compute_kernel_config': WormholeComputeKernelConfig(math_fidelity=<MathFidelity.HiFi4: 4>, math_approx_mode=False, dst_full_sync_en=False, fp32_dest_acc_en=False, packer_l1_acc=True), 'memory_config': <MemoryConfig.L1: 2>}","['ttsim.ttnn.Tensor_9', 'ttsim.ttnn.Tensor_10']",['ttsim.ttnn.Op_5.out'],ttsim.ttnn.Tensor_9[160x160]:float16;ttsim.ttnn.Tensor_10[160x160]:float16,ttsim.ttnn.Op_5.out[160x160]:float16,,,,False,False,,51200,25600,102400,51200,{'mac': 4096000},0,51200,25600,4096000,47,445,223,50.0,MEM,718.0,0.000718,898.0,47,0,0.000898,0.039275766016713,0.0,0.4958217270194986,0.2484679665738161,0.0,0.0,False,HiFi4
Wormhole,n150,1000.0,MATRIX,INT8,TTNN,Matmul2Tensors_1,sweep_32_to_4096_bf16,1,5,ttsim.ttnn.Op_6,True,True,MatMul,1,"{'compute_kernel_config': WormholeComputeKernelConfig(math_fidelity=<MathFidelity.LoFi: 1>, math_approx_mode=False, dst_full_sync_en=False, fp32_dest_acc_en=False, packer_l1_acc=True), 'memory_config': <MemoryConfig.L1: 2>}","['ttsim.ttnn.Tensor_11', 'ttsim.ttnn.Tensor_12']",['ttsim.ttnn.Op_6.out'],ttsim.ttnn.Tensor_11[192x192]:float16;ttsim.ttnn.Tensor_12[192x192]:float16,ttsim.ttnn.Op_6.out[192x192]:float16,,,,False,False,,73728,36864,147456,73728,{'mac': 7077888},0,73728,36864,7077888,81,640,320,50.0,MEM,1010.0,0.00101,1263.0,81,0,0.0012629999999999,0.0481188118811881,0.0,0.5069306930693069,0.2534653465346534,0.0,0.0,False,LoFi
Wormhole,n150,1000.0,MATRIX,INT8,TTNN,Matmul2Tensors_1,sweep_32_to_4096_bf16,1,5,ttsim.ttnn.Op_6,True,True,MatMul,1,"{'compute_kernel_config': WormholeComputeKernelConfig(math_fidelity=<MathFidelity.HiFi2: 2>, math_approx_mode=False, dst_full_sync_en=False, fp32_dest_acc_en=False, packer_l1_acc=True), 'memory_config': <MemoryConfig.L1: 2>}","['ttsim.ttnn.Tensor_11', 'ttsim.ttnn.Tensor_12']",['ttsim.ttnn.Op_6.out'],ttsim.ttnn.Tensor_11[192x192]:float16;ttsim.ttnn.Tensor_12[192x192]:float16,ttsim.ttnn.Op_6.out[192x192]:float16,,,,False,False,,73728,36864,147456,73728,{'mac': 7077888},0,73728,36864,7077888,81,640,320,50.0,MEM,1010.0,0.00101,1263.0,81,0,0.0012629999999999,0.0481188118811881,0.0,0.5069306930693069,0.2534653465346534,0.0,0.0,False,HiFi2
Wormhole,n150,1000.0,MATRIX,INT8,TTNN,Matmul2Tensors_1,sweep_32_to_4096_bf16,1,5,ttsim.ttnn.Op_6,True,True,MatMul,1,"{'compute_kernel_config': WormholeComputeKernelConfig(math_fidelity=<MathFidelity.HiFi4: 4>, math_approx_mode=False, dst_full_sync_en=False, fp32_dest_acc_en=False, packer_l1_acc=True), 'memory_config': <MemoryConfig.L1: 2>}","['ttsim.ttnn.Tensor_11', 'ttsim.ttnn.Tensor_12']",['ttsim.ttnn.Op_6.out'],ttsim.ttnn.Tensor_11[192x192]:float16;ttsim.ttnn.Tensor_12[192x192]:float16,ttsim.ttnn.Op_6.out[192x192]:float16,,,,False,False,,73728,36864,147456,73728,{'mac': 7077888},0,73728,36864,7077888,81,640,320,50.0,MEM,1010.0,0.00101,1263.0,81,0,0.0012629999999999,0.0481188118811881,0.0,0.5069306930693069,0.2534653465346534,0.0,0.0,False,HiFi4
Wormhole,n150,1000.0,MATRIX,INT8,TTNN,Matmul2Tensors_1,sweep_32_to_4096_bf16,1,6,ttsim.ttnn.Op_7,True,True,MatMul,1,"{'compute_kernel_config': WormholeComputeKernelConfig(math_fidelity=<MathFidelity.LoFi: 1>, math_approx_mode=False, dst_full_sync_en=False, fp32_dest_acc_en=False, packer_l1_acc=True), 'memory_config': <MemoryConfig.L1: 2>}","['ttsim.ttnn.Tensor_13', 'ttsim.ttnn.Tensor_14']",['ttsim.ttnn.Op_7.out'],ttsim.ttnn.Tensor_13[224x224]:float16;ttsim.ttnn.Tensor_14[224x224]:float16,ttsim.ttnn.Op_7.out[224x224]:float16,,,,False,False,,100352,50176,200704,100352,{'mac': 11239424},0,100352,50176,11239424,128,872,436,50.0,MEM,1358.0,0.001358,1698.0,128,0,0.0016979999999999,0.0565537555228276,0.0,0.5136966126656849,0.2568483063328424,0.0,0.0,False,LoFi
Wormhole,n150,1000.0,MATRIX,INT8,TTNN,Matmul2Tensors_1,sweep_32_to_4096_bf16,1,6,ttsim.ttnn.Op_7,True,True,MatMul,1,"{'compute_kernel_config': WormholeComputeKernelConfig(math_fidelity=<MathFidelity.HiFi2: 2>, math_approx_mode=False, dst_full_sync_en=False, fp32_dest_acc_en=False, packer_l1_acc=True), 'memory_config': <MemoryConfig.L1: 2>}","['ttsim.ttnn.Tensor_13', 'ttsim.ttnn.Tensor_14']",['ttsim.ttnn.Op_7.out'],ttsim.ttnn.Tensor_13[224x224]:float16;ttsim.ttnn.Tensor_14[224x224]:float16,ttsim.ttnn.Op_7.out[224x224]:float16,,,,False,False,,100352,50176,200704,100352,{'mac': 11239424},0,100352,50176,11239424,128,872,436,50.0,MEM,1358.0,0.001358,1698.0,128,0,0.0016979999999999,0.0565537555228276,0.0,0.5136966126656849,0.2568483063328424,0.0,0.0,False,HiFi2
Wormhole,n150,1000.0,MATRIX,INT8,TTNN,Matmul2Tensors_1,sweep_32_to_4096_bf16,1,6,ttsim.ttnn.Op_7,True,True,MatMul,1,"{'compute_kernel_config': WormholeComputeKernelConfig(math_fidelity=<MathFidelity.HiFi4: 4>, math_approx_mode=False, dst_full_sync_en=False, fp32_dest_acc_en=False, packer_l1_acc=True), 'memory_config': <MemoryConfig.L1: 2>}","['ttsim.ttnn.Tensor_13', 'ttsim.ttnn.Tensor_14']",['ttsim.ttnn.Op_7.out'],ttsim.ttnn.Tensor_13[224x224]:float16;ttsim.ttnn.Tensor_14[224x224]:float16,ttsim.ttnn.Op_7.out[224x224]:float16,,,,False,False,,100352,50176,200704,100352,{'mac': 11239424},0,100352,50176,11239424,128,872,436,50.0,MEM,1358.0,0.001358,1698.0,128,0,0.0016979999999999,0.0565537555228276,0.0,0.5136966126656849,0.2568483063328424,0.0,0.0,False,HiFi4
Wormhole,n150,1000.0,MATRIX,INT8,TTNN,Matmul2Tensors_1,sweep_32_to_4096_bf16,1,7,ttsim.ttnn.Op_8,True,True,MatMul,1,"{'compute_kernel_config': WormholeComputeKernelConfig(math_fidelity=<MathFidelity.LoFi: 1>, math_approx_mode=False, dst_full_sync_en=False, fp32_dest_acc_en=False, packer_l1_acc=True), 'memory_config': <MemoryConfig.L1: 2>}","['ttsim.ttnn.Tensor_15', 'ttsim.ttnn.Tensor_16']",['ttsim.ttnn.Op_8.out'],ttsim.ttnn.Tensor_15[256x256]:float16;ttsim.ttnn.Tensor_16[256x256]:float16,ttsim.ttnn.Op_8.out[256x256]:float16,,,,False,False,,131072,65536,262144,131072,{'mac': 16777216},0,131072,65536,16777216,190,1138,569,50.0,MEM,1757.0,0.0017569999999999,2197.0,190,0,0.002197,0.0648833238474672,0.0,0.5181559476380193,0.2590779738190096,0.0,0.0,False,LoFi
Wormhole,n150,1000.0,MATRIX,INT8,TTNN,Matmul2Tensors_1,sweep_32_to_4096_bf16,1,7,ttsim.ttnn.Op_8,True,True,MatMul,1,"{'compute_kernel_config': WormholeComputeKernelConfig(math_fidelity=<MathFidelity.HiFi2: 2>, math_approx_mode=False, dst_full_sync_en=False, fp32_dest_acc_en=False, packer_l1_acc=True), 'memory_config': <MemoryConfig.L1: 2>}","['ttsim.ttnn.Tensor_15', 'ttsim.ttnn.Tensor_16']",['ttsim.ttnn.Op_8.out'],ttsim.ttnn.Tensor_15[256x256]:float16;ttsim.ttnn.Tensor_16[256x256]:float16,ttsim.ttnn.Op_8.out[256x256]:float16,,,,False,False,,131072,65536,262144,131072,{'mac': 16777216},0,131072,65536,16777216,190,1138,569,50.0,MEM,1757.0,0.0017569999999999,2197.0,190,0,0.002197,0.0648833238474672,0.0,0.5181559476380193,0.2590779738190096,0.0,0.0,False,HiFi2
Wormhole,n150,1000.0,MATRIX,INT8,TTNN,Matmul2Tensors_1,sweep_32_to_4096_bf16,1,7,ttsim.ttnn.Op_8,True,True,MatMul,1,"{'compute_kernel_config': WormholeComputeKernelConfig(math_fidelity=<MathFidelity.HiFi4: 4>, math_approx_mode=False, dst_full_sync_en=False, fp32_dest_acc_en=False, packer_l1_acc=True), 'memory_config': <MemoryConfig.L1: 2>}","['ttsim.ttnn.Tensor_15', 'ttsim.ttnn.Tensor_16']",['ttsim.ttnn.Op_8.out'],ttsim.ttnn.Tensor_15[256x256]:float16;ttsim.ttnn.Tensor_16[256x256]:float16,ttsim.ttnn.Op_8.out[256x256]:float16,,,,False,False,,131072,65536,262144,131072,{'mac': 16777216},0,131072,65536,16777216,190,1138,569,50.0,MEM,1757.0,0.0017569999999999,2197.0,190,0,0.002197,0.0648833238474672,0.0,0.5181559476380193,0.2590779738190096,0.0,0.0,False,HiFi4
Wormhole,n150,1000.0,MATRIX,INT8,TTNN,Matmul2Tensors_1,sweep_32_to_4096_bf16,1,8,ttsim.ttnn.Op_9,True,True,MatMul,1,"{'compute_kernel_config': WormholeComputeKernelConfig(math_fidelity=<MathFidelity.LoFi: 1>, math_approx_mode=False, dst_full_sync_en=False, fp32_dest_acc_en=False, packer_l1_acc=True), 'memory_config': <MemoryConfig.L1: 2>}","['ttsim.ttnn.Tensor_17', 'ttsim.ttnn.Tensor_18']",['ttsim.ttnn.Op_9.out'],ttsim.ttnn.Tensor_17[288x288]:float16;ttsim.ttnn.Tensor_18[288x288]:float16,ttsim.ttnn.Op_9.out[288x288]:float16,,,,False,False,,165888,82944,331776,165888,{'mac': 23887872},0,165888,82944,23887872,270,1440,720,50.0,MEM,2210.0,0.00221,2763.0,270,0,0.002763,0.0733031674208144,0.0,0.5212669683257919,0.2606334841628959,0.0,0.0,False,LoFi
Wormhole,n150,1000.0,MATRIX,INT8,TTNN,Matmul2Tensors_1,sweep_32_to_4096_bf16,1,8,ttsim.ttnn.Op_9,True,True,MatMul,1,"{'compute_kernel_config': WormholeComputeKernelConfig(math_fidelity=<MathFidelity.HiFi2: 2>, math_approx_mode=False, dst_full_sync_en=False, fp32_dest_acc_en=False, packer_l1_acc=True), 'memory_config': <MemoryConfig.L1: 2>}","['ttsim.ttnn.Tensor_17', 'ttsim.ttnn.Tensor_18']",['ttsim.ttnn.Op_9.out'],ttsim.ttnn.Tensor_17[288x288]:float16;ttsim.ttnn.Tensor_18[288x288]:float16,ttsim.ttnn.Op_9.out[288x288]:float16,,,,False,False,,165888,82944,331776,165888,{'mac': 23887872},0,165888,82944,23887872,270,1440,720,50.0,MEM,2210.0,0.00221,2763.0,270,0,0.002763,0.0733031674208144,0.0,0.5212669683257919,0.2606334841628959,0.0,0.0,False,HiFi2
Wormhole,n150,1000.0,MATRIX,INT8,TTNN,Matmul2Tensors_1,sweep_32_to_4096_bf16,1,8,ttsim.ttnn.Op_9,True,True,MatMul,1,"{'compute_kernel_config': WormholeComputeKernelConfig(math_fidelity=<MathFidelity.HiFi4: 4>, math_approx_mode=False, dst_full_sync_en=False, fp32_dest_acc_en=False, packer_l1_acc=True), 'memory_config': <MemoryConfig.L1: 2>}","['ttsim.ttnn.Tensor_17', 'ttsim.ttnn.Tensor_18']",['ttsim.ttnn.Op_9.out'],ttsim.ttnn.Tensor_17[288x288]:float16;ttsim.ttnn.Tensor_18[288x288]:float16,ttsim.ttnn.Op_9.out[288x288]:float16,,,,False,False,,165888,82944,331776,165888,{'mac': 23887872},0,165888,82944,23887872,270,1440,720,50.0,MEM,2210.0,0.00221,2763.0,270,0,0.002763,0.0733031674208144,0.0,0.5212669683257919,0.2606334841628959,0.0,0.0,False,HiFi4
Wormhole,n150,1000.0,MATRIX,INT8,TTNN,Matmul2Tensors_1,sweep_32_to_4096_bf16,1,9,ttsim.ttnn.Op_10,True,True,MatMul,1,"{'compute_kernel_config': WormholeComputeKernelConfig(math_fidelity=<MathFidelity.LoFi: 1>, math_approx_mode=False, dst_full_sync_en=False, fp32_dest_acc_en=False, packer_l1_acc=True), 'memory_config': <MemoryConfig.L1: 2>}","['ttsim.ttnn.Tensor_19', 'ttsim.ttnn.Tensor_20']",['ttsim.ttnn.Op_10.out'],ttsim.ttnn.Tensor_19[320x320]:float16;ttsim.ttnn.Tensor_20[320x320]:float16,ttsim.ttnn.Op_10.out[320x320]:float16,,,,False,False,,204800,102400,409600,204800,{'mac': 32768000},0,204800,102400,32768000,371,1778,889,50.0,MEM,2717.0,0.002717,3397.0,371,0,0.003397,0.0819285977180713,0.0,0.5235185866764814,0.2617592933382407,0.0,0.0,False,LoFi
Wormhole,n150,1000.0,MATRIX,INT8,TTNN,Matmul2Tensors_1,sweep_32_to_4096_bf16,1,9,ttsim.ttnn.Op_10,True,True,MatMul,1,"{'compute_kernel_config': WormholeComputeKernelConfig(math_fidelity=<MathFidelity.HiFi2: 2>, math_approx_mode=False, dst_full_sync_en=False, fp32_dest_acc_en=False, packer_l1_acc=True), 'memory_config': <MemoryConfig.L1: 2>}","['ttsim.ttnn.Tensor_19', 'ttsim.ttnn.Tensor_20']",['ttsim.ttnn.Op_10.out'],ttsim.ttnn.Tensor_19[320x320]:float16;ttsim.ttnn.Tensor_20[320x320]:float16,ttsim.ttnn.Op_10.out[320x320]:float16,,,,False,False,,204800,102400,409600,204800,{'mac': 32768000},0,204800,102400,32768000,371,1778,889,50.0,MEM,2717.0,0.002717,3397.0,371,0,0.003397,0.0819285977180713,0.0,0.5235185866764814,0.2617592933382407,0.0,0.0,False,HiFi2
Wormhole,n150,1000.0,MATRIX,INT8,TTNN,Matmul2Tensors_1,sweep_32_to_4096_bf16,1,9,ttsim.ttnn.Op_10,True,True,MatMul,1,"{'compute_kernel_config': WormholeComputeKernelConfig(math_fidelity=<MathFidelity.HiFi4: 4>, math_approx_mode=False, dst_full_sync_en=False, fp32_dest_acc_en=False, packer_l1_acc=True), 'memory_config': <MemoryConfig.L1: 2>}","['ttsim.ttnn.Tensor_19', 'ttsim.ttnn.Tensor_20']",['ttsim.ttnn.Op_10.out'],ttsim.ttnn.Tensor_19[320x320]:float16;ttsim.ttnn.Tensor_20[320x320]:float16,ttsim.ttnn.Op_10.out[320x320]:float16,,,,False,False,,204800,102400,409600,204800,{'mac': 32768000},0,204800,102400,32768000,371,1778,889,50.0,MEM,2717.0,0.002717,3397.0,371,0,0.003397,0.0819285977180713,0.0,0.5235185866764814,0.2617592933382407,0.0,0.0,False,HiFi4
Wormhole,n150,1000.0,MATRIX,INT8,TTNN,Matmul2Tensors_1,sweep_32_to_4096_bf16,1,10,ttsim.ttnn.Op_11,True,True,MatMul,1,"{'compute_kernel_config': WormholeComputeKernelConfig(math_fidelity=<MathFidelity.LoFi: 1>, math_approx_mode=False, dst_full_sync_en=False, fp32_dest_acc_en=False, packer_l1_acc=True), 'memory_config': <MemoryConfig.L1: 2>}","['ttsim.ttnn.Tensor_21', 'ttsim.ttnn.Tensor_22']",['ttsim.ttnn.Op_11.out'],ttsim.ttnn.Tensor_21[352x352]:float16;ttsim.ttnn.Tensor_22[352x352]:float16,ttsim.ttnn.Op_11.out[352x352]:float16,,,,False,False,,247808,123904,495616,247808,{'mac': 43614208},0,247808,123904,43614208,493,2152,1076,50.0,MEM,3278.0,0.003278,4098.0,493,0,0.004098,0.0902379499694935,0.0,0.5251982916412447,0.2625991458206223,0.0,0.0,False,LoFi
Wormhole,n150,1000.0,MATRIX,INT8,TTNN,Matmul2Tensors_1,sweep_32_to_4096_bf16,1,10,ttsim.ttnn.Op_11,True,True,MatMul,1,"{'compute_kernel_config': WormholeComputeKernelConfig(math_fidelity=<MathFidelity.HiFi2: 2>, math_approx_mode=False, dst_full_sync_en=False, fp32_dest_acc_en=False, packer_l1_acc=True), 'memory_config': <MemoryConfig.L1: 2>}","['ttsim.ttnn.Tensor_21', 'ttsim.ttnn.Tensor_22']",['ttsim.ttnn.Op_11.out'],ttsim.ttnn.Tensor_21[352x352]:float16;ttsim.ttnn.Tensor_22[352x352]:float16,ttsim.ttnn.Op_11.out[352x352]:float16,,,,False,False,,247808,123904,495616,247808,{'mac': 43614208},0,247808,123904,43614208,493,2152,1076,50.0,MEM,3278.0,0.003278,4098.0,493,0,0.004098,0.0902379499694935,0.0,0.5251982916412447,0.2625991458206223,0.0,0.0,False,HiFi2
Wormhole,n150,1000.0,MATRIX,INT8,TTNN,Matmul2Tensors_1,sweep_32_to_4096_bf16,1,10,ttsim.ttnn.Op_11,True,True,MatMul,1,"{'compute_kernel_config': WormholeComputeKernelConfig(math_fidelity=<MathFidelity.HiFi4: 4>, math_approx_mode=False, dst_full_sync_en=False, fp32_dest_acc_en=False, packer_l1_acc=True), 'memory_config': <MemoryConfig.L1: 2>}","['ttsim.ttnn.Tensor_21', 'ttsim.ttnn.Tensor_22']",['ttsim.ttnn.Op_11.out'],ttsim.ttnn.Tensor_21[352x352]:float16;ttsim.ttnn.Tensor_22[352x352]:float16,ttsim.ttnn.Op_11.out[352x352]:float16,,,,False,False,,247808,123904,495616,247808,{'mac': 43614208},0,247808,123904,43614208,493,2152,1076,50.0,MEM,3278.0,0.003278,4098.0,493,0,0.004098,0.0902379499694935,0.0,0.5251982916412447,0.2625991458206223,0.0,0.0,False,HiFi4
Wormhole,n150,1000.0,MATRIX,INT8,TTNN,Matmul2Tensors_1,sweep_32_to_4096_bf16,1,11,ttsim.ttnn.Op_12,True,True,MatMul,1,"{'compute_kernel_config': WormholeComputeKernelConfig(math_fidelity=<MathFidelity.LoFi: 1>, math_approx_mode=False, dst_full_sync_en=False, fp32_dest_acc_en=False, packer_l1_acc=True), 'memory_config': <MemoryConfig.L1: 2>}","['ttsim.ttnn.Tensor_23', 'ttsim.ttnn.Tensor_24']",['ttsim.ttnn.Op_12.out'],ttsim.ttnn.Tensor_23[384x384]:float16;ttsim.ttnn.Tensor_24[384x384]:float16,ttsim.ttnn.Op_12.out[384x384]:float16,,,,False,False,,294912,147456,589824,294912,{'mac': 56623104},0,294912,147456,56623104,641,2560,1280,50.0,MEM,3890.0,0.00389,4863.0,641,0,0.004863,0.0988688946015424,0.0,0.526478149100257,0.2632390745501285,0.0,0.0,False,LoFi
Wormhole,n150,1000.0,MATRIX,INT8,TTNN,Matmul2Tensors_1,sweep_32_to_4096_bf16,1,11,ttsim.ttnn.Op_12,True,True,MatMul,1,"{'compute_kernel_config': WormholeComputeKernelConfig(math_fidelity=<MathFidelity.HiFi2: 2>, math_approx_mode=False, dst_full_sync_en=False, fp32_dest_acc_en=False, packer_l1_acc=True), 'memory_config': <MemoryConfig.L1: 2>}","['ttsim.ttnn.Tensor_23', 'ttsim.ttnn.Tensor_24']",['ttsim.ttnn.Op_12.out'],ttsim.ttnn.Tensor_23[384x384]:float16;ttsim.ttnn.Tensor_24[384x384]:float16,ttsim.ttnn.Op_12.out[384x384]:float16,,,,False,False,,294912,147456,589824,294912,{'mac': 56623104},0,294912,147456,56623104,641,2560,1280,50.0,MEM,3890.0,0.00389,4863.0,641,0,0.004863,0.0988688946015424,0.0,0.526478149100257,0.2632390745501285,0.0,0.0,False,HiFi2
Wormhole,n150,1000.0,MATRIX,INT8,TTNN,Matmul2Tensors_1,sweep_32_to_4096_bf16,1,11,ttsim.ttnn.Op_12,True,True,MatMul,1,"{'compute_kernel_config': WormholeComputeKernelConfig(math_fidelity=<MathFidelity.HiFi4: 4>, math_approx_mode=False, dst_full_sync_en=False, fp32_dest_acc_en=False, packer_l1_acc=True), 'memory_config': <MemoryConfig.L1: 2>}","['ttsim.ttnn.Tensor_23', 'ttsim.ttnn.Tensor_24']",['ttsim.ttnn.Op_12.out'],ttsim.ttnn.Tensor_23[384x384]:float16;ttsim.ttnn.Tensor_24[384x384]:float16,ttsim.ttnn.Op_12.out[384x384]:float16,,,,False,False,,294912,147456,589824,294912,{'mac': 56623104},0,294912,147456,56623104,641,2560,1280,50.0,MEM,3890.0,0.00389,4863.0,641,0,0.004863,0.0988688946015424,0.0,0.526478149100257,0.2632390745501285,0.0,0.0,False,HiFi4
Wormhole,n150,1000.0,MATRIX,INT8,TTNN,Matmul2Tensors_1,sweep_32_to_4096_bf16,1,12,ttsim.ttnn.Op_13,True,True,MatMul,1,"{'compute_kernel_config': WormholeComputeKernelConfig(math_fidelity=<MathFidelity.LoFi: 1>, math_approx_mode=False, dst_full_sync_en=False, fp32_dest_acc_en=False, packer_l1_acc=True), 'memory_config': <MemoryConfig.L1: 2>}","['ttsim.ttnn.Tensor_25', 'ttsim.ttnn.Tensor_26']",['ttsim.ttnn.Op_13.out'],ttsim.ttnn.Tensor_25[416x416]:float16;ttsim.ttnn.Tensor_26[416x416]:float16,ttsim.ttnn.Op_13.out[416x416]:float16,,,,False,False,,346112,173056,692224,346112,{'mac': 71991296},0,346112,173056,71991296,814,3005,1503,50.0,MEM,4558.0,0.0045579999999999,5698.0,814,0,0.005698,0.1071522597630539,0.0,0.5274243089074155,0.2637999122422115,0.0,0.0,False,LoFi
Wormhole,n150,1000.0,MATRIX,INT8,TTNN,Matmul2Tensors_1,sweep_32_to_4096_bf16,1,12,ttsim.ttnn.Op_13,True,True,MatMul,1,"{'compute_kernel_config': WormholeComputeKernelConfig(math_fidelity=<MathFidelity.HiFi2: 2>, math_approx_mode=False, dst_full_sync_en=False, fp32_dest_acc_en=False, packer_l1_acc=True), 'memory_config': <MemoryConfig.L1: 2>}","['ttsim.ttnn.Tensor_25', 'ttsim.ttnn.Tensor_26']",['ttsim.ttnn.Op_13.out'],ttsim.ttnn.Tensor_25[416x416]:float16;ttsim.ttnn.Tensor_26[416x416]:float16,ttsim.ttnn.Op_13.out[416x416]:float16,,,,False,False,,346112,173056,692224,346112,{'mac': 71991296},0,346112,173056,71991296,814,3005,1503,50.0,MEM,4558.0,0.0045579999999999,5698.0,814,0,0.005698,0.1071522597630539,0.0,0.5274243089074155,0.2637999122422115,0.0,0.0,False,HiFi2
Wormhole,n150,1000.0,MATRIX,INT8,TTNN,Matmul2Tensors_1,sweep_32_to_4096_bf16,1,12,ttsim.ttnn.Op_13,True,True,MatMul,1,"{'compute_kernel_config': WormholeComputeKernelConfig(math_fidelity=<MathFidelity.HiFi4: 4>, math_approx_mode=False, dst_full_sync_en=False, fp32_dest_acc_en=False, packer_l1_acc=True), 'memory_config': <MemoryConfig.L1: 2>}","['ttsim.ttnn.Tensor_25', 'ttsim.ttnn.Tensor_26']",['ttsim.ttnn.Op_13.out'],ttsim.ttnn.Tensor_25[416x416]:float16;ttsim.ttnn.Tensor_26[416x416]:float16,ttsim.ttnn.Op_13.out[416x416]:float16,,,,False,False,,346112,173056,692224,346112,{'mac': 71991296},0,346112,173056,71991296,814,3005,1503,50.0,MEM,4558.0,0.0045579999999999,5698.0,814,0,0.005698,0.1071522597630539,0.0,0.5274243089074155,0.2637999122422115,0.0,0.0,False,HiFi4
Wormhole,n150,1000.0,MATRIX,INT8,TTNN,Matmul2Tensors_1,sweep_32_to_4096_bf16,1,13,ttsim.ttnn.Op_14,True,True,MatMul,1,"{'compute_kernel_config': WormholeComputeKernelConfig(math_fidelity=<MathFidelity.LoFi: 1>, math_approx_mode=False, dst_full_sync_en=False, fp32_dest_acc_en=False, packer_l1_acc=True), 'memory_config': <MemoryConfig.L1: 2>}","['ttsim.ttnn.Tensor_27', 'ttsim.ttnn.Tensor_28']",['ttsim.ttnn.Op_14.out'],ttsim.ttnn.Tensor_27[448x448]:float16;ttsim.ttnn.Tensor_28[448x448]:float16,ttsim.ttnn.Op_14.out[448x448]:float16,,,,False,False,,401408,200704,802816,401408,{'mac': 89915392},0,401408,200704,89915392,1017,3485,1743,50.0,MEM,5278.0,0.005278,6598.0,1017,0,0.006598,0.1156119742326638,0.0,0.5282303902993558,0.2641909814323607,0.0,0.0,False,LoFi
Wormhole,n150,1000.0,MATRIX,INT8,TTNN,Matmul2Tensors_1,sweep_32_to_4096_bf16,1,13,ttsim.ttnn.Op_14,True,True,MatMul,1,"{'compute_kernel_config': WormholeComputeKernelConfig(math_fidelity=<MathFidelity.HiFi2: 2>, math_approx_mode=False, dst_full_sync_en=False, fp32_dest_acc_en=False, packer_l1_acc=True), 'memory_config': <MemoryConfig.L1: 2>}","['ttsim.ttnn.Tensor_27', 'ttsim.ttnn.Tensor_28']",['ttsim.ttnn.Op_14.out'],ttsim.ttnn.Tensor_27[448x448]:float16;ttsim.ttnn.Tensor_28[448x448]:float16,ttsim.ttnn.Op_14.out[448x448]:float16,,,,False,False,,401408,200704,802816,401408,{'mac': 89915392},0,401408,200704,89915392,1017,3485,1743,50.0,MEM,5278.0,0.005278,6598.0,1017,0,0.006598,0.1156119742326638,0.0,0.5282303902993558,0.2641909814323607,0.0,0.0,False,HiFi2
Wormhole,n150,1000.0,MATRIX,INT8,TTNN,Matmul2Tensors_1,sweep_32_to_4096_bf16,1,13,ttsim.ttnn.Op_14,True,True,MatMul,1,"{'compute_kernel_config': WormholeComputeKernelConfig(math_fidelity=<MathFidelity.HiFi4: 4>, math_approx_mode=False, dst_full_sync_en=False, fp32_dest_acc_en=False, packer_l1_acc=True), 'memory_config': <MemoryConfig.L1: 2>}","['ttsim.ttnn.Tensor_27', 'ttsim.ttnn.Tensor_28']",['ttsim.ttnn.Op_14.out'],ttsim.ttnn.Tensor_27[448x448]:float16;ttsim.ttnn.Tensor_28[448x448]:float16,ttsim.ttnn.Op_14.out[448x448]:float16,,,,False,False,,401408,200704,802816,401408,{'mac': 89915392},0,401408,200704,89915392,1017,3485,1743,50.0,MEM,5278.0,0.005278,6598.0,1017,0,0.006598,0.1156119742326638,0.0,0.5282303902993558,0.2641909814323607,0.0,0.0,False,HiFi4
Wormhole,n150,1000.0,MATRIX,INT8,TTNN,Matmul2Tensors_1,sweep_32_to_4096_bf16,1,14,ttsim.ttnn.Op_15,True,True,MatMul,1,"{'compute_kernel_config': WormholeComputeKernelConfig(math_fidelity=<MathFidelity.LoFi: 1>, math_approx_mode=False, dst_full_sync_en=False, fp32_dest_acc_en=False, packer_l1_acc=True), 'memory_config': <MemoryConfig.L1: 2>}","['ttsim.ttnn.Tensor_29', 'ttsim.ttnn.Tensor_30']",['ttsim.ttnn.Op_15.out'],ttsim.ttnn.Tensor_29[480x480]:float16;ttsim.ttnn.Tensor_30[480x480]:float16,ttsim.ttnn.Op_15.out[480x480]:float16,,,,False,False,,460800,230400,921600,460800,{'mac': 110592000},0,460800,230400,110592000,1251,4000,2000,50.0,MEM,6050.0,0.00605,7563.0,1251,0,0.0075629999999999,0.1240661157024793,0.0,0.5289256198347108,0.2644628099173554,0.0,0.0,False,LoFi
Wormhole,n150,1000.0,MATRIX,INT8,TTNN,Matmul2Tensors_1,sweep_32_to_4096_bf16,1,14,ttsim.ttnn.Op_15,True,True,MatMul,1,"{'compute_kernel_config': WormholeComputeKernelConfig(math_fidelity=<MathFidelity.HiFi2: 2>, math_approx_mode=False, dst_full_sync_en=False, fp32_dest_acc_en=False, packer_l1_acc=True), 'memory_config': <MemoryConfig.L1: 2>}","['ttsim.ttnn.Tensor_29', 'ttsim.ttnn.Tensor_30']",['ttsim.ttnn.Op_15.out'],ttsim.ttnn.Tensor_29[480x480]:float16;ttsim.ttnn.Tensor_30[480x480]:float16,ttsim.ttnn.Op_15.out[480x480]:float16,,,,False,False,,460800,230400,921600,460800,{'mac': 110592000},0,460800,230400,110592000,1251,4000,2000,50.0,MEM,6050.0,0.00605,7563.0,1251,0,0.0075629999999999,0.1240661157024793,0.0,0.5289256198347108,0.2644628099173554,0.0,0.0,False,HiFi2
Wormhole,n150,1000.0,MATRIX,INT8,TTNN,Matmul2Tensors_1,sweep_32_to_4096_bf16,1,14,ttsim.ttnn.Op_15,True,True,MatMul,1,"{'compute_kernel_config': WormholeComputeKernelConfig(math_fidelity=<MathFidelity.HiFi4: 4>, math_approx_mode=False, dst_full_sync_en=False, fp32_dest_acc_en=False, packer_l1_acc=True), 'memory_config': <MemoryConfig.L1: 2>}","['ttsim.ttnn.Tensor_29', 'ttsim.ttnn.Tensor_30']",['ttsim.ttnn.Op_15.out'],ttsim.ttnn.Tensor_29[480x480]:float16;ttsim.ttnn.Tensor_30[480x480]:float16,ttsim.ttnn.Op_15.out[480x480]:float16,,,,False,False,,460800,230400,921600,460800,{'mac': 110592000},0,460800,230400,110592000,1251,4000,2000,50.0,MEM,6050.0,0.00605,7563.0,1251,0,0.0075629999999999,0.1240661157024793,0.0,0.5289256198347108,0.2644628099173554,0.0,0.0,False,HiFi4
Wormhole,n150,1000.0,MATRIX,INT8,TTNN,Matmul2Tensors_1,sweep_32_to_4096_bf16,1,15,ttsim.ttnn.Op_16,True,True,MatMul,1,"{'compute_kernel_config': WormholeComputeKernelConfig(math_fidelity=<MathFidelity.LoFi: 1>, math_approx_mode=False, dst_full_sync_en=False, fp32_dest_acc_en=False, packer_l1_acc=True), 'memory_config': <MemoryConfig.L1: 2>}","['ttsim.ttnn.Tensor_31', 'ttsim.ttnn.Tensor_32']",['ttsim.ttnn.Op_16.out'],ttsim.ttnn.Tensor_31[512x512]:float16;ttsim.ttnn.Tensor_32[512x512]:float16,ttsim.ttnn.Op_16.out[512x512]:float16,,,,False,False,,524288,262144,1048576,524288,{'mac': 134217728},0,524288,262144,134217728,1518,4552,2276,50.0,MEM,6878.0,0.006878,8598.0,1518,0,0.008598,0.1324222157603954,0.0,0.5294562372782786,0.2647281186391393,0.0,0.0,False,LoFi
Wormhole,n150,1000.0,MATRIX,INT8,TTNN,Matmul2Tensors_1,sweep_32_to_4096_bf16,1,15,ttsim.ttnn.Op_16,True,True,MatMul,1,"{'compute_kernel_config': WormholeComputeKernelConfig(math_fidelity=<MathFidelity.HiFi2: 2>, math_approx_mode=False, dst_full_sync_en=False, fp32_dest_acc_en=False, packer_l1_acc=True), 'memory_config': <MemoryConfig.L1: 2>}","['ttsim.ttnn.Tensor_31', 'ttsim.ttnn.Tensor_32']",['ttsim.ttnn.Op_16.out'],ttsim.ttnn.Tensor_31[512x512]:float16;ttsim.ttnn.Tensor_32[512x512]:float16,ttsim.ttnn.Op_16.out[512x512]:float16,,,,False,False,,524288,262144,1048576,524288,{'mac': 134217728},0,524288,262144,134217728,1518,4552,2276,50.0,MEM,6878.0,0.006878,8598.0,1518,0,0.008598,0.1324222157603954,0.0,0.5294562372782786,0.2647281186391393,0.0,0.0,False,HiFi2
Wormhole,n150,1000.0,MATRIX,INT8,TTNN,Matmul2Tensors_1,sweep_32_to_4096_bf16,1,15,ttsim.ttnn.Op_16,True,True,MatMul,1,"{'compute_kernel_config': WormholeComputeKernelConfig(math_fidelity=<MathFidelity.HiFi4: 4>, math_approx_mode=False, dst_full_sync_en=False, fp32_dest_acc_en=False, packer_l1_acc=True), 'memory_config': <MemoryConfig.L1: 2>}","['ttsim.ttnn.Tensor_31', 'ttsim.ttnn.Tensor_32']",['ttsim.ttnn.Op_16.out'],ttsim.ttnn.Tensor_31[512x512]:float16;ttsim.ttnn.Tensor_32[512x512]:float16,ttsim.ttnn.Op_16.out[512x512]:float16,,,,False,False,,524288,262144,1048576,524288,{'mac': 134217728},0,524288,262144,134217728,1518,4552,2276,50.0,MEM,6878.0,0.006878,8598.0,1518,0,0.008598,0.1324222157603954,0.0,0.5294562372782786,0.2647281186391393,0.0,0.0,False,HiFi4
Wormhole,n150,1000.0,MATRIX,INT8,TTNN,Matmul2Tensors_1,sweep_32_to_4096_bf16,1,16,ttsim.ttnn.Op_17,True,True,MatMul,1,"{'compute_kernel_config': WormholeComputeKernelConfig(math_fidelity=<MathFidelity.LoFi: 1>, math_approx_mode=False, dst_full_sync_en=False, fp32_dest_acc_en=False, packer_l1_acc=True), 'memory_config': <MemoryConfig.L1: 2>}","['ttsim.ttnn.Tensor_33', 'ttsim.ttnn.Tensor_34']",['ttsim.ttnn.Op_17.out'],ttsim.ttnn.Tensor_33[544x544]:float16;ttsim.ttnn.Tensor_34[544x544]:float16,ttsim.ttnn.Op_17.out[544x544]:float16,,,,False,False,,591872,295936,1183744,591872,{'mac': 160989184},0,591872,295936,160989184,1820,5138,2569,50.0,MEM,7757.0,0.007757,9697.0,1820,0,0.0096969999999999,0.1407760732241846,0.0,0.5298955781874436,0.2649477890937218,0.0,0.0,False,LoFi
Wormhole,n150,1000.0,MATRIX,INT8,TTNN,Matmul2Tensors_1,sweep_32_to_4096_bf16,1,16,ttsim.ttnn.Op_17,True,True,MatMul,1,"{'compute_kernel_config': WormholeComputeKernelConfig(math_fidelity=<MathFidelity.HiFi2: 2>, math_approx_mode=False, dst_full_sync_en=False, fp32_dest_acc_en=False, packer_l1_acc=True), 'memory_config': <MemoryConfig.L1: 2>}","['ttsim.ttnn.Tensor_33', 'ttsim.ttnn.Tensor_34']",['ttsim.ttnn.Op_17.out'],ttsim.ttnn.Tensor_33[544x544]:float16;ttsim.ttnn.Tensor_34[544x544]:float16,ttsim.ttnn.Op_17.out[544x544]:float16,,,,False,False,,591872,295936,1183744,591872,{'mac': 160989184},0,591872,295936,160989184,1820,5138,2569,50.0,MEM,7757.0,0.007757,9697.0,1820,0,0.0096969999999999,0.1407760732241846,0.0,0.5298955781874436,0.2649477890937218,0.0,0.0,False,HiFi2
Wormhole,n150,1000.0,MATRIX,INT8,TTNN,Matmul2Tensors_1,sweep_32_to_4096_bf16,1,16,ttsim.ttnn.Op_17,True,True,MatMul,1,"{'compute_kernel_config': WormholeComputeKernelConfig(math_fidelity=<MathFidelity.HiFi4: 4>, math_approx_mode=False, dst_full_sync_en=False, fp32_dest_acc_en=False, packer_l1_acc=True), 'memory_config': <MemoryConfig.L1: 2>}","['ttsim.ttnn.Tensor_33', 'ttsim.ttnn.Tensor_34']",['ttsim.ttnn.Op_17.out'],ttsim.ttnn.Tensor_33[544x544]:float16;ttsim.ttnn.Tensor_34[544x544]:float16,ttsim.ttnn.Op_17.out[544x544]:float16,,,,False,False,,591872,295936,1183744,591872,{'mac': 160989184},0,591872,295936,160989184,1820,5138,2569,50.0,MEM,7757.0,0.007757,9697.0,1820,0,0.0096969999999999,0.1407760732241846,0.0,0.5298955781874436,0.2649477890937218,0.0,0.0,False,HiFi4
Wormhole,n150,1000.0,MATRIX,INT8,TTNN,Matmul2Tensors_1,sweep_32_to_4096_bf16,1,17,ttsim.ttnn.Op_18,True,True,MatMul,1,"{'compute_kernel_config': WormholeComputeKernelConfig(math_fidelity=<MathFidelity.LoFi: 1>, math_approx_mode=False, dst_full_sync_en=False, fp32_dest_acc_en=False, packer_l1_acc=True), 'memory_config': <MemoryConfig.L1: 2>}","['ttsim.ttnn.Tensor_35', 'ttsim.ttnn.Tensor_36']",['ttsim.ttnn.Op_18.out'],ttsim.ttnn.Tensor_35[576x576]:float16;ttsim.ttnn.Tensor_36[576x576]:float16,ttsim.ttnn.Op_18.out[576x576]:float16,,,,False,False,,663552,331776,1327104,663552,{'mac': 191102976},0,663552,331776,191102976,2160,5760,2880,50.0,MEM,8690.0,0.00869,10863.0,2160,0,0.010863,0.1491369390103567,0.0,0.5302646720368239,0.2651323360184119,0.0,0.0,False,LoFi
Wormhole,n150,1000.0,MATRIX,INT8,TTNN,Matmul2Tensors_1,sweep_32_to_4096_bf16,1,17,ttsim.ttnn.Op_18,True,True,MatMul,1,"{'compute_kernel_config': WormholeComputeKernelConfig(math_fidelity=<MathFidelity.HiFi2: 2>, math_approx_mode=False, dst_full_sync_en=False, fp32_dest_acc_en=False, packer_l1_acc=True), 'memory_config': <MemoryConfig.L1: 2>}","['ttsim.ttnn.Tensor_35', 'ttsim.ttnn.Tensor_36']",['ttsim.ttnn.Op_18.out'],ttsim.ttnn.Tensor_35[576x576]:float16;ttsim.ttnn.Tensor_36[576x576]:float16,ttsim.ttnn.Op_18.out[576x576]:float16,,,,False,False,,663552,331776,1327104,663552,{'mac': 191102976},0,663552,331776,191102976,2160,5760,2880,50.0,MEM,8690.0,0.00869,10863.0,2160,0,0.010863,0.1491369390103567,0.0,0.5302646720368239,0.2651323360184119,0.0,0.0,False,HiFi2
Wormhole,n150,1000.0,MATRIX,INT8,TTNN,Matmul2Tensors_1,sweep_32_to_4096_bf16,1,17,ttsim.ttnn.Op_18,True,True,MatMul,1,"{'compute_kernel_config': WormholeComputeKernelConfig(math_fidelity=<MathFidelity.HiFi4: 4>, math_approx_mode=False, dst_full_sync_en=False, fp32_dest_acc_en=False, packer_l1_acc=True), 'memory_config': <MemoryConfig.L1: 2>}","['ttsim.ttnn.Tensor_35', 'ttsim.ttnn.Tensor_36']",['ttsim.ttnn.Op_18.out'],ttsim.ttnn.Tensor_35[576x576]:float16;ttsim.ttnn.Tensor_36[576x576]:float16,ttsim.ttnn.Op_18.out[576x576]:float16,,,,False,False,,663552,331776,1327104,663552,{'mac': 191102976},0,663552,331776,191102976,2160,5760,2880,50.0,MEM,8690.0,0.00869,10863.0,2160,0,0.010863,0.1491369390103567,0.0,0.5302646720368239,0.2651323360184119,0.0,0.0,False,HiFi4
Wormhole,n150,1000.0,MATRIX,INT8,TTNN,Matmul2Tensors_1,sweep_32_to_4096_bf16,1,18,ttsim.ttnn.Op_19,True,True,MatMul,1,"{'compute_kernel_config': WormholeComputeKernelConfig(math_fidelity=<MathFidelity.LoFi: 1>, math_approx_mode=False, dst_full_sync_en=False, fp32_dest_acc_en=False, packer_l1_acc=True), 'memory_config': <MemoryConfig.L1: 2>}","['ttsim.ttnn.Tensor_37', 'ttsim.ttnn.Tensor_38']",['ttsim.ttnn.Op_19.out'],ttsim.ttnn.Tensor_37[608x608]:float16;ttsim.ttnn.Tensor_38[608x608]:float16,ttsim.ttnn.Op_19.out[608x608]:float16,,,,False,False,,739328,369664,1478656,739328,{'mac': 224755712},0,739328,369664,224755712,2541,6418,3209,50.0,MEM,9677.0,0.009677,12097.0,2541,0,0.012097,0.1575488271158416,0.0,0.5305776583651959,0.2652888291825979,0.0,0.0,False,LoFi
Wormhole,n150,1000.0,MATRIX,INT8,TTNN,Matmul2Tensors_1,sweep_32_to_4096_bf16,1,18,ttsim.ttnn.Op_19,True,True,MatMul,1,"{'compute_kernel_config': WormholeComputeKernelConfig(math_fidelity=<MathFidelity.HiFi2: 2>, math_approx_mode=False, dst_full_sync_en=False, fp32_dest_acc_en=False, packer_l1_acc=True), 'memory_config': <MemoryConfig.L1: 2>}","['ttsim.ttnn.Tensor_37', 'ttsim.ttnn.Tensor_38']",['ttsim.ttnn.Op_19.out'],ttsim.ttnn.Tensor_37[608x608]:float16;ttsim.ttnn.Tensor_38[608x608]:float16,ttsim.ttnn.Op_19.out[608x608]:float16,,,,False,False,,739328,369664,1478656,739328,{'mac': 224755712},0,739328,369664,224755712,2541,6418,3209,50.0,MEM,9677.0,0.009677,12097.0,2541,0,0.012097,0.1575488271158416,0.0,0.5305776583651959,0.2652888291825979,0.0,0.0,False,HiFi2
Wormhole,n150,1000.0,MATRIX,INT8,TTNN,Matmul2Tensors_1,sweep_32_to_4096_bf16,1,18,ttsim.ttnn.Op_19,True,True,MatMul,1,"{'compute_kernel_config': WormholeComputeKernelConfig(math_fidelity=<MathFidelity.HiFi4: 4>, math_approx_mode=False, dst_full_sync_en=False, fp32_dest_acc_en=False, packer_l1_acc=True), 'memory_config': <MemoryConfig.L1: 2>}","['ttsim.ttnn.Tensor_37', 'ttsim.ttnn.Tensor_38']",['ttsim.ttnn.Op_19.out'],ttsim.ttnn.Tensor_37[608x608]:float16;ttsim.ttnn.Tensor_38[608x608]:float16,ttsim.ttnn.Op_19.out[608x608]:float16,,,,False,False,,739328,369664,1478656,739328,{'mac': 224755712},0,739328,369664,224755712,2541,6418,3209,50.0,MEM,9677.0,0.009677,12097.0,2541,0,0.012097,0.1575488271158416,0.0,0.5305776583651959,0.2652888291825979,0.0,0.0,False,HiFi4
Wormhole,n150,1000.0,MATRIX,INT8,TTNN,Matmul2Tensors_1,sweep_32_to_4096_bf16,1,19,ttsim.ttnn.Op_20,True,True,MatMul,1,"{'compute_kernel_config': WormholeComputeKernelConfig(math_fidelity=<MathFidelity.LoFi: 1>, math_approx_mode=False, dst_full_sync_en=False, fp32_dest_acc_en=False, packer_l1_acc=True), 'memory_config': <MemoryConfig.L1: 2>}","['ttsim.ttnn.Tensor_39', 'ttsim.ttnn.Tensor_40']",['ttsim.ttnn.Op_20.out'],ttsim.ttnn.Tensor_39[640x640]:float16;ttsim.ttnn.Tensor_40[640x640]:float16,ttsim.ttnn.Op_20.out[640x640]:float16,,,,False,False,,819200,409600,1638400,819200,{'mac': 262144000},0,819200,409600,262144000,2963,7112,3556,50.0,MEM,10718.0,0.010718,13398.0,2963,0,0.013398,0.1658704982272812,0.0,0.5308453069602538,0.2654226534801269,0.0,0.0,False,LoFi
Wormhole,n150,1000.0,MATRIX,INT8,TTNN,Matmul2Tensors_1,sweep_32_to_4096_bf16,1,19,ttsim.ttnn.Op_20,True,True,MatMul,1,"{'compute_kernel_config': WormholeComputeKernelConfig(math_fidelity=<MathFidelity.HiFi2: 2>, math_approx_mode=False, dst_full_sync_en=False, fp32_dest_acc_en=False, packer_l1_acc=True), 'memory_config': <MemoryConfig.L1: 2>}","['ttsim.ttnn.Tensor_39', 'ttsim.ttnn.Tensor_40']",['ttsim.ttnn.Op_20.out'],ttsim.ttnn.Tensor_39[640x640]:float16;ttsim.ttnn.Tensor_40[640x640]:float16,ttsim.ttnn.Op_20.out[640x640]:float16,,,,False,False,,819200,409600,1638400,819200,{'mac': 262144000},0,819200,409600,262144000,2963,7112,3556,50.0,MEM,10718.0,0.010718,13398.0,2963,0,0.013398,0.1658704982272812,0.0,0.5308453069602538,0.2654226534801269,0.0,0.0,False,HiFi2
Wormhole,n150,1000.0,MATRIX,INT8,TTNN,Matmul2Tensors_1,sweep_32_to_4096_bf16,1,19,ttsim.ttnn.Op_20,True,True,MatMul,1,"{'compute_kernel_config': WormholeComputeKernelConfig(math_fidelity=<MathFidelity.HiFi4: 4>, math_approx_mode=False, dst_full_sync_en=False, fp32_dest_acc_en=False, packer_l1_acc=True), 'memory_config': <MemoryConfig.L1: 2>}","['ttsim.ttnn.Tensor_39', 'ttsim.ttnn.Tensor_40']",['ttsim.ttnn.Op_20.out'],ttsim.ttnn.Tensor_39[640x640]:float16;ttsim.ttnn.Tensor_40[640x640]:float16,ttsim.ttnn.Op_20.out[640x640]:float16,,,,False,False,,819200,409600,1638400,819200,{'mac': 262144000},0,819200,409600,262144000,2963,7112,3556,50.0,MEM,10718.0,0.010718,13398.0,2963,0,0.013398,0.1658704982272812,0.0,0.5308453069602538,0.2654226534801269,0.0,0.0,False,HiFi4
Wormhole,n150,1000.0,MATRIX,INT8,TTNN,Matmul2Tensors_1,sweep_32_to_4096_bf16,1,20,ttsim.ttnn.Op_21,True,True,MatMul,1,"{'compute_kernel_config': WormholeComputeKernelConfig(math_fidelity=<MathFidelity.LoFi: 1>, math_approx_mode=False, dst_full_sync_en=False, fp32_dest_acc_en=False, packer_l1_acc=True), 'memory_config': <MemoryConfig.L1: 2>}","['ttsim.ttnn.Tensor_41', 'ttsim.ttnn.Tensor_42']",['ttsim.ttnn.Op_21.out'],ttsim.ttnn.Tensor_41[672x672]:float16;ttsim.ttnn.Tensor_42[672x672]:float16,ttsim.ttnn.Op_21.out[672x672]:float16,,,,False,False,,903168,451584,1806336,903168,{'mac': 303464448},0,903168,451584,303464448,3431,7840,3920,50.0,MEM,11810.0,0.01181,14763.0,3431,0,0.014763,0.1743099068585944,0.0,0.5310753598645216,0.2655376799322608,0.0,0.0,False,LoFi
Wormhole,n150,1000.0,MATRIX,INT8,TTNN,Matmul2Tensors_1,sweep_32_to_4096_bf16,1,20,ttsim.ttnn.Op_21,True,True,MatMul,1,"{'compute_kernel_config': WormholeComputeKernelConfig(math_fidelity=<MathFidelity.HiFi2: 2>, math_approx_mode=False, dst_full_sync_en=False, fp32_dest_acc_en=False, packer_l1_acc=True), 'memory_config': <MemoryConfig.L1: 2>}","['ttsim.ttnn.Tensor_41', 'ttsim.ttnn.Tensor_42']",['ttsim.ttnn.Op_21.out'],ttsim.ttnn.Tensor_41[672x672]:float16;ttsim.ttnn.Tensor_42[672x672]:float16,ttsim.ttnn.Op_21.out[672x672]:float16,,,,False,False,,903168,451584,1806336,903168,{'mac': 303464448},0,903168,451584,303464448,3431,7840,3920,50.0,MEM,11810.0,0.01181,14763.0,3431,0,0.014763,0.1743099068585944,0.0,0.5310753598645216,0.2655376799322608,0.0,0.0,False,HiFi2
Wormhole,n150,1000.0,MATRIX,INT8,TTNN,Matmul2Tensors_1,sweep_32_to_4096_bf16,1,20,ttsim.ttnn.Op_21,True,True,MatMul,1,"{'compute_kernel_config': WormholeComputeKernelConfig(math_fidelity=<MathFidelity.HiFi4: 4>, math_approx_mode=False, dst_full_sync_en=False, fp32_dest_acc_en=False, packer_l1_acc=True), 'memory_config': <MemoryConfig.L1: 2>}","['ttsim.ttnn.Tensor_41', 'ttsim.ttnn.Tensor_42']",['ttsim.ttnn.Op_21.out'],ttsim.ttnn.Tensor_41[672x672]:float16;ttsim.ttnn.Tensor_42[672x672]:float16,ttsim.ttnn.Op_21.out[672x672]:float16,,,,False,False,,903168,451584,1806336,903168,{'mac': 303464448},0,903168,451584,303464448,3431,7840,3920,50.0,MEM,11810.0,0.01181,14763.0,3431,0,0.014763,0.1743099068585944,0.0,0.5310753598645216,0.2655376799322608,0.0,0.0,False,HiFi4
Wormhole,n150,1000.0,MATRIX,INT8,TTNN,Matmul2Tensors_1,sweep_32_to_4096_bf16,1,21,ttsim.ttnn.Op_22,True,True,MatMul,1,"{'compute_kernel_config': WormholeComputeKernelConfig(math_fidelity=<MathFidelity.LoFi: 1>, math_approx_mode=False, dst_full_sync_en=False, fp32_dest_acc_en=False, packer_l1_acc=True), 'memory_config': <MemoryConfig.L1: 2>}","['ttsim.ttnn.Tensor_43', 'ttsim.ttnn.Tensor_44']",['ttsim.ttnn.Op_22.out'],ttsim.ttnn.Tensor_43[704x704]:float16;ttsim.ttnn.Tensor_44[704x704]:float16,ttsim.ttnn.Op_22.out[704x704]:float16,,,,False,False,,991232,495616,1982464,991232,{'mac': 348913664},0,991232,495616,348913664,3944,8605,4303,50.0,MEM,12958.0,0.012958,16198.0,3944,0,0.016198,0.1826207748109276,0.0,0.5312548232751968,0.2656582805988578,0.0,0.0,False,LoFi
Wormhole,n150,1000.0,MATRIX,INT8,TTNN,Matmul2Tensors_1,sweep_32_to_4096_bf16,1,21,ttsim.ttnn.Op_22,True,True,MatMul,1,"{'compute_kernel_config': WormholeComputeKernelConfig(math_fidelity=<MathFidelity.HiFi2: 2>, math_approx_mode=False, dst_full_sync_en=False, fp32_dest_acc_en=False, packer_l1_acc=True), 'memory_config': <MemoryConfig.L1: 2>}","['ttsim.ttnn.Tensor_43', 'ttsim.ttnn.Tensor_44']",['ttsim.ttnn.Op_22.out'],ttsim.ttnn.Tensor_43[704x704]:float16;ttsim.ttnn.Tensor_44[704x704]:float16,ttsim.ttnn.Op_22.out[704x704]:float16,,,,False,False,,991232,495616,1982464,991232,{'mac': 348913664},0,991232,495616,348913664,3944,8605,4303,50.0,MEM,12958.0,0.012958,16198.0,3944,0,0.016198,0.1826207748109276,0.0,0.5312548232751968,0.2656582805988578,0.0,0.0,False,HiFi2
Wormhole,n150,1000.0,MATRIX,INT8,TTNN,Matmul2Tensors_1,sweep_32_to_4096_bf16,1,21,ttsim.ttnn.Op_22,True,True,MatMul,1,"{'compute_kernel_config': WormholeComputeKernelConfig(math_fidelity=<MathFidelity.HiFi4: 4>, math_approx_mode=False, dst_full_sync_en=False, fp32_dest_acc_en=False, packer_l1_acc=True), 'memory_config': <MemoryConfig.L1: 2>}","['ttsim.ttnn.Tensor_43', 'ttsim.ttnn.Tensor_44']",['ttsim.ttnn.Op_22.out'],ttsim.ttnn.Tensor_43[704x704]:float16;ttsim.ttnn.Tensor_44[704x704]:float16,ttsim.ttnn.Op_22.out[704x704]:float16,,,,False,False,,991232,495616,1982464,991232,{'mac': 348913664},0,991232,495616,348913664,3944,8605,4303,50.0,MEM,12958.0,0.012958,16198.0,3944,0,0.016198,0.1826207748109276,0.0,0.5312548232751968,0.2656582805988578,0.0,0.0,False,HiFi4
Wormhole,n150,1000.0,MATRIX,INT8,TTNN,Matmul2Tensors_1,sweep_32_to_4096_bf16,1,22,ttsim.ttnn.Op_23,True,True,MatMul,1,"{'compute_kernel_config': WormholeComputeKernelConfig(math_fidelity=<MathFidelity.LoFi: 1>, math_approx_mode=False, dst_full_sync_en=False, fp32_dest_acc_en=False, packer_l1_acc=True), 'memory_config': <MemoryConfig.L1: 2>}","['ttsim.ttnn.Tensor_45', 'ttsim.ttnn.Tensor_46']",['ttsim.ttnn.Op_23.out'],ttsim.ttnn.Tensor_45[736x736]:float16;ttsim.ttnn.Tensor_46[736x736]:float16,ttsim.ttnn.Op_23.out[736x736]:float16,,,,False,False,,1083392,541696,2166784,1083392,{'mac': 398688256},0,1083392,541696,398688256,4507,9405,4703,50.0,MEM,14158.0,0.0141579999999999,17698.0,4507,0,0.017698,0.1910015538917926,0.0,0.5314309930781184,0.2657437491171069,0.0,0.0,False,LoFi
Wormhole,n150,1000.0,MATRIX,INT8,TTNN,Matmul2Tensors_1,sweep_32_to_4096_bf16,1,22,ttsim.ttnn.Op_23,True,True,MatMul,1,"{'compute_kernel_config': WormholeComputeKernelConfig(math_fidelity=<MathFidelity.HiFi2: 2>, math_approx_mode=False, dst_full_sync_en=False, fp32_dest_acc_en=False, packer_l1_acc=True), 'memory_config': <MemoryConfig.L1: 2>}","['ttsim.ttnn.Tensor_45', 'ttsim.ttnn.Tensor_46']",['ttsim.ttnn.Op_23.out'],ttsim.ttnn.Tensor_45[736x736]:float16;ttsim.ttnn.Tensor_46[736x736]:float16,ttsim.ttnn.Op_23.out[736x736]:float16,,,,False,False,,1083392,541696,2166784,1083392,{'mac': 398688256},0,1083392,541696,398688256,4507,9405,4703,50.0,MEM,14158.0,0.0141579999999999,17698.0,4507,0,0.017698,0.1910015538917926,0.0,0.5314309930781184,0.2657437491171069,0.0,0.0,False,HiFi2
Wormhole,n150,1000.0,MATRIX,INT8,TTNN,Matmul2Tensors_1,sweep_32_to_4096_bf16,1,22,ttsim.ttnn.Op_23,True,True,MatMul,1,"{'compute_kernel_config': WormholeComputeKernelConfig(math_fidelity=<MathFidelity.HiFi4: 4>, math_approx_mode=False, dst_full_sync_en=False, fp32_dest_acc_en=False, packer_l1_acc=True), 'memory_config': <MemoryConfig.L1: 2>}","['ttsim.ttnn.Tensor_45', 'ttsim.ttnn.Tensor_46']",['ttsim.ttnn.Op_23.out'],ttsim.ttnn.Tensor_45[736x736]:float16;ttsim.ttnn.Tensor_46[736x736]:float16,ttsim.ttnn.Op_23.out[736x736]:float16,,,,False,False,,1083392,541696,2166784,1083392,{'mac': 398688256},0,1083392,541696,398688256,4507,9405,4703,50.0,MEM,14158.0,0.0141579999999999,17698.0,4507,0,0.017698,0.1910015538917926,0.0,0.5314309930781184,0.2657437491171069,0.0,0.0,False,HiFi4
Wormhole,n150,1000.0,MATRIX,INT8,TTNN,Matmul2Tensors_1,sweep_32_to_4096_bf16,1,23,ttsim.ttnn.Op_24,True,True,MatMul,1,"{'compute_kernel_config': WormholeComputeKernelConfig(math_fidelity=<MathFidelity.LoFi: 1>, math_approx_mode=False, dst_full_sync_en=False, fp32_dest_acc_en=False, packer_l1_acc=True), 'memory_config': <MemoryConfig.L1: 2>}","['ttsim.ttnn.Tensor_47', 'ttsim.ttnn.Tensor_48']",['ttsim.ttnn.Op_24.out'],ttsim.ttnn.Tensor_47[768x768]:float16;ttsim.ttnn.Tensor_48[768x768]:float16,ttsim.ttnn.Op_24.out[768x768]:float16,,,,False,False,,1179648,589824,2359296,1179648,{'mac': 452984832},0,1179648,589824,452984832,5121,10240,5120,50.0,MEM,15410.0,0.01541,19263.0,5121,0,0.019263,0.1993900064892926,0.0,0.5316028552887735,0.2658014276443867,0.0,0.0,False,LoFi
Wormhole,n150,1000.0,MATRIX,INT8,TTNN,Matmul2Tensors_1,sweep_32_to_4096_bf16,1,23,ttsim.ttnn.Op_24,True,True,MatMul,1,"{'compute_kernel_config': WormholeComputeKernelConfig(math_fidelity=<MathFidelity.HiFi2: 2>, math_approx_mode=False, dst_full_sync_en=False, fp32_dest_acc_en=False, packer_l1_acc=True), 'memory_config': <MemoryConfig.L1: 2>}","['ttsim.ttnn.Tensor_47', 'ttsim.ttnn.Tensor_48']",['ttsim.ttnn.Op_24.out'],ttsim.ttnn.Tensor_47[768x768]:float16;ttsim.ttnn.Tensor_48[768x768]:float16,ttsim.ttnn.Op_24.out[768x768]:float16,,,,False,False,,1179648,589824,2359296,1179648,{'mac': 452984832},0,1179648,589824,452984832,5121,10240,5120,50.0,MEM,15410.0,0.01541,19263.0,5121,0,0.019263,0.1993900064892926,0.0,0.5316028552887735,0.2658014276443867,0.0,0.0,False,HiFi2
Wormhole,n150,1000.0,MATRIX,INT8,TTNN,Matmul2Tensors_1,sweep_32_to_4096_bf16,1,23,ttsim.ttnn.Op_24,True,True,MatMul,1,"{'compute_kernel_config': WormholeComputeKernelConfig(math_fidelity=<MathFidelity.HiFi4: 4>, math_approx_mode=False, dst_full_sync_en=False, fp32_dest_acc_en=False, packer_l1_acc=True), 'memory_config': <MemoryConfig.L1: 2>}","['ttsim.ttnn.Tensor_47', 'ttsim.ttnn.Tensor_48']",['ttsim.ttnn.Op_24.out'],ttsim.ttnn.Tensor_47[768x768]:float16;ttsim.ttnn.Tensor_48[768x768]:float16,ttsim.ttnn.Op_24.out[768x768]:float16,,,,False,False,,1179648,589824,2359296,1179648,{'mac': 452984832},0,1179648,589824,452984832,5121,10240,5120,50.0,MEM,15410.0,0.01541,19263.0,5121,0,0.019263,0.1993900064892926,0.0,0.5316028552887735,0.2658014276443867,0.0,0.0,False,HiFi4
Wormhole,n150,1000.0,MATRIX,INT8,TTNN,Matmul2Tensors_1,sweep_32_to_4096_bf16,1,24,ttsim.ttnn.Op_25,True,True,MatMul,1,"{'compute_kernel_config': WormholeComputeKernelConfig(math_fidelity=<MathFidelity.LoFi: 1>, math_approx_mode=False, dst_full_sync_en=False, fp32_dest_acc_en=False, packer_l1_acc=True), 'memory_config': <MemoryConfig.L1: 2>}","['ttsim.ttnn.Tensor_49', 'ttsim.ttnn.Tensor_50']",['ttsim.ttnn.Op_25.out'],ttsim.ttnn.Tensor_49[800x800]:float16;ttsim.ttnn.Tensor_50[800x800]:float16,ttsim.ttnn.Op_25.out[800x800]:float16,,,,False,False,,1280000,640000,2560000,1280000,{'mac': 512000000},0,1280000,640000,512000000,5788,11112,5556,50.0,MEM,16718.0,0.016718,20898.0,5788,0,0.020898,0.2077281971527694,0.0,0.5317382462016987,0.2658691231008493,0.0,0.0,False,LoFi
Wormhole,n150,1000.0,MATRIX,INT8,TTNN,Matmul2Tensors_1,sweep_32_to_4096_bf16,1,24,ttsim.ttnn.Op_25,True,True,MatMul,1,"{'compute_kernel_config': WormholeComputeKernelConfig(math_fidelity=<MathFidelity.HiFi2: 2>, math_approx_mode=False, dst_full_sync_en=False, fp32_dest_acc_en=False, packer_l1_acc=True), 'memory_config': <MemoryConfig.L1: 2>}","['ttsim.ttnn.Tensor_49', 'ttsim.ttnn.Tensor_50']",['ttsim.ttnn.Op_25.out'],ttsim.ttnn.Tensor_49[800x800]:float16;ttsim.ttnn.Tensor_50[800x800]:float16,ttsim.ttnn.Op_25.out[800x800]:float16,,,,False,False,,1280000,640000,2560000,1280000,{'mac': 512000000},0,1280000,640000,512000000,5788,11112,5556,50.0,MEM,16718.0,0.016718,20898.0,5788,0,0.020898,0.2077281971527694,0.0,0.5317382462016987,0.2658691231008493,0.0,0.0,False,HiFi2
Wormhole,n150,1000.0,MATRIX,INT8,TTNN,Matmul2Tensors_1,sweep_32_to_4096_bf16,1,24,ttsim.ttnn.Op_25,True,True,MatMul,1,"{'compute_kernel_config': WormholeComputeKernelConfig(math_fidelity=<MathFidelity.HiFi4: 4>, math_approx_mode=False, dst_full_sync_en=False, fp32_dest_acc_en=False, packer_l1_acc=True), 'memory_config': <MemoryConfig.L1: 2>}","['ttsim.ttnn.Tensor_49', 'ttsim.ttnn.Tensor_50']",['ttsim.ttnn.Op_25.out'],ttsim.ttnn.Tensor_49[800x800]:float16;ttsim.ttnn.Tensor_50[800x800]:float16,ttsim.ttnn.Op_25.out[800x800]:float16,,,,False,False,,1280000,640000,2560000,1280000,{'mac': 512000000},0,1280000,640000,512000000,5788,11112,5556,50.0,MEM,16718.0,0.016718,20898.0,5788,0,0.020898,0.2077281971527694,0.0,0.5317382462016987,0.2658691231008493,0.0,0.0,False,HiFi4
Wormhole,n150,1000.0,MATRIX,INT8,TTNN,Matmul2Tensors_1,sweep_32_to_4096_bf16,1,25,ttsim.ttnn.Op_26,True,True,MatMul,1,"{'compute_kernel_config': WormholeComputeKernelConfig(math_fidelity=<MathFidelity.LoFi: 1>, math_approx_mode=False, dst_full_sync_en=False, fp32_dest_acc_en=False, packer_l1_acc=True), 'memory_config': <MemoryConfig.L1: 2>}","['ttsim.ttnn.Tensor_51', 'ttsim.ttnn.Tensor_52']",['ttsim.ttnn.Op_26.out'],ttsim.ttnn.Tensor_51[832x832]:float16;ttsim.ttnn.Tensor_52[832x832]:float16,ttsim.ttnn.Op_26.out[832x832]:float16,,,,False,False,,1384448,692224,2768896,1384448,{'mac': 575930368},0,1384448,692224,575930368,6510,12018,6009,50.0,MEM,18077.0,0.018077,22597.0,6510,0,0.022597,0.2160756762737179,0.0,0.5318581623056924,0.2659290811528462,0.0,0.0,False,LoFi
Wormhole,n150,1000.0,MATRIX,INT8,TTNN,Matmul2Tensors_1,sweep_32_to_4096_bf16,1,25,ttsim.ttnn.Op_26,True,True,MatMul,1,"{'compute_kernel_config': WormholeComputeKernelConfig(math_fidelity=<MathFidelity.HiFi2: 2>, math_approx_mode=False, dst_full_sync_en=False, fp32_dest_acc_en=False, packer_l1_acc=True), 'memory_config': <MemoryConfig.L1: 2>}","['ttsim.ttnn.Tensor_51', 'ttsim.ttnn.Tensor_52']",['ttsim.ttnn.Op_26.out'],ttsim.ttnn.Tensor_51[832x832]:float16;ttsim.ttnn.Tensor_52[832x832]:float16,ttsim.ttnn.Op_26.out[832x832]:float16,,,,False,False,,1384448,692224,2768896,1384448,{'mac': 575930368},0,1384448,692224,575930368,6510,12018,6009,50.0,MEM,18077.0,0.018077,22597.0,6510,0,0.022597,0.2160756762737179,0.0,0.5318581623056924,0.2659290811528462,0.0,0.0,False,HiFi2
Wormhole,n150,1000.0,MATRIX,INT8,TTNN,Matmul2Tensors_1,sweep_32_to_4096_bf16,1,25,ttsim.ttnn.Op_26,True,True,MatMul,1,"{'compute_kernel_config': WormholeComputeKernelConfig(math_fidelity=<MathFidelity.HiFi4: 4>, math_approx_mode=False, dst_full_sync_en=False, fp32_dest_acc_en=False, packer_l1_acc=True), 'memory_config': <MemoryConfig.L1: 2>}","['ttsim.ttnn.Tensor_51', 'ttsim.ttnn.Tensor_52']",['ttsim.ttnn.Op_26.out'],ttsim.ttnn.Tensor_51[832x832]:float16;ttsim.ttnn.Tensor_52[832x832]:float16,ttsim.ttnn.Op_26.out[832x832]:float16,,,,False,False,,1384448,692224,2768896,1384448,{'mac': 575930368},0,1384448,692224,575930368,6510,12018,6009,50.0,MEM,18077.0,0.018077,22597.0,6510,0,0.022597,0.2160756762737179,0.0,0.5318581623056924,0.2659290811528462,0.0,0.0,False,HiFi4
Wormhole,n150,1000.0,MATRIX,INT8,TTNN,Matmul2Tensors_1,sweep_32_to_4096_bf16,1,26,ttsim.ttnn.Op_27,True,True,MatMul,1,"{'compute_kernel_config': WormholeComputeKernelConfig(math_fidelity=<MathFidelity.LoFi: 1>, math_approx_mode=False, dst_full_sync_en=False, fp32_dest_acc_en=False, packer_l1_acc=True), 'memory_config': <MemoryConfig.L1: 2>}","['ttsim.ttnn.Tensor_53', 'ttsim.ttnn.Tensor_54']",['ttsim.ttnn.Op_27.out'],ttsim.ttnn.Tensor_53[864x864]:float16;ttsim.ttnn.Tensor_54[864x864]:float16,ttsim.ttnn.Op_27.out[864x864]:float16,,,,False,False,,1492992,746496,2985984,1492992,{'mac': 644972544},0,1492992,746496,644972544,7291,12960,6480,50.0,MEM,19490.0,0.0194899999999999,24363.0,7291,0,0.024363,0.2244535659312467,0.0,0.531965110312981,0.2659825551564905,0.0,0.0,False,LoFi
Wormhole,n150,1000.0,MATRIX,INT8,TTNN,Matmul2Tensors_1,sweep_32_to_4096_bf16,1,26,ttsim.ttnn.Op_27,True,True,MatMul,1,"{'compute_kernel_config': WormholeComputeKernelConfig(math_fidelity=<MathFidelity.HiFi2: 2>, math_approx_mode=False, dst_full_sync_en=False, fp32_dest_acc_en=False, packer_l1_acc=True), 'memory_config': <MemoryConfig.L1: 2>}","['ttsim.ttnn.Tensor_53', 'ttsim.ttnn.Tensor_54']",['ttsim.ttnn.Op_27.out'],ttsim.ttnn.Tensor_53[864x864]:float16;ttsim.ttnn.Tensor_54[864x864]:float16,ttsim.ttnn.Op_27.out[864x864]:float16,,,,False,False,,1492992,746496,2985984,1492992,{'mac': 644972544},0,1492992,746496,644972544,7291,12960,6480,50.0,MEM,19490.0,0.0194899999999999,24363.0,7291,0,0.024363,0.2244535659312467,0.0,0.531965110312981,0.2659825551564905,0.0,0.0,False,HiFi2
Wormhole,n150,1000.0,MATRIX,INT8,TTNN,Matmul2Tensors_1,sweep_32_to_4096_bf16,1,26,ttsim.ttnn.Op_27,True,True,MatMul,1,"{'compute_kernel_config': WormholeComputeKernelConfig(math_fidelity=<MathFidelity.HiFi4: 4>, math_approx_mode=False, dst_full_sync_en=False, fp32_dest_acc_en=False, packer_l1_acc=True), 'memory_config': <MemoryConfig.L1: 2>}","['ttsim.ttnn.Tensor_53', 'ttsim.ttnn.Tensor_54']",['ttsim.ttnn.Op_27.out'],ttsim.ttnn.Tensor_53[864x864]:float16;ttsim.ttnn.Tensor_54[864x864]:float16,ttsim.ttnn.Op_27.out[864x864]:float16,,,,False,False,,1492992,746496,2985984,1492992,{'mac': 644972544},0,1492992,746496,644972544,7291,12960,6480,50.0,MEM,19490.0,0.0194899999999999,24363.0,7291,0,0.024363,0.2244535659312467,0.0,0.531965110312981,0.2659825551564905,0.0,0.0,False,HiFi4
Wormhole,n150,1000.0,MATRIX,INT8,TTNN,Matmul2Tensors_1,sweep_32_to_4096_bf16,1,27,ttsim.ttnn.Op_28,True,True,MatMul,1,"{'compute_kernel_config': WormholeComputeKernelConfig(math_fidelity=<MathFidelity.LoFi: 1>, math_approx_mode=False, dst_full_sync_en=False, fp32_dest_acc_en=False, packer_l1_acc=True), 'memory_config': <MemoryConfig.L1: 2>}","['ttsim.ttnn.Tensor_55', 'ttsim.ttnn.Tensor_56']",['ttsim.ttnn.Op_28.out'],ttsim.ttnn.Tensor_55[896x896]:float16;ttsim.ttnn.Tensor_56[896x896]:float16,ttsim.ttnn.Op_28.out[896x896]:float16,,,,False,False,,1605632,802816,3211264,1605632,{'mac': 719323136},0,1605632,802816,719323136,8131,13938,6969,50.0,MEM,20957.0,0.020957,26197.0,8131,0,0.0261969999999999,0.2327909529035644,0.0,0.5320608865772772,0.2660304432886386,0.0,0.0,False,LoFi
Wormhole,n150,1000.0,MATRIX,INT8,TTNN,Matmul2Tensors_1,sweep_32_to_4096_bf16,1,27,ttsim.ttnn.Op_28,True,True,MatMul,1,"{'compute_kernel_config': WormholeComputeKernelConfig(math_fidelity=<MathFidelity.HiFi2: 2>, math_approx_mode=False, dst_full_sync_en=False, fp32_dest_acc_en=False, packer_l1_acc=True), 'memory_config': <MemoryConfig.L1: 2>}","['ttsim.ttnn.Tensor_55', 'ttsim.ttnn.Tensor_56']",['ttsim.ttnn.Op_28.out'],ttsim.ttnn.Tensor_55[896x896]:float16;ttsim.ttnn.Tensor_56[896x896]:float16,ttsim.ttnn.Op_28.out[896x896]:float16,,,,False,False,,1605632,802816,3211264,1605632,{'mac': 719323136},0,1605632,802816,719323136,8131,13938,6969,50.0,MEM,20957.0,0.020957,26197.0,8131,0,0.0261969999999999,0.2327909529035644,0.0,0.5320608865772772,0.2660304432886386,0.0,0.0,False,HiFi2
Wormhole,n150,1000.0,MATRIX,INT8,TTNN,Matmul2Tensors_1,sweep_32_to_4096_bf16,1,27,ttsim.ttnn.Op_28,True,True,MatMul,1,"{'compute_kernel_config': WormholeComputeKernelConfig(math_fidelity=<MathFidelity.HiFi4: 4>, math_approx_mode=False, dst_full_sync_en=False, fp32_dest_acc_en=False, packer_l1_acc=True), 'memory_config': <MemoryConfig.L1: 2>}","['ttsim.ttnn.Tensor_55', 'ttsim.ttnn.Tensor_56']",['ttsim.ttnn.Op_28.out'],ttsim.ttnn.Tensor_55[896x896]:float16;ttsim.ttnn.Tensor_56[896x896]:float16,ttsim.ttnn.Op_28.out[896x896]:float16,,,,False,False,,1605632,802816,3211264,1605632,{'mac': 719323136},0,1605632,802816,719323136,8131,13938,6969,50.0,MEM,20957.0,0.020957,26197.0,8131,0,0.0261969999999999,0.2327909529035644,0.0,0.5320608865772772,0.2660304432886386,0.0,0.0,False,HiFi4
Wormhole,n150,1000.0,MATRIX,INT8,TTNN,Matmul2Tensors_1,sweep_32_to_4096_bf16,1,28,ttsim.ttnn.Op_29,True,True,MatMul,1,"{'compute_kernel_config': WormholeComputeKernelConfig(math_fidelity=<MathFidelity.LoFi: 1>, math_approx_mode=False, dst_full_sync_en=False, fp32_dest_acc_en=False, packer_l1_acc=True), 'memory_config': <MemoryConfig.L1: 2>}","['ttsim.ttnn.Tensor_57', 'ttsim.ttnn.Tensor_58']",['ttsim.ttnn.Op_29.out'],ttsim.ttnn.Tensor_57[928x928]:float16;ttsim.ttnn.Tensor_58[928x928]:float16,ttsim.ttnn.Op_29.out[928x928]:float16,,,,False,False,,1722368,861184,3444736,1722368,{'mac': 799178752},0,1722368,861184,799178752,9033,14952,7476,50.0,MEM,22478.0,0.022478,28098.0,9033,0,0.0280979999999999,0.2411157576296823,0.0,0.532146988166207,0.2660734940831035,0.0,0.0,False,LoFi
Wormhole,n150,1000.0,MATRIX,INT8,TTNN,Matmul2Tensors_1,sweep_32_to_4096_bf16,1,28,ttsim.ttnn.Op_29,True,True,MatMul,1,"{'compute_kernel_config': WormholeComputeKernelConfig(math_fidelity=<MathFidelity.HiFi2: 2>, math_approx_mode=False, dst_full_sync_en=False, fp32_dest_acc_en=False, packer_l1_acc=True), 'memory_config': <MemoryConfig.L1: 2>}","['ttsim.ttnn.Tensor_57', 'ttsim.ttnn.Tensor_58']",['ttsim.ttnn.Op_29.out'],ttsim.ttnn.Tensor_57[928x928]:float16;ttsim.ttnn.Tensor_58[928x928]:float16,ttsim.ttnn.Op_29.out[928x928]:float16,,,,False,False,,1722368,861184,3444736,1722368,{'mac': 799178752},0,1722368,861184,799178752,9033,14952,7476,50.0,MEM,22478.0,0.022478,28098.0,9033,0,0.0280979999999999,0.2411157576296823,0.0,0.532146988166207,0.2660734940831035,0.0,0.0,False,HiFi2
Wormhole,n150,1000.0,MATRIX,INT8,TTNN,Matmul2Tensors_1,sweep_32_to_4096_bf16,1,28,ttsim.ttnn.Op_29,True,True,MatMul,1,"{'compute_kernel_config': WormholeComputeKernelConfig(math_fidelity=<MathFidelity.HiFi4: 4>, math_approx_mode=False, dst_full_sync_en=False, fp32_dest_acc_en=False, packer_l1_acc=True), 'memory_config': <MemoryConfig.L1: 2>}","['ttsim.ttnn.Tensor_57', 'ttsim.ttnn.Tensor_58']",['ttsim.ttnn.Op_29.out'],ttsim.ttnn.Tensor_57[928x928]:float16;ttsim.ttnn.Tensor_58[928x928]:float16,ttsim.ttnn.Op_29.out[928x928]:float16,,,,False,False,,1722368,861184,3444736,1722368,{'mac': 799178752},0,1722368,861184,799178752,9033,14952,7476,50.0,MEM,22478.0,0.022478,28098.0,9033,0,0.0280979999999999,0.2411157576296823,0.0,0.532146988166207,0.2660734940831035,0.0,0.0,False,HiFi4
Wormhole,n150,1000.0,MATRIX,INT8,TTNN,Matmul2Tensors_1,sweep_32_to_4096_bf16,1,29,ttsim.ttnn.Op_30,True,True,MatMul,1,"{'compute_kernel_config': WormholeComputeKernelConfig(math_fidelity=<MathFidelity.LoFi: 1>, math_approx_mode=False, dst_full_sync_en=False, fp32_dest_acc_en=False, packer_l1_acc=True), 'memory_config': <MemoryConfig.L1: 2>}","['ttsim.ttnn.Tensor_59', 'ttsim.ttnn.Tensor_60']",['ttsim.ttnn.Op_30.out'],ttsim.ttnn.Tensor_59[960x960]:float16;ttsim.ttnn.Tensor_60[960x960]:float16,ttsim.ttnn.Op_30.out[960x960]:float16,,,,False,False,,1843200,921600,3686400,1843200,{'mac': 884736000},0,1843200,921600,884736000,10001,16000,8000,50.0,MEM,24050.0,0.02405,30063.0,10001,0,0.030063,0.2495051975051974,0.0,0.5322245322245323,0.2661122661122661,0.0,0.0,False,LoFi
Wormhole,n150,1000.0,MATRIX,INT8,TTNN,Matmul2Tensors_1,sweep_32_to_4096_bf16,1,29,ttsim.ttnn.Op_30,True,True,MatMul,1,"{'compute_kernel_config': WormholeComputeKernelConfig(math_fidelity=<MathFidelity.HiFi2: 2>, math_approx_mode=False, dst_full_sync_en=False, fp32_dest_acc_en=False, packer_l1_acc=True), 'memory_config': <MemoryConfig.L1: 2>}","['ttsim.ttnn.Tensor_59', 'ttsim.ttnn.Tensor_60']",['ttsim.ttnn.Op_30.out'],ttsim.ttnn.Tensor_59[960x960]:float16;ttsim.ttnn.Tensor_60[960x960]:float16,ttsim.ttnn.Op_30.out[960x960]:float16,,,,False,False,,1843200,921600,3686400,1843200,{'mac': 884736000},0,1843200,921600,884736000,10001,16000,8000,50.0,MEM,24050.0,0.02405,30063.0,10001,0,0.030063,0.2495051975051974,0.0,0.5322245322245323,0.2661122661122661,0.0,0.0,False,HiFi2
Wormhole,n150,1000.0,MATRIX,INT8,TTNN,Matmul2Tensors_1,sweep_32_to_4096_bf16,1,29,ttsim.ttnn.Op_30,True,True,MatMul,1,"{'compute_kernel_config': WormholeComputeKernelConfig(math_fidelity=<MathFidelity.HiFi4: 4>, math_approx_mode=False, dst_full_sync_en=False, fp32_dest_acc_en=False, packer_l1_acc=True), 'memory_config': <MemoryConfig.L1: 2>}","['ttsim.ttnn.Tensor_59', 'ttsim.ttnn.Tensor_60']",['ttsim.ttnn.Op_30.out'],ttsim.ttnn.Tensor_59[960x960]:float16;ttsim.ttnn.Tensor_60[960x960]:float16,ttsim.ttnn.Op_30.out[960x960]:float16,,,,False,False,,1843200,921600,3686400,1843200,{'mac': 884736000},0,1843200,921600,884736000,10001,16000,8000,50.0,MEM,24050.0,0.02405,30063.0,10001,0,0.030063,0.2495051975051974,0.0,0.5322245322245323,0.2661122661122661,0.0,0.0,False,HiFi4
Wormhole,n150,1000.0,MATRIX,INT8,TTNN,Matmul2Tensors_1,sweep_32_to_4096_bf16,1,30,ttsim.ttnn.Op_31,True,True,MatMul,1,"{'compute_kernel_config': WormholeComputeKernelConfig(math_fidelity=<MathFidelity.LoFi: 1>, math_approx_mode=False, dst_full_sync_en=False, fp32_dest_acc_en=False, packer_l1_acc=True), 'memory_config': <MemoryConfig.L1: 2>}","['ttsim.ttnn.Tensor_61', 'ttsim.ttnn.Tensor_62']",['ttsim.ttnn.Op_31.out'],ttsim.ttnn.Tensor_61[992x992]:float16;ttsim.ttnn.Tensor_62[992x992]:float16,ttsim.ttnn.Op_31.out[992x992]:float16,,,,False,False,,1968128,984064,3936256,1968128,{'mac': 976191488},0,1968128,984064,976191488,11034,17085,8543,50.0,MEM,25678.0,0.025678,32098.0,11034,0,0.032098,0.2578238180543656,0.0,0.5322844458291145,0.2661578004517486,0.0,0.0,False,LoFi
Wormhole,n150,1000.0,MATRIX,INT8,TTNN,Matmul2Tensors_1,sweep_32_to_4096_bf16,1,30,ttsim.ttnn.Op_31,True,True,MatMul,1,"{'compute_kernel_config': WormholeComputeKernelConfig(math_fidelity=<MathFidelity.HiFi2: 2>, math_approx_mode=False, dst_full_sync_en=False, fp32_dest_acc_en=False, packer_l1_acc=True), 'memory_config': <MemoryConfig.L1: 2>}","['ttsim.ttnn.Tensor_61', 'ttsim.ttnn.Tensor_62']",['ttsim.ttnn.Op_31.out'],ttsim.ttnn.Tensor_61[992x992]:float16;ttsim.ttnn.Tensor_62[992x992]:float16,ttsim.ttnn.Op_31.out[992x992]:float16,,,,False,False,,1968128,984064,3936256,1968128,{'mac': 976191488},0,1968128,984064,976191488,11034,17085,8543,50.0,MEM,25678.0,0.025678,32098.0,11034,0,0.032098,0.2578238180543656,0.0,0.5322844458291145,0.2661578004517486,0.0,0.0,False,HiFi2
Wormhole,n150,1000.0,MATRIX,INT8,TTNN,Matmul2Tensors_1,sweep_32_to_4096_bf16,1,30,ttsim.ttnn.Op_31,True,True,MatMul,1,"{'compute_kernel_config': WormholeComputeKernelConfig(math_fidelity=<MathFidelity.HiFi4: 4>, math_approx_mode=False, dst_full_sync_en=False, fp32_dest_acc_en=False, packer_l1_acc=True), 'memory_config': <MemoryConfig.L1: 2>}","['ttsim.ttnn.Tensor_61', 'ttsim.ttnn.Tensor_62']",['ttsim.ttnn.Op_31.out'],ttsim.ttnn.Tensor_61[992x992]:float16;ttsim.ttnn.Tensor_62[992x992]:float16,ttsim.ttnn.Op_31.out[992x992]:float16,,,,False,False,,1968128,984064,3936256,1968128,{'mac': 976191488},0,1968128,984064,976191488,11034,17085,8543,50.0,MEM,25678.0,0.025678,32098.0,11034,0,0.032098,0.2578238180543656,0.0,0.5322844458291145,0.2661578004517486,0.0,0.0,False,HiFi4
Wormhole,n150,1000.0,MATRIX,INT8,TTNN,Matmul2Tensors_1,sweep_32_to_4096_bf16,1,31,ttsim.ttnn.Op_32,True,True,MatMul,1,"{'compute_kernel_config': WormholeComputeKernelConfig(math_fidelity=<MathFidelity.LoFi: 1>, math_approx_mode=False, dst_full_sync_en=False, fp32_dest_acc_en=False, packer_l1_acc=True), 'memory_config': <MemoryConfig.L1: 2>}","['ttsim.ttnn.Tensor_63', 'ttsim.ttnn.Tensor_64']",['ttsim.ttnn.Op_32.out'],ttsim.ttnn.Tensor_63[1024x1024]:float16;ttsim.ttnn.Tensor_64[1024x1024]:float16,ttsim.ttnn.Op_32.out[1024x1024]:float16,,,,False,False,,2097152,1048576,4194304,2097152,{'mac': 1073741824},0,2097152,1048576,1073741824,12137,18205,9103,50.0,MEM,27358.0,0.027358,34198.0,12137,0,0.034198,0.2661817384311719,0.0,0.5323488559105198,0.2661890489070839,0.0,0.0,False,LoFi
Wormhole,n150,1000.0,MATRIX,INT8,TTNN,Matmul2Tensors_1,sweep_32_to_4096_bf16,1,31,ttsim.ttnn.Op_32,True,True,MatMul,1,"{'compute_kernel_config': WormholeComputeKernelConfig(math_fidelity=<MathFidelity.HiFi2: 2>, math_approx_mode=False, dst_full_sync_en=False, fp32_dest_acc_en=False, packer_l1_acc=True), 'memory_config': <MemoryConfig.L1: 2>}","['ttsim.ttnn.Tensor_63', 'ttsim.ttnn.Tensor_64']",['ttsim.ttnn.Op_32.out'],ttsim.ttnn.Tensor_63[1024x1024]:float16;ttsim.ttnn.Tensor_64[1024x1024]:float16,ttsim.ttnn.Op_32.out[1024x1024]:float16,,,,False,False,,2097152,1048576,4194304,2097152,{'mac': 1073741824},0,2097152,1048576,1073741824,12137,18205,9103,50.0,MEM,27358.0,0.027358,34198.0,12137,0,0.034198,0.2661817384311719,0.0,0.5323488559105198,0.2661890489070839,0.0,0.0,False,HiFi2
Wormhole,n150,1000.0,MATRIX,INT8,TTNN,Matmul2Tensors_1,sweep_32_to_4096_bf16,1,31,ttsim.ttnn.Op_32,True,True,MatMul,1,"{'compute_kernel_config': WormholeComputeKernelConfig(math_fidelity=<MathFidelity.HiFi4: 4>, math_approx_mode=False, dst_full_sync_en=False, fp32_dest_acc_en=False, packer_l1_acc=True), 'memory_config': <MemoryConfig.L1: 2>}","['ttsim.ttnn.Tensor_63', 'ttsim.ttnn.Tensor_64']",['ttsim.ttnn.Op_32.out'],ttsim.ttnn.Tensor_63[1024x1024]:float16;ttsim.ttnn.Tensor_64[1024x1024]:float16,ttsim.ttnn.Op_32.out[1024x1024]:float16,,,,False,False,,2097152,1048576,4194304,2097152,{'mac': 1073741824},0,2097152,1048576,1073741824,12137,18205,9103,50.0,MEM,27358.0,0.027358,34198.0,12137,0,0.034198,0.2661817384311719,0.0,0.5323488559105198,0.2661890489070839,0.0,0.0,False,HiFi4
Wormhole,n150,1000.0,MATRIX,INT8,TTNN,Matmul2Tensors_1,sweep_32_to_4096_bf16,1,32,ttsim.ttnn.Op_33,True,True,MatMul,1,"{'compute_kernel_config': WormholeComputeKernelConfig(math_fidelity=<MathFidelity.LoFi: 1>, math_approx_mode=False, dst_full_sync_en=False, fp32_dest_acc_en=False, packer_l1_acc=True), 'memory_config': <MemoryConfig.L1: 2>}","['ttsim.ttnn.Tensor_65', 'ttsim.ttnn.Tensor_66']",['ttsim.ttnn.Op_33.out'],ttsim.ttnn.Tensor_65[1056x1056]:float16;ttsim.ttnn.Tensor_66[1056x1056]:float16,ttsim.ttnn.Op_33.out[1056x1056]:float16,,,,False,False,,2230272,1115136,4460544,2230272,{'mac': 1177583616},0,2230272,1115136,1177583616,13311,19360,9680,50.0,MEM,29090.0,0.02909,36363.0,13311,0,0.036363,0.274547954623582,0.0,0.5324166380199381,0.266208319009969,0.0,0.0,False,LoFi
Wormhole,n150,1000.0,MATRIX,INT8,TTNN,Matmul2Tensors_1,sweep_32_to_4096_bf16,1,32,ttsim.ttnn.Op_33,True,True,MatMul,1,"{'compute_kernel_config': WormholeComputeKernelConfig(math_fidelity=<MathFidelity.HiFi2: 2>, math_approx_mode=False, dst_full_sync_en=False, fp32_dest_acc_en=False, packer_l1_acc=True), 'memory_config': <MemoryConfig.L1: 2>}","['ttsim.ttnn.Tensor_65', 'ttsim.ttnn.Tensor_66']",['ttsim.ttnn.Op_33.out'],ttsim.ttnn.Tensor_65[1056x1056]:float16;ttsim.ttnn.Tensor_66[1056x1056]:float16,ttsim.ttnn.Op_33.out[1056x1056]:float16,,,,False,False,,2230272,1115136,4460544,2230272,{'mac': 1177583616},0,2230272,1115136,1177583616,13311,19360,9680,50.0,MEM,29090.0,0.02909,36363.0,13311,0,0.036363,0.274547954623582,0.0,0.5324166380199381,0.266208319009969,0.0,0.0,False,HiFi2
Wormhole,n150,1000.0,MATRIX,INT8,TTNN,Matmul2Tensors_1,sweep_32_to_4096_bf16,1,32,ttsim.ttnn.Op_33,True,True,MatMul,1,"{'compute_kernel_config': WormholeComputeKernelConfig(math_fidelity=<MathFidelity.HiFi4: 4>, math_approx_mode=False, dst_full_sync_en=False, fp32_dest_acc_en=False, packer_l1_acc=True), 'memory_config': <MemoryConfig.L1: 2>}","['ttsim.ttnn.Tensor_65', 'ttsim.ttnn.Tensor_66']",['ttsim.ttnn.Op_33.out'],ttsim.ttnn.Tensor_65[1056x1056]:float16;ttsim.ttnn.Tensor_66[1056x1056]:float16,ttsim.ttnn.Op_33.out[1056x1056]:float16,,,,False,False,,2230272,1115136,4460544,2230272,{'mac': 1177583616},0,2230272,1115136,1177583616,13311,19360,9680,50.0,MEM,29090.0,0.02909,36363.0,13311,0,0.036363,0.274547954623582,0.0,0.5324166380199381,0.266208319009969,0.0,0.0,False,HiFi4
Wormhole,n150,1000.0,MATRIX,INT8,TTNN,Matmul2Tensors_1,sweep_32_to_4096_bf16,1,33,ttsim.ttnn.Op_34,True,True,MatMul,1,"{'compute_kernel_config': WormholeComputeKernelConfig(math_fidelity=<MathFidelity.LoFi: 1>, math_approx_mode=False, dst_full_sync_en=False, fp32_dest_acc_en=False, packer_l1_acc=True), 'memory_config': <MemoryConfig.L1: 2>}","['ttsim.ttnn.Tensor_67', 'ttsim.ttnn.Tensor_68']",['ttsim.ttnn.Op_34.out'],ttsim.ttnn.Tensor_67[1088x1088]:float16;ttsim.ttnn.Tensor_68[1088x1088]:float16,ttsim.ttnn.Op_34.out[1088x1088]:float16,,,,False,False,,2367488,1183744,4734976,2367488,{'mac': 1287913472},0,2367488,1183744,1287913472,14558,20552,10276,50.0,MEM,30878.0,0.030878,38598.0,14558,0,0.038598,0.2828810156098192,0.0,0.5324697195414211,0.2662348597707105,0.0,0.0,False,LoFi
Wormhole,n150,1000.0,MATRIX,INT8,TTNN,Matmul2Tensors_1,sweep_32_to_4096_bf16,1,33,ttsim.ttnn.Op_34,True,True,MatMul,1,"{'compute_kernel_config': WormholeComputeKernelConfig(math_fidelity=<MathFidelity.HiFi2: 2>, math_approx_mode=False, dst_full_sync_en=False, fp32_dest_acc_en=False, packer_l1_acc=True), 'memory_config': <MemoryConfig.L1: 2>}","['ttsim.ttnn.Tensor_67', 'ttsim.ttnn.Tensor_68']",['ttsim.ttnn.Op_34.out'],ttsim.ttnn.Tensor_67[1088x1088]:float16;ttsim.ttnn.Tensor_68[1088x1088]:float16,ttsim.ttnn.Op_34.out[1088x1088]:float16,,,,False,False,,2367488,1183744,4734976,2367488,{'mac': 1287913472},0,2367488,1183744,1287913472,14558,20552,10276,50.0,MEM,30878.0,0.030878,38598.0,14558,0,0.038598,0.2828810156098192,0.0,0.5324697195414211,0.2662348597707105,0.0,0.0,False,HiFi2
Wormhole,n150,1000.0,MATRIX,INT8,TTNN,Matmul2Tensors_1,sweep_32_to_4096_bf16,1,33,ttsim.ttnn.Op_34,True,True,MatMul,1,"{'compute_kernel_config': WormholeComputeKernelConfig(math_fidelity=<MathFidelity.HiFi4: 4>, math_approx_mode=False, dst_full_sync_en=False, fp32_dest_acc_en=False, packer_l1_acc=True), 'memory_config': <MemoryConfig.L1: 2>}","['ttsim.ttnn.Tensor_67', 'ttsim.ttnn.Tensor_68']",['ttsim.ttnn.Op_34.out'],ttsim.ttnn.Tensor_67[1088x1088]:float16;ttsim.ttnn.Tensor_68[1088x1088]:float16,ttsim.ttnn.Op_34.out[1088x1088]:float16,,,,False,False,,2367488,1183744,4734976,2367488,{'mac': 1287913472},0,2367488,1183744,1287913472,14558,20552,10276,50.0,MEM,30878.0,0.030878,38598.0,14558,0,0.038598,0.2828810156098192,0.0,0.5324697195414211,0.2662348597707105,0.0,0.0,False,HiFi4
Wormhole,n150,1000.0,MATRIX,INT8,TTNN,Matmul2Tensors_1,sweep_32_to_4096_bf16,1,34,ttsim.ttnn.Op_35,True,True,MatMul,1,"{'compute_kernel_config': WormholeComputeKernelConfig(math_fidelity=<MathFidelity.LoFi: 1>, math_approx_mode=False, dst_full_sync_en=False, fp32_dest_acc_en=False, packer_l1_acc=True), 'memory_config': <MemoryConfig.L1: 2>}","['ttsim.ttnn.Tensor_69', 'ttsim.ttnn.Tensor_70']",['ttsim.ttnn.Op_35.out'],ttsim.ttnn.Tensor_69[1120x1120]:float16;ttsim.ttnn.Tensor_70[1120x1120]:float16,ttsim.ttnn.Op_35.out[1120x1120]:float16,,,,False,False,,2508800,1254400,5017600,2508800,{'mac': 1404928000},0,2508800,1254400,1404928000,15880,21778,10889,50.0,MEM,32717.0,0.0327169999999999,40897.0,15880,0,0.0408969999999999,0.2912247455451294,0.0,0.5325182626768958,0.2662591313384479,0.0,0.0,False,LoFi
Wormhole,n150,1000.0,MATRIX,INT8,TTNN,Matmul2Tensors_1,sweep_32_to_4096_bf16,1,34,ttsim.ttnn.Op_35,True,True,MatMul,1,"{'compute_kernel_config': WormholeComputeKernelConfig(math_fidelity=<MathFidelity.HiFi2: 2>, math_approx_mode=False, dst_full_sync_en=False, fp32_dest_acc_en=False, packer_l1_acc=True), 'memory_config': <MemoryConfig.L1: 2>}","['ttsim.ttnn.Tensor_69', 'ttsim.ttnn.Tensor_70']",['ttsim.ttnn.Op_35.out'],ttsim.ttnn.Tensor_69[1120x1120]:float16;ttsim.ttnn.Tensor_70[1120x1120]:float16,ttsim.ttnn.Op_35.out[1120x1120]:float16,,,,False,False,,2508800,1254400,5017600,2508800,{'mac': 1404928000},0,2508800,1254400,1404928000,15880,21778,10889,50.0,MEM,32717.0,0.0327169999999999,40897.0,15880,0,0.0408969999999999,0.2912247455451294,0.0,0.5325182626768958,0.2662591313384479,0.0,0.0,False,HiFi2
Wormhole,n150,1000.0,MATRIX,INT8,TTNN,Matmul2Tensors_1,sweep_32_to_4096_bf16,1,34,ttsim.ttnn.Op_35,True,True,MatMul,1,"{'compute_kernel_config': WormholeComputeKernelConfig(math_fidelity=<MathFidelity.HiFi4: 4>, math_approx_mode=False, dst_full_sync_en=False, fp32_dest_acc_en=False, packer_l1_acc=True), 'memory_config': <MemoryConfig.L1: 2>}","['ttsim.ttnn.Tensor_69', 'ttsim.ttnn.Tensor_70']",['ttsim.ttnn.Op_35.out'],ttsim.ttnn.Tensor_69[1120x1120]:float16;ttsim.ttnn.Tensor_70[1120x1120]:float16,ttsim.ttnn.Op_35.out[1120x1120]:float16,,,,False,False,,2508800,1254400,5017600,2508800,{'mac': 1404928000},0,2508800,1254400,1404928000,15880,21778,10889,50.0,MEM,32717.0,0.0327169999999999,40897.0,15880,0,0.0408969999999999,0.2912247455451294,0.0,0.5325182626768958,0.2662591313384479,0.0,0.0,False,HiFi4
Wormhole,n150,1000.0,MATRIX,INT8,TTNN,Matmul2Tensors_1,sweep_32_to_4096_bf16,1,35,ttsim.ttnn.Op_36,True,True,MatMul,1,"{'compute_kernel_config': WormholeComputeKernelConfig(math_fidelity=<MathFidelity.LoFi: 1>, math_approx_mode=False, dst_full_sync_en=False, fp32_dest_acc_en=False, packer_l1_acc=True), 'memory_config': <MemoryConfig.L1: 2>}","['ttsim.ttnn.Tensor_71', 'ttsim.ttnn.Tensor_72']",['ttsim.ttnn.Op_36.out'],ttsim.ttnn.Tensor_71[1152x1152]:float16;ttsim.ttnn.Tensor_72[1152x1152]:float16,ttsim.ttnn.Op_36.out[1152x1152]:float16,,,,False,False,,2654208,1327104,5308416,2654208,{'mac': 1528823808},0,2654208,1327104,1528823808,17280,23040,11520,50.0,MEM,34610.0,0.03461,43263.0,17280,0,0.0432629999999999,0.299566599248772,0.0,0.5325628431089281,0.266281421554464,0.0,0.0,False,LoFi
Wormhole,n150,1000.0,MATRIX,INT8,TTNN,Matmul2Tensors_1,sweep_32_to_4096_bf16,1,35,ttsim.ttnn.Op_36,True,True,MatMul,1,"{'compute_kernel_config': WormholeComputeKernelConfig(math_fidelity=<MathFidelity.HiFi2: 2>, math_approx_mode=False, dst_full_sync_en=False, fp32_dest_acc_en=False, packer_l1_acc=True), 'memory_config': <MemoryConfig.L1: 2>}","['ttsim.ttnn.Tensor_71', 'ttsim.ttnn.Tensor_72']",['ttsim.ttnn.Op_36.out'],ttsim.ttnn.Tensor_71[1152x1152]:float16;ttsim.ttnn.Tensor_72[1152x1152]:float16,ttsim.ttnn.Op_36.out[1152x1152]:float16,,,,False,False,,2654208,1327104,5308416,2654208,{'mac': 1528823808},0,2654208,1327104,1528823808,17280,23040,11520,50.0,MEM,34610.0,0.03461,43263.0,17280,0,0.0432629999999999,0.299566599248772,0.0,0.5325628431089281,0.266281421554464,0.0,0.0,False,HiFi2
Wormhole,n150,1000.0,MATRIX,INT8,TTNN,Matmul2Tensors_1,sweep_32_to_4096_bf16,1,35,ttsim.ttnn.Op_36,True,True,MatMul,1,"{'compute_kernel_config': WormholeComputeKernelConfig(math_fidelity=<MathFidelity.HiFi4: 4>, math_approx_mode=False, dst_full_sync_en=False, fp32_dest_acc_en=False, packer_l1_acc=True), 'memory_config': <MemoryConfig.L1: 2>}","['ttsim.ttnn.Tensor_71', 'ttsim.ttnn.Tensor_72']",['ttsim.ttnn.Op_36.out'],ttsim.ttnn.Tensor_71[1152x1152]:float16;ttsim.ttnn.Tensor_72[1152x1152]:float16,ttsim.ttnn.Op_36.out[1152x1152]:float16,,,,False,False,,2654208,1327104,5308416,2654208,{'mac': 1528823808},0,2654208,1327104,1528823808,17280,23040,11520,50.0,MEM,34610.0,0.03461,43263.0,17280,0,0.0432629999999999,0.299566599248772,0.0,0.5325628431089281,0.266281421554464,0.0,0.0,False,HiFi4
Wormhole,n150,1000.0,MATRIX,INT8,TTNN,Matmul2Tensors_1,sweep_32_to_4096_bf16,1,36,ttsim.ttnn.Op_37,True,True,MatMul,1,"{'compute_kernel_config': WormholeComputeKernelConfig(math_fidelity=<MathFidelity.LoFi: 1>, math_approx_mode=False, dst_full_sync_en=False, fp32_dest_acc_en=False, packer_l1_acc=True), 'memory_config': <MemoryConfig.L1: 2>}","['ttsim.ttnn.Tensor_73', 'ttsim.ttnn.Tensor_74']",['ttsim.ttnn.Op_37.out'],ttsim.ttnn.Tensor_73[1184x1184]:float16;ttsim.ttnn.Tensor_74[1184x1184]:float16,ttsim.ttnn.Op_37.out[1184x1184]:float16,,,,False,False,,2803712,1401856,5607424,2803712,{'mac': 1659797504},0,2803712,1401856,1659797504,18761,24338,12169,50.0,MEM,36557.0,0.036557,45697.0,18761,0,0.045697,0.3079191399731925,0.0,0.5326038788740871,0.2663019394370435,0.0,0.0,False,LoFi
Wormhole,n150,1000.0,MATRIX,INT8,TTNN,Matmul2Tensors_1,sweep_32_to_4096_bf16,1,36,ttsim.ttnn.Op_37,True,True,MatMul,1,"{'compute_kernel_config': WormholeComputeKernelConfig(math_fidelity=<MathFidelity.HiFi2: 2>, math_approx_mode=False, dst_full_sync_en=False, fp32_dest_acc_en=False, packer_l1_acc=True), 'memory_config': <MemoryConfig.L1: 2>}","['ttsim.ttnn.Tensor_73', 'ttsim.ttnn.Tensor_74']",['ttsim.ttnn.Op_37.out'],ttsim.ttnn.Tensor_73[1184x1184]:float16;ttsim.ttnn.Tensor_74[1184x1184]:float16,ttsim.ttnn.Op_37.out[1184x1184]:float16,,,,False,False,,2803712,1401856,5607424,2803712,{'mac': 1659797504},0,2803712,1401856,1659797504,18761,24338,12169,50.0,MEM,36557.0,0.036557,45697.0,18761,0,0.045697,0.3079191399731925,0.0,0.5326038788740871,0.2663019394370435,0.0,0.0,False,HiFi2
Wormhole,n150,1000.0,MATRIX,INT8,TTNN,Matmul2Tensors_1,sweep_32_to_4096_bf16,1,36,ttsim.ttnn.Op_37,True,True,MatMul,1,"{'compute_kernel_config': WormholeComputeKernelConfig(math_fidelity=<MathFidelity.HiFi4: 4>, math_approx_mode=False, dst_full_sync_en=False, fp32_dest_acc_en=False, packer_l1_acc=True), 'memory_config': <MemoryConfig.L1: 2>}","['ttsim.ttnn.Tensor_73', 'ttsim.ttnn.Tensor_74']",['ttsim.ttnn.Op_37.out'],ttsim.ttnn.Tensor_73[1184x1184]:float16;ttsim.ttnn.Tensor_74[1184x1184]:float16,ttsim.ttnn.Op_37.out[1184x1184]:float16,,,,False,False,,2803712,1401856,5607424,2803712,{'mac': 1659797504},0,2803712,1401856,1659797504,18761,24338,12169,50.0,MEM,36557.0,0.036557,45697.0,18761,0,0.045697,0.3079191399731925,0.0,0.5326038788740871,0.2663019394370435,0.0,0.0,False,HiFi4
Wormhole,n150,1000.0,MATRIX,INT8,TTNN,Matmul2Tensors_1,sweep_32_to_4096_bf16,1,37,ttsim.ttnn.Op_38,True,True,MatMul,1,"{'compute_kernel_config': WormholeComputeKernelConfig(math_fidelity=<MathFidelity.LoFi: 1>, math_approx_mode=False, dst_full_sync_en=False, fp32_dest_acc_en=False, packer_l1_acc=True), 'memory_config': <MemoryConfig.L1: 2>}","['ttsim.ttnn.Tensor_75', 'ttsim.ttnn.Tensor_76']",['ttsim.ttnn.Op_38.out'],ttsim.ttnn.Tensor_75[1216x1216]:float16;ttsim.ttnn.Tensor_76[1216x1216]:float16,ttsim.ttnn.Op_38.out[1216x1216]:float16,,,,False,False,,2957312,1478656,5914624,2957312,{'mac': 1798045696},0,2957312,1478656,1798045696,20323,25672,12836,50.0,MEM,38558.0,0.038558,48198.0,20323,0,0.048198,0.3162456558950152,0.0,0.5326417345297993,0.2663208672648997,0.0,0.0,False,LoFi
Wormhole,n150,1000.0,MATRIX,INT8,TTNN,Matmul2Tensors_1,sweep_32_to_4096_bf16,1,37,ttsim.ttnn.Op_38,True,True,MatMul,1,"{'compute_kernel_config': WormholeComputeKernelConfig(math_fidelity=<MathFidelity.HiFi2: 2>, math_approx_mode=False, dst_full_sync_en=False, fp32_dest_acc_en=False, packer_l1_acc=True), 'memory_config': <MemoryConfig.L1: 2>}","['ttsim.ttnn.Tensor_75', 'ttsim.ttnn.Tensor_76']",['ttsim.ttnn.Op_38.out'],ttsim.ttnn.Tensor_75[1216x1216]:float16;ttsim.ttnn.Tensor_76[1216x1216]:float16,ttsim.ttnn.Op_38.out[1216x1216]:float16,,,,False,False,,2957312,1478656,5914624,2957312,{'mac': 1798045696},0,2957312,1478656,1798045696,20323,25672,12836,50.0,MEM,38558.0,0.038558,48198.0,20323,0,0.048198,0.3162456558950152,0.0,0.5326417345297993,0.2663208672648997,0.0,0.0,False,HiFi2
Wormhole,n150,1000.0,MATRIX,INT8,TTNN,Matmul2Tensors_1,sweep_32_to_4096_bf16,1,37,ttsim.ttnn.Op_38,True,True,MatMul,1,"{'compute_kernel_config': WormholeComputeKernelConfig(math_fidelity=<MathFidelity.HiFi4: 4>, math_approx_mode=False, dst_full_sync_en=False, fp32_dest_acc_en=False, packer_l1_acc=True), 'memory_config': <MemoryConfig.L1: 2>}","['ttsim.ttnn.Tensor_75', 'ttsim.ttnn.Tensor_76']",['ttsim.ttnn.Op_38.out'],ttsim.ttnn.Tensor_75[1216x1216]:float16;ttsim.ttnn.Tensor_76[1216x1216]:float16,ttsim.ttnn.Op_38.out[1216x1216]:float16,,,,False,False,,2957312,1478656,5914624,2957312,{'mac': 1798045696},0,2957312,1478656,1798045696,20323,25672,12836,50.0,MEM,38558.0,0.038558,48198.0,20323,0,0.048198,0.3162456558950152,0.0,0.5326417345297993,0.2663208672648997,0.0,0.0,False,HiFi4
Wormhole,n150,1000.0,MATRIX,INT8,TTNN,Matmul2Tensors_1,sweep_32_to_4096_bf16,1,38,ttsim.ttnn.Op_39,True,True,MatMul,1,"{'compute_kernel_config': WormholeComputeKernelConfig(math_fidelity=<MathFidelity.LoFi: 1>, math_approx_mode=False, dst_full_sync_en=False, fp32_dest_acc_en=False, packer_l1_acc=True), 'memory_config': <MemoryConfig.L1: 2>}","['ttsim.ttnn.Tensor_77', 'ttsim.ttnn.Tensor_78']",['ttsim.ttnn.Op_39.out'],ttsim.ttnn.Tensor_77[1248x1248]:float16;ttsim.ttnn.Tensor_78[1248x1248]:float16,ttsim.ttnn.Op_39.out[1248x1248]:float16,,,,False,False,,3115008,1557504,6230016,3115008,{'mac': 1943764992},0,3115008,1557504,1943764992,21971,27040,13520,50.0,MEM,40610.0,0.04061,50763.0,21971,0,0.0507629999999999,0.3246146269391775,0.0,0.5326766806205369,0.2663383403102684,0.0,0.0,False,LoFi
Wormhole,n150,1000.0,MATRIX,INT8,TTNN,Matmul2Tensors_1,sweep_32_to_4096_bf16,1,38,ttsim.ttnn.Op_39,True,True,MatMul,1,"{'compute_kernel_config': WormholeComputeKernelConfig(math_fidelity=<MathFidelity.HiFi2: 2>, math_approx_mode=False, dst_full_sync_en=False, fp32_dest_acc_en=False, packer_l1_acc=True), 'memory_config': <MemoryConfig.L1: 2>}","['ttsim.ttnn.Tensor_77', 'ttsim.ttnn.Tensor_78']",['ttsim.ttnn.Op_39.out'],ttsim.ttnn.Tensor_77[1248x1248]:float16;ttsim.ttnn.Tensor_78[1248x1248]:float16,ttsim.ttnn.Op_39.out[1248x1248]:float16,,,,False,False,,3115008,1557504,6230016,3115008,{'mac': 1943764992},0,3115008,1557504,1943764992,21971,27040,13520,50.0,MEM,40610.0,0.04061,50763.0,21971,0,0.0507629999999999,0.3246146269391775,0.0,0.5326766806205369,0.2663383403102684,0.0,0.0,False,HiFi2
Wormhole,n150,1000.0,MATRIX,INT8,TTNN,Matmul2Tensors_1,sweep_32_to_4096_bf16,1,38,ttsim.ttnn.Op_39,True,True,MatMul,1,"{'compute_kernel_config': WormholeComputeKernelConfig(math_fidelity=<MathFidelity.HiFi4: 4>, math_approx_mode=False, dst_full_sync_en=False, fp32_dest_acc_en=False, packer_l1_acc=True), 'memory_config': <MemoryConfig.L1: 2>}","['ttsim.ttnn.Tensor_77', 'ttsim.ttnn.Tensor_78']",['ttsim.ttnn.Op_39.out'],ttsim.ttnn.Tensor_77[1248x1248]:float16;ttsim.ttnn.Tensor_78[1248x1248]:float16,ttsim.ttnn.Op_39.out[1248x1248]:float16,,,,False,False,,3115008,1557504,6230016,3115008,{'mac': 1943764992},0,3115008,1557504,1943764992,21971,27040,13520,50.0,MEM,40610.0,0.04061,50763.0,21971,0,0.0507629999999999,0.3246146269391775,0.0,0.5326766806205369,0.2663383403102684,0.0,0.0,False,HiFi4
Wormhole,n150,1000.0,MATRIX,INT8,TTNN,Matmul2Tensors_1,sweep_32_to_4096_bf16,1,39,ttsim.ttnn.Op_40,True,True,MatMul,1,"{'compute_kernel_config': WormholeComputeKernelConfig(math_fidelity=<MathFidelity.LoFi: 1>, math_approx_mode=False, dst_full_sync_en=False, fp32_dest_acc_en=False, packer_l1_acc=True), 'memory_config': <MemoryConfig.L1: 2>}","['ttsim.ttnn.Tensor_79', 'ttsim.ttnn.Tensor_80']",['ttsim.ttnn.Op_40.out'],ttsim.ttnn.Tensor_79[1280x1280]:float16;ttsim.ttnn.Tensor_80[1280x1280]:float16,ttsim.ttnn.Op_40.out[1280x1280]:float16,,,,False,False,,3276800,1638400,6553600,3276800,{'mac': 2097152000},0,3276800,1638400,2097152000,23704,28445,14223,50.0,MEM,42718.0,0.042718,53398.0,23704,0,0.053398,0.3329369352497776,0.0,0.532702841893347,0.2663607846809308,0.0,0.0,False,LoFi
Wormhole,n150,1000.0,MATRIX,INT8,TTNN,Matmul2Tensors_1,sweep_32_to_4096_bf16,1,39,ttsim.ttnn.Op_40,True,True,MatMul,1,"{'compute_kernel_config': WormholeComputeKernelConfig(math_fidelity=<MathFidelity.HiFi2: 2>, math_approx_mode=False, dst_full_sync_en=False, fp32_dest_acc_en=False, packer_l1_acc=True), 'memory_config': <MemoryConfig.L1: 2>}","['ttsim.ttnn.Tensor_79', 'ttsim.ttnn.Tensor_80']",['ttsim.ttnn.Op_40.out'],ttsim.ttnn.Tensor_79[1280x1280]:float16;ttsim.ttnn.Tensor_80[1280x1280]:float16,ttsim.ttnn.Op_40.out[1280x1280]:float16,,,,False,False,,3276800,1638400,6553600,3276800,{'mac': 2097152000},0,3276800,1638400,2097152000,23704,28445,14223,50.0,MEM,42718.0,0.042718,53398.0,23704,0,0.053398,0.3329369352497776,0.0,0.532702841893347,0.2663607846809308,0.0,0.0,False,HiFi2
Wormhole,n150,1000.0,MATRIX,INT8,TTNN,Matmul2Tensors_1,sweep_32_to_4096_bf16,1,39,ttsim.ttnn.Op_40,True,True,MatMul,1,"{'compute_kernel_config': WormholeComputeKernelConfig(math_fidelity=<MathFidelity.HiFi4: 4>, math_approx_mode=False, dst_full_sync_en=False, fp32_dest_acc_en=False, packer_l1_acc=True), 'memory_config': <MemoryConfig.L1: 2>}","['ttsim.ttnn.Tensor_79', 'ttsim.ttnn.Tensor_80']",['ttsim.ttnn.Op_40.out'],ttsim.ttnn.Tensor_79[1280x1280]:float16;ttsim.ttnn.Tensor_80[1280x1280]:float16,ttsim.ttnn.Op_40.out[1280x1280]:float16,,,,False,False,,3276800,1638400,6553600,3276800,{'mac': 2097152000},0,3276800,1638400,2097152000,23704,28445,14223,50.0,MEM,42718.0,0.042718,53398.0,23704,0,0.053398,0.3329369352497776,0.0,0.532702841893347,0.2663607846809308,0.0,0.0,False,HiFi4
Wormhole,n150,1000.0,MATRIX,INT8,TTNN,Matmul2Tensors_1,sweep_32_to_4096_bf16,1,40,ttsim.ttnn.Op_41,True,True,MatMul,1,"{'compute_kernel_config': WormholeComputeKernelConfig(math_fidelity=<MathFidelity.LoFi: 1>, math_approx_mode=False, dst_full_sync_en=False, fp32_dest_acc_en=False, packer_l1_acc=True), 'memory_config': <MemoryConfig.L1: 2>}","['ttsim.ttnn.Tensor_81', 'ttsim.ttnn.Tensor_82']",['ttsim.ttnn.Op_41.out'],ttsim.ttnn.Tensor_81[1312x1312]:float16;ttsim.ttnn.Tensor_82[1312x1312]:float16,ttsim.ttnn.Op_41.out[1312x1312]:float16,,,,False,False,,3442688,1721344,6885376,3442688,{'mac': 2258403328},0,3442688,1721344,2258403328,25527,29885,14943,50.0,MEM,44878.0,0.044878,56098.0,25527,0,0.056098,0.3412852622665894,0.0,0.532733187753465,0.2663755069298988,0.0,0.0,False,LoFi
Wormhole,n150,1000.0,MATRIX,INT8,TTNN,Matmul2Tensors_1,sweep_32_to_4096_bf16,1,40,ttsim.ttnn.Op_41,True,True,MatMul,1,"{'compute_kernel_config': WormholeComputeKernelConfig(math_fidelity=<MathFidelity.HiFi2: 2>, math_approx_mode=False, dst_full_sync_en=False, fp32_dest_acc_en=False, packer_l1_acc=True), 'memory_config': <MemoryConfig.L1: 2>}","['ttsim.ttnn.Tensor_81', 'ttsim.ttnn.Tensor_82']",['ttsim.ttnn.Op_41.out'],ttsim.ttnn.Tensor_81[1312x1312]:float16;ttsim.ttnn.Tensor_82[1312x1312]:float16,ttsim.ttnn.Op_41.out[1312x1312]:float16,,,,False,False,,3442688,1721344,6885376,3442688,{'mac': 2258403328},0,3442688,1721344,2258403328,25527,29885,14943,50.0,MEM,44878.0,0.044878,56098.0,25527,0,0.056098,0.3412852622665894,0.0,0.532733187753465,0.2663755069298988,0.0,0.0,False,HiFi2
Wormhole,n150,1000.0,MATRIX,INT8,TTNN,Matmul2Tensors_1,sweep_32_to_4096_bf16,1,40,ttsim.ttnn.Op_41,True,True,MatMul,1,"{'compute_kernel_config': WormholeComputeKernelConfig(math_fidelity=<MathFidelity.HiFi4: 4>, math_approx_mode=False, dst_full_sync_en=False, fp32_dest_acc_en=False, packer_l1_acc=True), 'memory_config': <MemoryConfig.L1: 2>}","['ttsim.ttnn.Tensor_81', 'ttsim.ttnn.Tensor_82']",['ttsim.ttnn.Op_41.out'],ttsim.ttnn.Tensor_81[1312x1312]:float16;ttsim.ttnn.Tensor_82[1312x1312]:float16,ttsim.ttnn.Op_41.out[1312x1312]:float16,,,,False,False,,3442688,1721344,6885376,3442688,{'mac': 2258403328},0,3442688,1721344,2258403328,25527,29885,14943,50.0,MEM,44878.0,0.044878,56098.0,25527,0,0.056098,0.3412852622665894,0.0,0.532733187753465,0.2663755069298988,0.0,0.0,False,HiFi4
Wormhole,n150,1000.0,MATRIX,INT8,TTNN,Matmul2Tensors_1,sweep_32_to_4096_bf16,1,41,ttsim.ttnn.Op_42,True,True,MatMul,1,"{'compute_kernel_config': WormholeComputeKernelConfig(math_fidelity=<MathFidelity.LoFi: 1>, math_approx_mode=False, dst_full_sync_en=False, fp32_dest_acc_en=False, packer_l1_acc=True), 'memory_config': <MemoryConfig.L1: 2>}","['ttsim.ttnn.Tensor_83', 'ttsim.ttnn.Tensor_84']",['ttsim.ttnn.Op_42.out'],ttsim.ttnn.Tensor_83[1344x1344]:float16;ttsim.ttnn.Tensor_84[1344x1344]:float16,ttsim.ttnn.Op_42.out[1344x1344]:float16,,,,False,False,,3612672,1806336,7225344,3612672,{'mac': 2427715584},0,3612672,1806336,2427715584,27441,31360,15680,50.0,MEM,47090.0,0.04709,58863.0,27441,0,0.058863,0.3496411127627946,0.0,0.5327670418347845,0.2663835209173922,0.0,0.0,False,LoFi
Wormhole,n150,1000.0,MATRIX,INT8,TTNN,Matmul2Tensors_1,sweep_32_to_4096_bf16,1,41,ttsim.ttnn.Op_42,True,True,MatMul,1,"{'compute_kernel_config': WormholeComputeKernelConfig(math_fidelity=<MathFidelity.HiFi2: 2>, math_approx_mode=False, dst_full_sync_en=False, fp32_dest_acc_en=False, packer_l1_acc=True), 'memory_config': <MemoryConfig.L1: 2>}","['ttsim.ttnn.Tensor_83', 'ttsim.ttnn.Tensor_84']",['ttsim.ttnn.Op_42.out'],ttsim.ttnn.Tensor_83[1344x1344]:float16;ttsim.ttnn.Tensor_84[1344x1344]:float16,ttsim.ttnn.Op_42.out[1344x1344]:float16,,,,False,False,,3612672,1806336,7225344,3612672,{'mac': 2427715584},0,3612672,1806336,2427715584,27441,31360,15680,50.0,MEM,47090.0,0.04709,58863.0,27441,0,0.058863,0.3496411127627946,0.0,0.5327670418347845,0.2663835209173922,0.0,0.0,False,HiFi2
Wormhole,n150,1000.0,MATRIX,INT8,TTNN,Matmul2Tensors_1,sweep_32_to_4096_bf16,1,41,ttsim.ttnn.Op_42,True,True,MatMul,1,"{'compute_kernel_config': WormholeComputeKernelConfig(math_fidelity=<MathFidelity.HiFi4: 4>, math_approx_mode=False, dst_full_sync_en=False, fp32_dest_acc_en=False, packer_l1_acc=True), 'memory_config': <MemoryConfig.L1: 2>}","['ttsim.ttnn.Tensor_83', 'ttsim.ttnn.Tensor_84']",['ttsim.ttnn.Op_42.out'],ttsim.ttnn.Tensor_83[1344x1344]:float16;ttsim.ttnn.Tensor_84[1344x1344]:float16,ttsim.ttnn.Op_42.out[1344x1344]:float16,,,,False,False,,3612672,1806336,7225344,3612672,{'mac': 2427715584},0,3612672,1806336,2427715584,27441,31360,15680,50.0,MEM,47090.0,0.04709,58863.0,27441,0,0.058863,0.3496411127627946,0.0,0.5327670418347845,0.2663835209173922,0.0,0.0,False,HiFi4
Wormhole,n150,1000.0,MATRIX,INT8,TTNN,Matmul2Tensors_1,sweep_32_to_4096_bf16,1,42,ttsim.ttnn.Op_43,True,True,MatMul,1,"{'compute_kernel_config': WormholeComputeKernelConfig(math_fidelity=<MathFidelity.LoFi: 1>, math_approx_mode=False, dst_full_sync_en=False, fp32_dest_acc_en=False, packer_l1_acc=True), 'memory_config': <MemoryConfig.L1: 2>}","['ttsim.ttnn.Tensor_85', 'ttsim.ttnn.Tensor_86']",['ttsim.ttnn.Op_43.out'],ttsim.ttnn.Tensor_85[1376x1376]:float16;ttsim.ttnn.Tensor_86[1376x1376]:float16,ttsim.ttnn.Op_43.out[1376x1376]:float16,,,,False,False,,3786752,1893376,7573504,3786752,{'mac': 2605285376},0,3786752,1893376,2605285376,29448,32872,16436,50.0,MEM,49358.0,0.049358,61698.0,29448,0,0.061698,0.3579723651687669,0.0,0.5327930629279954,0.2663965314639977,0.0,0.0,False,LoFi
Wormhole,n150,1000.0,MATRIX,INT8,TTNN,Matmul2Tensors_1,sweep_32_to_4096_bf16,1,42,ttsim.ttnn.Op_43,True,True,MatMul,1,"{'compute_kernel_config': WormholeComputeKernelConfig(math_fidelity=<MathFidelity.HiFi2: 2>, math_approx_mode=False, dst_full_sync_en=False, fp32_dest_acc_en=False, packer_l1_acc=True), 'memory_config': <MemoryConfig.L1: 2>}","['ttsim.ttnn.Tensor_85', 'ttsim.ttnn.Tensor_86']",['ttsim.ttnn.Op_43.out'],ttsim.ttnn.Tensor_85[1376x1376]:float16;ttsim.ttnn.Tensor_86[1376x1376]:float16,ttsim.ttnn.Op_43.out[1376x1376]:float16,,,,False,False,,3786752,1893376,7573504,3786752,{'mac': 2605285376},0,3786752,1893376,2605285376,29448,32872,16436,50.0,MEM,49358.0,0.049358,61698.0,29448,0,0.061698,0.3579723651687669,0.0,0.5327930629279954,0.2663965314639977,0.0,0.0,False,HiFi2
Wormhole,n150,1000.0,MATRIX,INT8,TTNN,Matmul2Tensors_1,sweep_32_to_4096_bf16,1,42,ttsim.ttnn.Op_43,True,True,MatMul,1,"{'compute_kernel_config': WormholeComputeKernelConfig(math_fidelity=<MathFidelity.HiFi4: 4>, math_approx_mode=False, dst_full_sync_en=False, fp32_dest_acc_en=False, packer_l1_acc=True), 'memory_config': <MemoryConfig.L1: 2>}","['ttsim.ttnn.Tensor_85', 'ttsim.ttnn.Tensor_86']",['ttsim.ttnn.Op_43.out'],ttsim.ttnn.Tensor_85[1376x1376]:float16;ttsim.ttnn.Tensor_86[1376x1376]:float16,ttsim.ttnn.Op_43.out[1376x1376]:float16,,,,False,False,,3786752,1893376,7573504,3786752,{'mac': 2605285376},0,3786752,1893376,2605285376,29448,32872,16436,50.0,MEM,49358.0,0.049358,61698.0,29448,0,0.061698,0.3579723651687669,0.0,0.5327930629279954,0.2663965314639977,0.0,0.0,False,HiFi4
Wormhole,n150,1000.0,MATRIX,INT8,TTNN,Matmul2Tensors_1,sweep_32_to_4096_bf16,1,43,ttsim.ttnn.Op_44,True,True,MatMul,1,"{'compute_kernel_config': WormholeComputeKernelConfig(math_fidelity=<MathFidelity.LoFi: 1>, math_approx_mode=False, dst_full_sync_en=False, fp32_dest_acc_en=False, packer_l1_acc=True), 'memory_config': <MemoryConfig.L1: 2>}","['ttsim.ttnn.Tensor_87', 'ttsim.ttnn.Tensor_88']",['ttsim.ttnn.Op_44.out'],ttsim.ttnn.Tensor_87[1408x1408]:float16;ttsim.ttnn.Tensor_88[1408x1408]:float16,ttsim.ttnn.Op_44.out[1408x1408]:float16,,,,False,False,,3964928,1982464,7929856,3964928,{'mac': 2791309312},0,3964928,1982464,2791309312,31550,34418,17209,50.0,MEM,51677.0,0.051677,64597.0,31550,0,0.0645969999999999,0.366313834007392,0.0,0.5328173075062407,0.2664086537531203,0.0,0.0,False,LoFi
Wormhole,n150,1000.0,MATRIX,INT8,TTNN,Matmul2Tensors_1,sweep_32_to_4096_bf16,1,43,ttsim.ttnn.Op_44,True,True,MatMul,1,"{'compute_kernel_config': WormholeComputeKernelConfig(math_fidelity=<MathFidelity.HiFi2: 2>, math_approx_mode=False, dst_full_sync_en=False, fp32_dest_acc_en=False, packer_l1_acc=True), 'memory_config': <MemoryConfig.L1: 2>}","['ttsim.ttnn.Tensor_87', 'ttsim.ttnn.Tensor_88']",['ttsim.ttnn.Op_44.out'],ttsim.ttnn.Tensor_87[1408x1408]:float16;ttsim.ttnn.Tensor_88[1408x1408]:float16,ttsim.ttnn.Op_44.out[1408x1408]:float16,,,,False,False,,3964928,1982464,7929856,3964928,{'mac': 2791309312},0,3964928,1982464,2791309312,31550,34418,17209,50.0,MEM,51677.0,0.051677,64597.0,31550,0,0.0645969999999999,0.366313834007392,0.0,0.5328173075062407,0.2664086537531203,0.0,0.0,False,HiFi2
Wormhole,n150,1000.0,MATRIX,INT8,TTNN,Matmul2Tensors_1,sweep_32_to_4096_bf16,1,43,ttsim.ttnn.Op_44,True,True,MatMul,1,"{'compute_kernel_config': WormholeComputeKernelConfig(math_fidelity=<MathFidelity.HiFi4: 4>, math_approx_mode=False, dst_full_sync_en=False, fp32_dest_acc_en=False, packer_l1_acc=True), 'memory_config': <MemoryConfig.L1: 2>}","['ttsim.ttnn.Tensor_87', 'ttsim.ttnn.Tensor_88']",['ttsim.ttnn.Op_44.out'],ttsim.ttnn.Tensor_87[1408x1408]:float16;ttsim.ttnn.Tensor_88[1408x1408]:float16,ttsim.ttnn.Op_44.out[1408x1408]:float16,,,,False,False,,3964928,1982464,7929856,3964928,{'mac': 2791309312},0,3964928,1982464,2791309312,31550,34418,17209,50.0,MEM,51677.0,0.051677,64597.0,31550,0,0.0645969999999999,0.366313834007392,0.0,0.5328173075062407,0.2664086537531203,0.0,0.0,False,HiFi4
Wormhole,n150,1000.0,MATRIX,INT8,TTNN,Matmul2Tensors_1,sweep_32_to_4096_bf16,1,44,ttsim.ttnn.Op_45,True,True,MatMul,1,"{'compute_kernel_config': WormholeComputeKernelConfig(math_fidelity=<MathFidelity.LoFi: 1>, math_approx_mode=False, dst_full_sync_en=False, fp32_dest_acc_en=False, packer_l1_acc=True), 'memory_config': <MemoryConfig.L1: 2>}","['ttsim.ttnn.Tensor_89', 'ttsim.ttnn.Tensor_90']",['ttsim.ttnn.Op_45.out'],ttsim.ttnn.Tensor_89[1440x1440]:float16;ttsim.ttnn.Tensor_90[1440x1440]:float16,ttsim.ttnn.Op_45.out[1440x1440]:float16,,,,False,False,,4147200,2073600,8294400,4147200,{'mac': 2985984000},0,4147200,2073600,2985984000,33750,36000,18000,50.0,MEM,54050.0,0.0540499999999999,67563.0,33750,0,0.067563,0.3746530989824236,0.0,0.5328399629972248,0.2664199814986124,0.0,0.0,False,LoFi
Wormhole,n150,1000.0,MATRIX,INT8,TTNN,Matmul2Tensors_1,sweep_32_to_4096_bf16,1,44,ttsim.ttnn.Op_45,True,True,MatMul,1,"{'compute_kernel_config': WormholeComputeKernelConfig(math_fidelity=<MathFidelity.HiFi2: 2>, math_approx_mode=False, dst_full_sync_en=False, fp32_dest_acc_en=False, packer_l1_acc=True), 'memory_config': <MemoryConfig.L1: 2>}","['ttsim.ttnn.Tensor_89', 'ttsim.ttnn.Tensor_90']",['ttsim.ttnn.Op_45.out'],ttsim.ttnn.Tensor_89[1440x1440]:float16;ttsim.ttnn.Tensor_90[1440x1440]:float16,ttsim.ttnn.Op_45.out[1440x1440]:float16,,,,False,False,,4147200,2073600,8294400,4147200,{'mac': 2985984000},0,4147200,2073600,2985984000,33750,36000,18000,50.0,MEM,54050.0,0.0540499999999999,67563.0,33750,0,0.067563,0.3746530989824236,0.0,0.5328399629972248,0.2664199814986124,0.0,0.0,False,HiFi2
Wormhole,n150,1000.0,MATRIX,INT8,TTNN,Matmul2Tensors_1,sweep_32_to_4096_bf16,1,44,ttsim.ttnn.Op_45,True,True,MatMul,1,"{'compute_kernel_config': WormholeComputeKernelConfig(math_fidelity=<MathFidelity.HiFi4: 4>, math_approx_mode=False, dst_full_sync_en=False, fp32_dest_acc_en=False, packer_l1_acc=True), 'memory_config': <MemoryConfig.L1: 2>}","['ttsim.ttnn.Tensor_89', 'ttsim.ttnn.Tensor_90']",['ttsim.ttnn.Op_45.out'],ttsim.ttnn.Tensor_89[1440x1440]:float16;ttsim.ttnn.Tensor_90[1440x1440]:float16,ttsim.ttnn.Op_45.out[1440x1440]:float16,,,,False,False,,4147200,2073600,8294400,4147200,{'mac': 2985984000},0,4147200,2073600,2985984000,33750,36000,18000,50.0,MEM,54050.0,0.0540499999999999,67563.0,33750,0,0.067563,0.3746530989824236,0.0,0.5328399629972248,0.2664199814986124,0.0,0.0,False,HiFi4
Wormhole,n150,1000.0,MATRIX,INT8,TTNN,Matmul2Tensors_1,sweep_32_to_4096_bf16,1,45,ttsim.ttnn.Op_46,True,True,MatMul,1,"{'compute_kernel_config': WormholeComputeKernelConfig(math_fidelity=<MathFidelity.LoFi: 1>, math_approx_mode=False, dst_full_sync_en=False, fp32_dest_acc_en=False, packer_l1_acc=True), 'memory_config': <MemoryConfig.L1: 2>}","['ttsim.ttnn.Tensor_91', 'ttsim.ttnn.Tensor_92']",['ttsim.ttnn.Op_46.out'],ttsim.ttnn.Tensor_91[1472x1472]:float16;ttsim.ttnn.Tensor_92[1472x1472]:float16,ttsim.ttnn.Op_46.out[1472x1472]:float16,,,,False,False,,4333568,2166784,8667136,4333568,{'mac': 3189506048},0,4333568,2166784,3189506048,36051,37618,18809,50.0,MEM,56477.0,0.056477,70597.0,36051,0,0.070597,0.3829983887246135,0.0,0.5328611647219222,0.2664305823609611,0.0,0.0,False,LoFi
Wormhole,n150,1000.0,MATRIX,INT8,TTNN,Matmul2Tensors_1,sweep_32_to_4096_bf16,1,45,ttsim.ttnn.Op_46,True,True,MatMul,1,"{'compute_kernel_config': WormholeComputeKernelConfig(math_fidelity=<MathFidelity.HiFi2: 2>, math_approx_mode=False, dst_full_sync_en=False, fp32_dest_acc_en=False, packer_l1_acc=True), 'memory_config': <MemoryConfig.L1: 2>}","['ttsim.ttnn.Tensor_91', 'ttsim.ttnn.Tensor_92']",['ttsim.ttnn.Op_46.out'],ttsim.ttnn.Tensor_91[1472x1472]:float16;ttsim.ttnn.Tensor_92[1472x1472]:float16,ttsim.ttnn.Op_46.out[1472x1472]:float16,,,,False,False,,4333568,2166784,8667136,4333568,{'mac': 3189506048},0,4333568,2166784,3189506048,36051,37618,18809,50.0,MEM,56477.0,0.056477,70597.0,36051,0,0.070597,0.3829983887246135,0.0,0.5328611647219222,0.2664305823609611,0.0,0.0,False,HiFi2
Wormhole,n150,1000.0,MATRIX,INT8,TTNN,Matmul2Tensors_1,sweep_32_to_4096_bf16,1,45,ttsim.ttnn.Op_46,True,True,MatMul,1,"{'compute_kernel_config': WormholeComputeKernelConfig(math_fidelity=<MathFidelity.HiFi4: 4>, math_approx_mode=False, dst_full_sync_en=False, fp32_dest_acc_en=False, packer_l1_acc=True), 'memory_config': <MemoryConfig.L1: 2>}","['ttsim.ttnn.Tensor_91', 'ttsim.ttnn.Tensor_92']",['ttsim.ttnn.Op_46.out'],ttsim.ttnn.Tensor_91[1472x1472]:float16;ttsim.ttnn.Tensor_92[1472x1472]:float16,ttsim.ttnn.Op_46.out[1472x1472]:float16,,,,False,False,,4333568,2166784,8667136,4333568,{'mac': 3189506048},0,4333568,2166784,3189506048,36051,37618,18809,50.0,MEM,56477.0,0.056477,70597.0,36051,0,0.070597,0.3829983887246135,0.0,0.5328611647219222,0.2664305823609611,0.0,0.0,False,HiFi4
Wormhole,n150,1000.0,MATRIX,INT8,TTNN,Matmul2Tensors_1,sweep_32_to_4096_bf16,1,46,ttsim.ttnn.Op_47,True,True,MatMul,1,"{'compute_kernel_config': WormholeComputeKernelConfig(math_fidelity=<MathFidelity.LoFi: 1>, math_approx_mode=False, dst_full_sync_en=False, fp32_dest_acc_en=False, packer_l1_acc=True), 'memory_config': <MemoryConfig.L1: 2>}","['ttsim.ttnn.Tensor_93', 'ttsim.ttnn.Tensor_94']",['ttsim.ttnn.Op_47.out'],ttsim.ttnn.Tensor_93[1504x1504]:float16;ttsim.ttnn.Tensor_94[1504x1504]:float16,ttsim.ttnn.Op_47.out[1504x1504]:float16,,,,False,False,,4524032,2262016,9048064,4524032,{'mac': 3402072064},0,4524032,2262016,3402072064,38453,39272,19636,50.0,MEM,58958.0,0.0589579999999999,73698.0,38453,0,0.073698,0.3913260286983955,0.0,0.5328810339563758,0.2664405169781879,0.0,0.0,False,LoFi
Wormhole,n150,1000.0,MATRIX,INT8,TTNN,Matmul2Tensors_1,sweep_32_to_4096_bf16,1,46,ttsim.ttnn.Op_47,True,True,MatMul,1,"{'compute_kernel_config': WormholeComputeKernelConfig(math_fidelity=<MathFidelity.HiFi2: 2>, math_approx_mode=False, dst_full_sync_en=False, fp32_dest_acc_en=False, packer_l1_acc=True), 'memory_config': <MemoryConfig.L1: 2>}","['ttsim.ttnn.Tensor_93', 'ttsim.ttnn.Tensor_94']",['ttsim.ttnn.Op_47.out'],ttsim.ttnn.Tensor_93[1504x1504]:float16;ttsim.ttnn.Tensor_94[1504x1504]:float16,ttsim.ttnn.Op_47.out[1504x1504]:float16,,,,False,False,,4524032,2262016,9048064,4524032,{'mac': 3402072064},0,4524032,2262016,3402072064,38453,39272,19636,50.0,MEM,58958.0,0.0589579999999999,73698.0,38453,0,0.073698,0.3913260286983955,0.0,0.5328810339563758,0.2664405169781879,0.0,0.0,False,HiFi2
Wormhole,n150,1000.0,MATRIX,INT8,TTNN,Matmul2Tensors_1,sweep_32_to_4096_bf16,1,46,ttsim.ttnn.Op_47,True,True,MatMul,1,"{'compute_kernel_config': WormholeComputeKernelConfig(math_fidelity=<MathFidelity.HiFi4: 4>, math_approx_mode=False, dst_full_sync_en=False, fp32_dest_acc_en=False, packer_l1_acc=True), 'memory_config': <MemoryConfig.L1: 2>}","['ttsim.ttnn.Tensor_93', 'ttsim.ttnn.Tensor_94']",['ttsim.ttnn.Op_47.out'],ttsim.ttnn.Tensor_93[1504x1504]:float16;ttsim.ttnn.Tensor_94[1504x1504]:float16,ttsim.ttnn.Op_47.out[1504x1504]:float16,,,,False,False,,4524032,2262016,9048064,4524032,{'mac': 3402072064},0,4524032,2262016,3402072064,38453,39272,19636,50.0,MEM,58958.0,0.0589579999999999,73698.0,38453,0,0.073698,0.3913260286983955,0.0,0.5328810339563758,0.2664405169781879,0.0,0.0,False,HiFi4
Wormhole,n150,1000.0,MATRIX,INT8,TTNN,Matmul2Tensors_1,sweep_32_to_4096_bf16,1,47,ttsim.ttnn.Op_48,True,True,MatMul,1,"{'compute_kernel_config': WormholeComputeKernelConfig(math_fidelity=<MathFidelity.LoFi: 1>, math_approx_mode=False, dst_full_sync_en=False, fp32_dest_acc_en=False, packer_l1_acc=True), 'memory_config': <MemoryConfig.L1: 2>}","['ttsim.ttnn.Tensor_95', 'ttsim.ttnn.Tensor_96']",['ttsim.ttnn.Op_48.out'],ttsim.ttnn.Tensor_95[1536x1536]:float16;ttsim.ttnn.Tensor_96[1536x1536]:float16,ttsim.ttnn.Op_48.out[1536x1536]:float16,,,,False,False,,4718592,2359296,9437184,4718592,{'mac': 3623878656},0,4718592,2359296,3623878656,40961,40960,20480,50.0,MEM,61490.0,0.06149,76863.0,40961,0,0.076863,0.3996845015449666,0.0,0.5328996584810539,0.2664498292405269,0.0,0.0,False,LoFi
Wormhole,n150,1000.0,MATRIX,INT8,TTNN,Matmul2Tensors_1,sweep_32_to_4096_bf16,1,47,ttsim.ttnn.Op_48,True,True,MatMul,1,"{'compute_kernel_config': WormholeComputeKernelConfig(math_fidelity=<MathFidelity.HiFi2: 2>, math_approx_mode=False, dst_full_sync_en=False, fp32_dest_acc_en=False, packer_l1_acc=True), 'memory_config': <MemoryConfig.L1: 2>}","['ttsim.ttnn.Tensor_95', 'ttsim.ttnn.Tensor_96']",['ttsim.ttnn.Op_48.out'],ttsim.ttnn.Tensor_95[1536x1536]:float16;ttsim.ttnn.Tensor_96[1536x1536]:float16,ttsim.ttnn.Op_48.out[1536x1536]:float16,,,,False,False,,4718592,2359296,9437184,4718592,{'mac': 3623878656},0,4718592,2359296,3623878656,40961,40960,20480,50.0,MEM,61490.0,0.06149,76863.0,40961,0,0.076863,0.3996845015449666,0.0,0.5328996584810539,0.2664498292405269,0.0,0.0,False,HiFi2
Wormhole,n150,1000.0,MATRIX,INT8,TTNN,Matmul2Tensors_1,sweep_32_to_4096_bf16,1,47,ttsim.ttnn.Op_48,True,True,MatMul,1,"{'compute_kernel_config': WormholeComputeKernelConfig(math_fidelity=<MathFidelity.HiFi4: 4>, math_approx_mode=False, dst_full_sync_en=False, fp32_dest_acc_en=False, packer_l1_acc=True), 'memory_config': <MemoryConfig.L1: 2>}","['ttsim.ttnn.Tensor_95', 'ttsim.ttnn.Tensor_96']",['ttsim.ttnn.Op_48.out'],ttsim.ttnn.Tensor_95[1536x1536]:float16;ttsim.ttnn.Tensor_96[1536x1536]:float16,ttsim.ttnn.Op_48.out[1536x1536]:float16,,,,False,False,,4718592,2359296,9437184,4718592,{'mac': 3623878656},0,4718592,2359296,3623878656,40961,40960,20480,50.0,MEM,61490.0,0.06149,76863.0,40961,0,0.076863,0.3996845015449666,0.0,0.5328996584810539,0.2664498292405269,0.0,0.0,False,HiFi4
Wormhole,n150,1000.0,MATRIX,INT8,TTNN,Matmul2Tensors_1,sweep_32_to_4096_bf16,1,48,ttsim.ttnn.Op_49,True,True,MatMul,1,"{'compute_kernel_config': WormholeComputeKernelConfig(math_fidelity=<MathFidelity.LoFi: 1>, math_approx_mode=False, dst_full_sync_en=False, fp32_dest_acc_en=False, packer_l1_acc=True), 'memory_config': <MemoryConfig.L1: 2>}","['ttsim.ttnn.Tensor_97', 'ttsim.ttnn.Tensor_98']",['ttsim.ttnn.Op_49.out'],ttsim.ttnn.Tensor_97[1568x1568]:float16;ttsim.ttnn.Tensor_98[1568x1568]:float16,ttsim.ttnn.Op_49.out[1568x1568]:float16,,,,False,False,,4917248,2458624,9834496,4917248,{'mac': 3855122432},0,4917248,2458624,3855122432,43574,42685,21343,50.0,MEM,64078.0,0.064078,80098.0,43574,0,0.080098,0.4080089890446018,0.0,0.5329130122663005,0.2664627485252349,0.0,0.0,False,LoFi
Wormhole,n150,1000.0,MATRIX,INT8,TTNN,Matmul2Tensors_1,sweep_32_to_4096_bf16,1,48,ttsim.ttnn.Op_49,True,True,MatMul,1,"{'compute_kernel_config': WormholeComputeKernelConfig(math_fidelity=<MathFidelity.HiFi2: 2>, math_approx_mode=False, dst_full_sync_en=False, fp32_dest_acc_en=False, packer_l1_acc=True), 'memory_config': <MemoryConfig.L1: 2>}","['ttsim.ttnn.Tensor_97', 'ttsim.ttnn.Tensor_98']",['ttsim.ttnn.Op_49.out'],ttsim.ttnn.Tensor_97[1568x1568]:float16;ttsim.ttnn.Tensor_98[1568x1568]:float16,ttsim.ttnn.Op_49.out[1568x1568]:float16,,,,False,False,,4917248,2458624,9834496,4917248,{'mac': 3855122432},0,4917248,2458624,3855122432,43574,42685,21343,50.0,MEM,64078.0,0.064078,80098.0,43574,0,0.080098,0.4080089890446018,0.0,0.5329130122663005,0.2664627485252349,0.0,0.0,False,HiFi2
Wormhole,n150,1000.0,MATRIX,INT8,TTNN,Matmul2Tensors_1,sweep_32_to_4096_bf16,1,48,ttsim.ttnn.Op_49,True,True,MatMul,1,"{'compute_kernel_config': WormholeComputeKernelConfig(math_fidelity=<MathFidelity.HiFi4: 4>, math_approx_mode=False, dst_full_sync_en=False, fp32_dest_acc_en=False, packer_l1_acc=True), 'memory_config': <MemoryConfig.L1: 2>}","['ttsim.ttnn.Tensor_97', 'ttsim.ttnn.Tensor_98']",['ttsim.ttnn.Op_49.out'],ttsim.ttnn.Tensor_97[1568x1568]:float16;ttsim.ttnn.Tensor_98[1568x1568]:float16,ttsim.ttnn.Op_49.out[1568x1568]:float16,,,,False,False,,4917248,2458624,9834496,4917248,{'mac': 3855122432},0,4917248,2458624,3855122432,43574,42685,21343,50.0,MEM,64078.0,0.064078,80098.0,43574,0,0.080098,0.4080089890446018,0.0,0.5329130122663005,0.2664627485252349,0.0,0.0,False,HiFi4
Wormhole,n150,1000.0,MATRIX,INT8,TTNN,Matmul2Tensors_1,sweep_32_to_4096_bf16,1,49,ttsim.ttnn.Op_50,True,True,MatMul,1,"{'compute_kernel_config': WormholeComputeKernelConfig(math_fidelity=<MathFidelity.LoFi: 1>, math_approx_mode=False, dst_full_sync_en=False, fp32_dest_acc_en=False, packer_l1_acc=True), 'memory_config': <MemoryConfig.L1: 2>}","['ttsim.ttnn.Tensor_99', 'ttsim.ttnn.Tensor_100']",['ttsim.ttnn.Op_50.out'],ttsim.ttnn.Tensor_99[1600x1600]:float16;ttsim.ttnn.Tensor_100[1600x1600]:float16,ttsim.ttnn.Op_50.out[1600x1600]:float16,,,,False,False,,5120000,2560000,10240000,5120000,{'mac': 4096000000},0,5120000,2560000,4096000000,46297,44445,22223,50.0,MEM,66718.0,0.066718,83398.0,46297,0,0.083398,0.416352408645343,0.0,0.532929644173986,0.2664708174705477,0.0,0.0,False,LoFi
Wormhole,n150,1000.0,MATRIX,INT8,TTNN,Matmul2Tensors_1,sweep_32_to_4096_bf16,1,49,ttsim.ttnn.Op_50,True,True,MatMul,1,"{'compute_kernel_config': WormholeComputeKernelConfig(math_fidelity=<MathFidelity.HiFi2: 2>, math_approx_mode=False, dst_full_sync_en=False, fp32_dest_acc_en=False, packer_l1_acc=True), 'memory_config': <MemoryConfig.L1: 2>}","['ttsim.ttnn.Tensor_99', 'ttsim.ttnn.Tensor_100']",['ttsim.ttnn.Op_50.out'],ttsim.ttnn.Tensor_99[1600x1600]:float16;ttsim.ttnn.Tensor_100[1600x1600]:float16,ttsim.ttnn.Op_50.out[1600x1600]:float16,,,,False,False,,5120000,2560000,10240000,5120000,{'mac': 4096000000},0,5120000,2560000,4096000000,46297,44445,22223,50.0,MEM,66718.0,0.066718,83398.0,46297,0,0.083398,0.416352408645343,0.0,0.532929644173986,0.2664708174705477,0.0,0.0,False,HiFi2
Wormhole,n150,1000.0,MATRIX,INT8,TTNN,Matmul2Tensors_1,sweep_32_to_4096_bf16,1,49,ttsim.ttnn.Op_50,True,True,MatMul,1,"{'compute_kernel_config': WormholeComputeKernelConfig(math_fidelity=<MathFidelity.HiFi4: 4>, math_approx_mode=False, dst_full_sync_en=False, fp32_dest_acc_en=False, packer_l1_acc=True), 'memory_config': <MemoryConfig.L1: 2>}","['ttsim.ttnn.Tensor_99', 'ttsim.ttnn.Tensor_100']",['ttsim.ttnn.Op_50.out'],ttsim.ttnn.Tensor_99[1600x1600]:float16;ttsim.ttnn.Tensor_100[1600x1600]:float16,ttsim.ttnn.Op_50.out[1600x1600]:float16,,,,False,False,,5120000,2560000,10240000,5120000,{'mac': 4096000000},0,5120000,2560000,4096000000,46297,44445,22223,50.0,MEM,66718.0,0.066718,83398.0,46297,0,0.083398,0.416352408645343,0.0,0.532929644173986,0.2664708174705477,0.0,0.0,False,HiFi4
Wormhole,n150,1000.0,MATRIX,INT8,TTNN,Matmul2Tensors_1,sweep_32_to_4096_bf16,1,50,ttsim.ttnn.Op_51,True,True,MatMul,1,"{'compute_kernel_config': WormholeComputeKernelConfig(math_fidelity=<MathFidelity.LoFi: 1>, math_approx_mode=False, dst_full_sync_en=False, fp32_dest_acc_en=False, packer_l1_acc=True), 'memory_config': <MemoryConfig.L1: 2>}","['ttsim.ttnn.Tensor_101', 'ttsim.ttnn.Tensor_102']",['ttsim.ttnn.Op_51.out'],ttsim.ttnn.Tensor_101[1632x1632]:float16;ttsim.ttnn.Tensor_102[1632x1632]:float16,ttsim.ttnn.Op_51.out[1632x1632]:float16,,,,False,False,,5326848,2663424,10653696,5326848,{'mac': 4346707968},0,5326848,2663424,4346707968,49131,46240,23120,50.0,MEM,69410.0,0.06941,86763.0,49131,0,0.086763,0.4247024924362483,0.0,0.5329491427748163,0.2664745713874081,0.0,0.0,False,LoFi
Wormhole,n150,1000.0,MATRIX,INT8,TTNN,Matmul2Tensors_1,sweep_32_to_4096_bf16,1,50,ttsim.ttnn.Op_51,True,True,MatMul,1,"{'compute_kernel_config': WormholeComputeKernelConfig(math_fidelity=<MathFidelity.HiFi2: 2>, math_approx_mode=False, dst_full_sync_en=False, fp32_dest_acc_en=False, packer_l1_acc=True), 'memory_config': <MemoryConfig.L1: 2>}","['ttsim.ttnn.Tensor_101', 'ttsim.ttnn.Tensor_102']",['ttsim.ttnn.Op_51.out'],ttsim.ttnn.Tensor_101[1632x1632]:float16;ttsim.ttnn.Tensor_102[1632x1632]:float16,ttsim.ttnn.Op_51.out[1632x1632]:float16,,,,False,False,,5326848,2663424,10653696,5326848,{'mac': 4346707968},0,5326848,2663424,4346707968,49131,46240,23120,50.0,MEM,69410.0,0.06941,86763.0,49131,0,0.086763,0.4247024924362483,0.0,0.5329491427748163,0.2664745713874081,0.0,0.0,False,HiFi2
Wormhole,n150,1000.0,MATRIX,INT8,TTNN,Matmul2Tensors_1,sweep_32_to_4096_bf16,1,50,ttsim.ttnn.Op_51,True,True,MatMul,1,"{'compute_kernel_config': WormholeComputeKernelConfig(math_fidelity=<MathFidelity.HiFi4: 4>, math_approx_mode=False, dst_full_sync_en=False, fp32_dest_acc_en=False, packer_l1_acc=True), 'memory_config': <MemoryConfig.L1: 2>}","['ttsim.ttnn.Tensor_101', 'ttsim.ttnn.Tensor_102']",['ttsim.ttnn.Op_51.out'],ttsim.ttnn.Tensor_101[1632x1632]:float16;ttsim.ttnn.Tensor_102[1632x1632]:float16,ttsim.ttnn.Op_51.out[1632x1632]:float16,,,,False,False,,5326848,2663424,10653696,5326848,{'mac': 4346707968},0,5326848,2663424,4346707968,49131,46240,23120,50.0,MEM,69410.0,0.06941,86763.0,49131,0,0.086763,0.4247024924362483,0.0,0.5329491427748163,0.2664745713874081,0.0,0.0,False,HiFi4
Wormhole,n150,1000.0,MATRIX,INT8,TTNN,Matmul2Tensors_1,sweep_32_to_4096_bf16,1,51,ttsim.ttnn.Op_52,True,True,MatMul,1,"{'compute_kernel_config': WormholeComputeKernelConfig(math_fidelity=<MathFidelity.LoFi: 1>, math_approx_mode=False, dst_full_sync_en=False, fp32_dest_acc_en=False, packer_l1_acc=True), 'memory_config': <MemoryConfig.L1: 2>}","['ttsim.ttnn.Tensor_103', 'ttsim.ttnn.Tensor_104']",['ttsim.ttnn.Op_52.out'],ttsim.ttnn.Tensor_103[1664x1664]:float16;ttsim.ttnn.Tensor_104[1664x1664]:float16,ttsim.ttnn.Op_52.out[1664x1664]:float16,,,,False,False,,5537792,2768896,11075584,5537792,{'mac': 4607442944},0,5537792,2768896,4607442944,52078,48072,24036,50.0,MEM,72158.0,0.072158,90198.0,52078,0,0.0901979999999999,0.433033066326672,0.0,0.5329637739405194,0.2664818869702597,0.0,0.0,False,LoFi
Wormhole,n150,1000.0,MATRIX,INT8,TTNN,Matmul2Tensors_1,sweep_32_to_4096_bf16,1,51,ttsim.ttnn.Op_52,True,True,MatMul,1,"{'compute_kernel_config': WormholeComputeKernelConfig(math_fidelity=<MathFidelity.HiFi2: 2>, math_approx_mode=False, dst_full_sync_en=False, fp32_dest_acc_en=False, packer_l1_acc=True), 'memory_config': <MemoryConfig.L1: 2>}","['ttsim.ttnn.Tensor_103', 'ttsim.ttnn.Tensor_104']",['ttsim.ttnn.Op_52.out'],ttsim.ttnn.Tensor_103[1664x1664]:float16;ttsim.ttnn.Tensor_104[1664x1664]:float16,ttsim.ttnn.Op_52.out[1664x1664]:float16,,,,False,False,,5537792,2768896,11075584,5537792,{'mac': 4607442944},0,5537792,2768896,4607442944,52078,48072,24036,50.0,MEM,72158.0,0.072158,90198.0,52078,0,0.0901979999999999,0.433033066326672,0.0,0.5329637739405194,0.2664818869702597,0.0,0.0,False,HiFi2
Wormhole,n150,1000.0,MATRIX,INT8,TTNN,Matmul2Tensors_1,sweep_32_to_4096_bf16,1,51,ttsim.ttnn.Op_52,True,True,MatMul,1,"{'compute_kernel_config': WormholeComputeKernelConfig(math_fidelity=<MathFidelity.HiFi4: 4>, math_approx_mode=False, dst_full_sync_en=False, fp32_dest_acc_en=False, packer_l1_acc=True), 'memory_config': <MemoryConfig.L1: 2>}","['ttsim.ttnn.Tensor_103', 'ttsim.ttnn.Tensor_104']",['ttsim.ttnn.Op_52.out'],ttsim.ttnn.Tensor_103[1664x1664]:float16;ttsim.ttnn.Tensor_104[1664x1664]:float16,ttsim.ttnn.Op_52.out[1664x1664]:float16,,,,False,False,,5537792,2768896,11075584,5537792,{'mac': 4607442944},0,5537792,2768896,4607442944,52078,48072,24036,50.0,MEM,72158.0,0.072158,90198.0,52078,0,0.0901979999999999,0.433033066326672,0.0,0.5329637739405194,0.2664818869702597,0.0,0.0,False,HiFi4
Wormhole,n150,1000.0,MATRIX,INT8,TTNN,Matmul2Tensors_1,sweep_32_to_4096_bf16,1,52,ttsim.ttnn.Op_53,True,True,MatMul,1,"{'compute_kernel_config': WormholeComputeKernelConfig(math_fidelity=<MathFidelity.LoFi: 1>, math_approx_mode=False, dst_full_sync_en=False, fp32_dest_acc_en=False, packer_l1_acc=True), 'memory_config': <MemoryConfig.L1: 2>}","['ttsim.ttnn.Tensor_105', 'ttsim.ttnn.Tensor_106']",['ttsim.ttnn.Op_53.out'],ttsim.ttnn.Tensor_105[1696x1696]:float16;ttsim.ttnn.Tensor_106[1696x1696]:float16,ttsim.ttnn.Op_53.out[1696x1696]:float16,,,,False,False,,5752832,2876416,11505664,5752832,{'mac': 4878401536},0,5752832,2876416,4878401536,55140,49938,24969,50.0,MEM,74957.0,0.074957,93697.0,55140,0,0.093697,0.441373053884227,0.0,0.5329775738089838,0.2664887869044919,0.0,0.0,False,LoFi
Wormhole,n150,1000.0,MATRIX,INT8,TTNN,Matmul2Tensors_1,sweep_32_to_4096_bf16,1,52,ttsim.ttnn.Op_53,True,True,MatMul,1,"{'compute_kernel_config': WormholeComputeKernelConfig(math_fidelity=<MathFidelity.HiFi2: 2>, math_approx_mode=False, dst_full_sync_en=False, fp32_dest_acc_en=False, packer_l1_acc=True), 'memory_config': <MemoryConfig.L1: 2>}","['ttsim.ttnn.Tensor_105', 'ttsim.ttnn.Tensor_106']",['ttsim.ttnn.Op_53.out'],ttsim.ttnn.Tensor_105[1696x1696]:float16;ttsim.ttnn.Tensor_106[1696x1696]:float16,ttsim.ttnn.Op_53.out[1696x1696]:float16,,,,False,False,,5752832,2876416,11505664,5752832,{'mac': 4878401536},0,5752832,2876416,4878401536,55140,49938,24969,50.0,MEM,74957.0,0.074957,93697.0,55140,0,0.093697,0.441373053884227,0.0,0.5329775738089838,0.2664887869044919,0.0,0.0,False,HiFi2
Wormhole,n150,1000.0,MATRIX,INT8,TTNN,Matmul2Tensors_1,sweep_32_to_4096_bf16,1,52,ttsim.ttnn.Op_53,True,True,MatMul,1,"{'compute_kernel_config': WormholeComputeKernelConfig(math_fidelity=<MathFidelity.HiFi4: 4>, math_approx_mode=False, dst_full_sync_en=False, fp32_dest_acc_en=False, packer_l1_acc=True), 'memory_config': <MemoryConfig.L1: 2>}","['ttsim.ttnn.Tensor_105', 'ttsim.ttnn.Tensor_106']",['ttsim.ttnn.Op_53.out'],ttsim.ttnn.Tensor_105[1696x1696]:float16;ttsim.ttnn.Tensor_106[1696x1696]:float16,ttsim.ttnn.Op_53.out[1696x1696]:float16,,,,False,False,,5752832,2876416,11505664,5752832,{'mac': 4878401536},0,5752832,2876416,4878401536,55140,49938,24969,50.0,MEM,74957.0,0.074957,93697.0,55140,0,0.093697,0.441373053884227,0.0,0.5329775738089838,0.2664887869044919,0.0,0.0,False,HiFi4
Wormhole,n150,1000.0,MATRIX,INT8,TTNN,Matmul2Tensors_1,sweep_32_to_4096_bf16,1,53,ttsim.ttnn.Op_54,True,True,MatMul,1,"{'compute_kernel_config': WormholeComputeKernelConfig(math_fidelity=<MathFidelity.LoFi: 1>, math_approx_mode=False, dst_full_sync_en=False, fp32_dest_acc_en=False, packer_l1_acc=True), 'memory_config': <MemoryConfig.L1: 2>}","['ttsim.ttnn.Tensor_107', 'ttsim.ttnn.Tensor_108']",['ttsim.ttnn.Op_54.out'],ttsim.ttnn.Tensor_107[1728x1728]:float16;ttsim.ttnn.Tensor_108[1728x1728]:float16,ttsim.ttnn.Op_54.out[1728x1728]:float16,,,,False,False,,5971968,2985984,11943936,5971968,{'mac': 5159780352},0,5971968,2985984,5159780352,58321,51840,25920,50.0,MEM,77810.0,0.07781,97263.0,58321,0,0.097263,0.4497185451741421,0.0,0.5329906181724714,0.2664953090862357,0.0,0.0,False,LoFi
Wormhole,n150,1000.0,MATRIX,INT8,TTNN,Matmul2Tensors_1,sweep_32_to_4096_bf16,1,53,ttsim.ttnn.Op_54,True,True,MatMul,1,"{'compute_kernel_config': WormholeComputeKernelConfig(math_fidelity=<MathFidelity.HiFi2: 2>, math_approx_mode=False, dst_full_sync_en=False, fp32_dest_acc_en=False, packer_l1_acc=True), 'memory_config': <MemoryConfig.L1: 2>}","['ttsim.ttnn.Tensor_107', 'ttsim.ttnn.Tensor_108']",['ttsim.ttnn.Op_54.out'],ttsim.ttnn.Tensor_107[1728x1728]:float16;ttsim.ttnn.Tensor_108[1728x1728]:float16,ttsim.ttnn.Op_54.out[1728x1728]:float16,,,,False,False,,5971968,2985984,11943936,5971968,{'mac': 5159780352},0,5971968,2985984,5159780352,58321,51840,25920,50.0,MEM,77810.0,0.07781,97263.0,58321,0,0.097263,0.4497185451741421,0.0,0.5329906181724714,0.2664953090862357,0.0,0.0,False,HiFi2
Wormhole,n150,1000.0,MATRIX,INT8,TTNN,Matmul2Tensors_1,sweep_32_to_4096_bf16,1,53,ttsim.ttnn.Op_54,True,True,MatMul,1,"{'compute_kernel_config': WormholeComputeKernelConfig(math_fidelity=<MathFidelity.HiFi4: 4>, math_approx_mode=False, dst_full_sync_en=False, fp32_dest_acc_en=False, packer_l1_acc=True), 'memory_config': <MemoryConfig.L1: 2>}","['ttsim.ttnn.Tensor_107', 'ttsim.ttnn.Tensor_108']",['ttsim.ttnn.Op_54.out'],ttsim.ttnn.Tensor_107[1728x1728]:float16;ttsim.ttnn.Tensor_108[1728x1728]:float16,ttsim.ttnn.Op_54.out[1728x1728]:float16,,,,False,False,,5971968,2985984,11943936,5971968,{'mac': 5159780352},0,5971968,2985984,5159780352,58321,51840,25920,50.0,MEM,77810.0,0.07781,97263.0,58321,0,0.097263,0.4497185451741421,0.0,0.5329906181724714,0.2664953090862357,0.0,0.0,False,HiFi4
Wormhole,n150,1000.0,MATRIX,INT8,TTNN,Matmul2Tensors_1,sweep_32_to_4096_bf16,1,54,ttsim.ttnn.Op_55,True,True,MatMul,1,"{'compute_kernel_config': WormholeComputeKernelConfig(math_fidelity=<MathFidelity.LoFi: 1>, math_approx_mode=False, dst_full_sync_en=False, fp32_dest_acc_en=False, packer_l1_acc=True), 'memory_config': <MemoryConfig.L1: 2>}","['ttsim.ttnn.Tensor_109', 'ttsim.ttnn.Tensor_110']",['ttsim.ttnn.Op_55.out'],ttsim.ttnn.Tensor_109[1760x1760]:float16;ttsim.ttnn.Tensor_110[1760x1760]:float16,ttsim.ttnn.Op_55.out[1760x1760]:float16,,,,False,False,,6195200,3097600,12390400,6195200,{'mac': 5451776000},0,6195200,3097600,5451776000,61621,53778,26889,50.0,MEM,80717.0,0.080717,100897.0,61621,0,0.100897,0.4580522070939207,0.0,0.5330029609623747,0.2665014804811873,0.0,0.0,False,LoFi
Wormhole,n150,1000.0,MATRIX,INT8,TTNN,Matmul2Tensors_1,sweep_32_to_4096_bf16,1,54,ttsim.ttnn.Op_55,True,True,MatMul,1,"{'compute_kernel_config': WormholeComputeKernelConfig(math_fidelity=<MathFidelity.HiFi2: 2>, math_approx_mode=False, dst_full_sync_en=False, fp32_dest_acc_en=False, packer_l1_acc=True), 'memory_config': <MemoryConfig.L1: 2>}","['ttsim.ttnn.Tensor_109', 'ttsim.ttnn.Tensor_110']",['ttsim.ttnn.Op_55.out'],ttsim.ttnn.Tensor_109[1760x1760]:float16;ttsim.ttnn.Tensor_110[1760x1760]:float16,ttsim.ttnn.Op_55.out[1760x1760]:float16,,,,False,False,,6195200,3097600,12390400,6195200,{'mac': 5451776000},0,6195200,3097600,5451776000,61621,53778,26889,50.0,MEM,80717.0,0.080717,100897.0,61621,0,0.100897,0.4580522070939207,0.0,0.5330029609623747,0.2665014804811873,0.0,0.0,False,HiFi2
Wormhole,n150,1000.0,MATRIX,INT8,TTNN,Matmul2Tensors_1,sweep_32_to_4096_bf16,1,54,ttsim.ttnn.Op_55,True,True,MatMul,1,"{'compute_kernel_config': WormholeComputeKernelConfig(math_fidelity=<MathFidelity.HiFi4: 4>, math_approx_mode=False, dst_full_sync_en=False, fp32_dest_acc_en=False, packer_l1_acc=True), 'memory_config': <MemoryConfig.L1: 2>}","['ttsim.ttnn.Tensor_109', 'ttsim.ttnn.Tensor_110']",['ttsim.ttnn.Op_55.out'],ttsim.ttnn.Tensor_109[1760x1760]:float16;ttsim.ttnn.Tensor_110[1760x1760]:float16,ttsim.ttnn.Op_55.out[1760x1760]:float16,,,,False,False,,6195200,3097600,12390400,6195200,{'mac': 5451776000},0,6195200,3097600,5451776000,61621,53778,26889,50.0,MEM,80717.0,0.080717,100897.0,61621,0,0.100897,0.4580522070939207,0.0,0.5330029609623747,0.2665014804811873,0.0,0.0,False,HiFi4
Wormhole,n150,1000.0,MATRIX,INT8,TTNN,Matmul2Tensors_1,sweep_32_to_4096_bf16,1,55,ttsim.ttnn.Op_56,True,True,MatMul,1,"{'compute_kernel_config': WormholeComputeKernelConfig(math_fidelity=<MathFidelity.LoFi: 1>, math_approx_mode=False, dst_full_sync_en=False, fp32_dest_acc_en=False, packer_l1_acc=True), 'memory_config': <MemoryConfig.L1: 2>}","['ttsim.ttnn.Tensor_111', 'ttsim.ttnn.Tensor_112']",['ttsim.ttnn.Op_56.out'],ttsim.ttnn.Tensor_111[1792x1792]:float16;ttsim.ttnn.Tensor_112[1792x1792]:float16,ttsim.ttnn.Op_56.out[1792x1792]:float16,,,,False,False,,6422528,3211264,12845056,6422528,{'mac': 5754585088},0,6422528,3211264,5754585088,65043,55752,27876,50.0,MEM,83678.0,0.083678,104598.0,65043,0,0.104598,0.4663806496331174,0.0,0.5330146514018022,0.2665073257009011,0.0,0.0,False,LoFi
Wormhole,n150,1000.0,MATRIX,INT8,TTNN,Matmul2Tensors_1,sweep_32_to_4096_bf16,1,55,ttsim.ttnn.Op_56,True,True,MatMul,1,"{'compute_kernel_config': WormholeComputeKernelConfig(math_fidelity=<MathFidelity.HiFi2: 2>, math_approx_mode=False, dst_full_sync_en=False, fp32_dest_acc_en=False, packer_l1_acc=True), 'memory_config': <MemoryConfig.L1: 2>}","['ttsim.ttnn.Tensor_111', 'ttsim.ttnn.Tensor_112']",['ttsim.ttnn.Op_56.out'],ttsim.ttnn.Tensor_111[1792x1792]:float16;ttsim.ttnn.Tensor_112[1792x1792]:float16,ttsim.ttnn.Op_56.out[1792x1792]:float16,,,,False,False,,6422528,3211264,12845056,6422528,{'mac': 5754585088},0,6422528,3211264,5754585088,65043,55752,27876,50.0,MEM,83678.0,0.083678,104598.0,65043,0,0.104598,0.4663806496331174,0.0,0.5330146514018022,0.2665073257009011,0.0,0.0,False,HiFi2
Wormhole,n150,1000.0,MATRIX,INT8,TTNN,Matmul2Tensors_1,sweep_32_to_4096_bf16,1,55,ttsim.ttnn.Op_56,True,True,MatMul,1,"{'compute_kernel_config': WormholeComputeKernelConfig(math_fidelity=<MathFidelity.HiFi4: 4>, math_approx_mode=False, dst_full_sync_en=False, fp32_dest_acc_en=False, packer_l1_acc=True), 'memory_config': <MemoryConfig.L1: 2>}","['ttsim.ttnn.Tensor_111', 'ttsim.ttnn.Tensor_112']",['ttsim.ttnn.Op_56.out'],ttsim.ttnn.Tensor_111[1792x1792]:float16;ttsim.ttnn.Tensor_112[1792x1792]:float16,ttsim.ttnn.Op_56.out[1792x1792]:float16,,,,False,False,,6422528,3211264,12845056,6422528,{'mac': 5754585088},0,6422528,3211264,5754585088,65043,55752,27876,50.0,MEM,83678.0,0.083678,104598.0,65043,0,0.104598,0.4663806496331174,0.0,0.5330146514018022,0.2665073257009011,0.0,0.0,False,HiFi4
Wormhole,n150,1000.0,MATRIX,INT8,TTNN,Matmul2Tensors_1,sweep_32_to_4096_bf16,1,56,ttsim.ttnn.Op_57,True,True,MatMul,1,"{'compute_kernel_config': WormholeComputeKernelConfig(math_fidelity=<MathFidelity.LoFi: 1>, math_approx_mode=False, dst_full_sync_en=False, fp32_dest_acc_en=False, packer_l1_acc=True), 'memory_config': <MemoryConfig.L1: 2>}","['ttsim.ttnn.Tensor_113', 'ttsim.ttnn.Tensor_114']",['ttsim.ttnn.Op_57.out'],ttsim.ttnn.Tensor_113[1824x1824]:float16;ttsim.ttnn.Tensor_114[1824x1824]:float16,ttsim.ttnn.Op_57.out[1824x1824]:float16,,,,False,False,,6653952,3326976,13307904,6653952,{'mac': 6068404224},0,6653952,3326976,6068404224,68590,57760,28880,50.0,MEM,86690.0,0.08669,108363.0,68590,0,0.108363,0.4747260352981889,0.0,0.5330257238435806,0.2665128619217903,0.0,0.0,False,LoFi
Wormhole,n150,1000.0,MATRIX,INT8,TTNN,Matmul2Tensors_1,sweep_32_to_4096_bf16,1,56,ttsim.ttnn.Op_57,True,True,MatMul,1,"{'compute_kernel_config': WormholeComputeKernelConfig(math_fidelity=<MathFidelity.HiFi2: 2>, math_approx_mode=False, dst_full_sync_en=False, fp32_dest_acc_en=False, packer_l1_acc=True), 'memory_config': <MemoryConfig.L1: 2>}","['ttsim.ttnn.Tensor_113', 'ttsim.ttnn.Tensor_114']",['ttsim.ttnn.Op_57.out'],ttsim.ttnn.Tensor_113[1824x1824]:float16;ttsim.ttnn.Tensor_114[1824x1824]:float16,ttsim.ttnn.Op_57.out[1824x1824]:float16,,,,False,False,,6653952,3326976,13307904,6653952,{'mac': 6068404224},0,6653952,3326976,6068404224,68590,57760,28880,50.0,MEM,86690.0,0.08669,108363.0,68590,0,0.108363,0.4747260352981889,0.0,0.5330257238435806,0.2665128619217903,0.0,0.0,False,HiFi2
Wormhole,n150,1000.0,MATRIX,INT8,TTNN,Matmul2Tensors_1,sweep_32_to_4096_bf16,1,56,ttsim.ttnn.Op_57,True,True,MatMul,1,"{'compute_kernel_config': WormholeComputeKernelConfig(math_fidelity=<MathFidelity.HiFi4: 4>, math_approx_mode=False, dst_full_sync_en=False, fp32_dest_acc_en=False, packer_l1_acc=True), 'memory_config': <MemoryConfig.L1: 2>}","['ttsim.ttnn.Tensor_113', 'ttsim.ttnn.Tensor_114']",['ttsim.ttnn.Op_57.out'],ttsim.ttnn.Tensor_113[1824x1824]:float16;ttsim.ttnn.Tensor_114[1824x1824]:float16,ttsim.ttnn.Op_57.out[1824x1824]:float16,,,,False,False,,6653952,3326976,13307904,6653952,{'mac': 6068404224},0,6653952,3326976,6068404224,68590,57760,28880,50.0,MEM,86690.0,0.08669,108363.0,68590,0,0.108363,0.4747260352981889,0.0,0.5330257238435806,0.2665128619217903,0.0,0.0,False,HiFi4
Wormhole,n150,1000.0,MATRIX,INT8,TTNN,Matmul2Tensors_1,sweep_32_to_4096_bf16,1,57,ttsim.ttnn.Op_58,True,True,MatMul,1,"{'compute_kernel_config': WormholeComputeKernelConfig(math_fidelity=<MathFidelity.LoFi: 1>, math_approx_mode=False, dst_full_sync_en=False, fp32_dest_acc_en=False, packer_l1_acc=True), 'memory_config': <MemoryConfig.L1: 2>}","['ttsim.ttnn.Tensor_115', 'ttsim.ttnn.Tensor_116']",['ttsim.ttnn.Op_58.out'],ttsim.ttnn.Tensor_115[1856x1856]:float16;ttsim.ttnn.Tensor_116[1856x1856]:float16,ttsim.ttnn.Op_58.out[1856x1856]:float16,,,,False,False,,6889472,3444736,13778944,6889472,{'mac': 6393430016},0,6889472,3444736,6393430016,72264,59805,29903,50.0,MEM,89758.0,0.0897579999999999,112198.0,72264,0,0.1121979999999999,0.4830588916865349,0.0,0.5330332672296619,0.2665210900421133,0.0,0.0,False,LoFi
Wormhole,n150,1000.0,MATRIX,INT8,TTNN,Matmul2Tensors_1,sweep_32_to_4096_bf16,1,57,ttsim.ttnn.Op_58,True,True,MatMul,1,"{'compute_kernel_config': WormholeComputeKernelConfig(math_fidelity=<MathFidelity.HiFi2: 2>, math_approx_mode=False, dst_full_sync_en=False, fp32_dest_acc_en=False, packer_l1_acc=True), 'memory_config': <MemoryConfig.L1: 2>}","['ttsim.ttnn.Tensor_115', 'ttsim.ttnn.Tensor_116']",['ttsim.ttnn.Op_58.out'],ttsim.ttnn.Tensor_115[1856x1856]:float16;ttsim.ttnn.Tensor_116[1856x1856]:float16,ttsim.ttnn.Op_58.out[1856x1856]:float16,,,,False,False,,6889472,3444736,13778944,6889472,{'mac': 6393430016},0,6889472,3444736,6393430016,72264,59805,29903,50.0,MEM,89758.0,0.0897579999999999,112198.0,72264,0,0.1121979999999999,0.4830588916865349,0.0,0.5330332672296619,0.2665210900421133,0.0,0.0,False,HiFi2
Wormhole,n150,1000.0,MATRIX,INT8,TTNN,Matmul2Tensors_1,sweep_32_to_4096_bf16,1,57,ttsim.ttnn.Op_58,True,True,MatMul,1,"{'compute_kernel_config': WormholeComputeKernelConfig(math_fidelity=<MathFidelity.HiFi4: 4>, math_approx_mode=False, dst_full_sync_en=False, fp32_dest_acc_en=False, packer_l1_acc=True), 'memory_config': <MemoryConfig.L1: 2>}","['ttsim.ttnn.Tensor_115', 'ttsim.ttnn.Tensor_116']",['ttsim.ttnn.Op_58.out'],ttsim.ttnn.Tensor_115[1856x1856]:float16;ttsim.ttnn.Tensor_116[1856x1856]:float16,ttsim.ttnn.Op_58.out[1856x1856]:float16,,,,False,False,,6889472,3444736,13778944,6889472,{'mac': 6393430016},0,6889472,3444736,6393430016,72264,59805,29903,50.0,MEM,89758.0,0.0897579999999999,112198.0,72264,0,0.1121979999999999,0.4830588916865349,0.0,0.5330332672296619,0.2665210900421133,0.0,0.0,False,HiFi4
Wormhole,n150,1000.0,MATRIX,INT8,TTNN,Matmul2Tensors_1,sweep_32_to_4096_bf16,1,58,ttsim.ttnn.Op_59,True,True,MatMul,1,"{'compute_kernel_config': WormholeComputeKernelConfig(math_fidelity=<MathFidelity.LoFi: 1>, math_approx_mode=False, dst_full_sync_en=False, fp32_dest_acc_en=False, packer_l1_acc=True), 'memory_config': <MemoryConfig.L1: 2>}","['ttsim.ttnn.Tensor_117', 'ttsim.ttnn.Tensor_118']",['ttsim.ttnn.Op_59.out'],ttsim.ttnn.Tensor_117[1888x1888]:float16;ttsim.ttnn.Tensor_118[1888x1888]:float16,ttsim.ttnn.Op_59.out[1888x1888]:float16,,,,False,False,,7129088,3564544,14258176,7129088,{'mac': 6729859072},0,7129088,3564544,6729859072,76067,61885,30943,50.0,MEM,92878.0,0.092878,116098.0,76067,0,0.1160979999999999,0.491399470272831,0.0,0.5330433471866319,0.2665259803182669,0.0,0.0,False,LoFi
Wormhole,n150,1000.0,MATRIX,INT8,TTNN,Matmul2Tensors_1,sweep_32_to_4096_bf16,1,58,ttsim.ttnn.Op_59,True,True,MatMul,1,"{'compute_kernel_config': WormholeComputeKernelConfig(math_fidelity=<MathFidelity.HiFi2: 2>, math_approx_mode=False, dst_full_sync_en=False, fp32_dest_acc_en=False, packer_l1_acc=True), 'memory_config': <MemoryConfig.L1: 2>}","['ttsim.ttnn.Tensor_117', 'ttsim.ttnn.Tensor_118']",['ttsim.ttnn.Op_59.out'],ttsim.ttnn.Tensor_117[1888x1888]:float16;ttsim.ttnn.Tensor_118[1888x1888]:float16,ttsim.ttnn.Op_59.out[1888x1888]:float16,,,,False,False,,7129088,3564544,14258176,7129088,{'mac': 6729859072},0,7129088,3564544,6729859072,76067,61885,30943,50.0,MEM,92878.0,0.092878,116098.0,76067,0,0.1160979999999999,0.491399470272831,0.0,0.5330433471866319,0.2665259803182669,0.0,0.0,False,HiFi2
Wormhole,n150,1000.0,MATRIX,INT8,TTNN,Matmul2Tensors_1,sweep_32_to_4096_bf16,1,58,ttsim.ttnn.Op_59,True,True,MatMul,1,"{'compute_kernel_config': WormholeComputeKernelConfig(math_fidelity=<MathFidelity.HiFi4: 4>, math_approx_mode=False, dst_full_sync_en=False, fp32_dest_acc_en=False, packer_l1_acc=True), 'memory_config': <MemoryConfig.L1: 2>}","['ttsim.ttnn.Tensor_117', 'ttsim.ttnn.Tensor_118']",['ttsim.ttnn.Op_59.out'],ttsim.ttnn.Tensor_117[1888x1888]:float16;ttsim.ttnn.Tensor_118[1888x1888]:float16,ttsim.ttnn.Op_59.out[1888x1888]:float16,,,,False,False,,7129088,3564544,14258176,7129088,{'mac': 6729859072},0,7129088,3564544,6729859072,76067,61885,30943,50.0,MEM,92878.0,0.092878,116098.0,76067,0,0.1160979999999999,0.491399470272831,0.0,0.5330433471866319,0.2665259803182669,0.0,0.0,False,HiFi4
Wormhole,n150,1000.0,MATRIX,INT8,TTNN,Matmul2Tensors_1,sweep_32_to_4096_bf16,1,59,ttsim.ttnn.Op_60,True,True,MatMul,1,"{'compute_kernel_config': WormholeComputeKernelConfig(math_fidelity=<MathFidelity.LoFi: 1>, math_approx_mode=False, dst_full_sync_en=False, fp32_dest_acc_en=False, packer_l1_acc=True), 'memory_config': <MemoryConfig.L1: 2>}","['ttsim.ttnn.Tensor_119', 'ttsim.ttnn.Tensor_120']",['ttsim.ttnn.Op_60.out'],ttsim.ttnn.Tensor_119[1920x1920]:float16;ttsim.ttnn.Tensor_120[1920x1920]:float16,ttsim.ttnn.Op_60.out[1920x1920]:float16,,,,False,False,,7372800,3686400,14745600,7372800,{'mac': 7077888000},0,7372800,3686400,7077888000,80001,64000,32000,50.0,MEM,96050.0,0.09605,120063.0,80001,0,0.120063,0.4997459656428943,0.0,0.5330557001561687,0.2665278500780843,0.0,0.0,False,LoFi
Wormhole,n150,1000.0,MATRIX,INT8,TTNN,Matmul2Tensors_1,sweep_32_to_4096_bf16,1,59,ttsim.ttnn.Op_60,True,True,MatMul,1,"{'compute_kernel_config': WormholeComputeKernelConfig(math_fidelity=<MathFidelity.HiFi2: 2>, math_approx_mode=False, dst_full_sync_en=False, fp32_dest_acc_en=False, packer_l1_acc=True), 'memory_config': <MemoryConfig.L1: 2>}","['ttsim.ttnn.Tensor_119', 'ttsim.ttnn.Tensor_120']",['ttsim.ttnn.Op_60.out'],ttsim.ttnn.Tensor_119[1920x1920]:float16;ttsim.ttnn.Tensor_120[1920x1920]:float16,ttsim.ttnn.Op_60.out[1920x1920]:float16,,,,False,False,,7372800,3686400,14745600,7372800,{'mac': 7077888000},0,7372800,3686400,7077888000,80001,64000,32000,50.0,MEM,96050.0,0.09605,120063.0,80001,0,0.120063,0.4997459656428943,0.0,0.5330557001561687,0.2665278500780843,0.0,0.0,False,HiFi2
Wormhole,n150,1000.0,MATRIX,INT8,TTNN,Matmul2Tensors_1,sweep_32_to_4096_bf16,1,59,ttsim.ttnn.Op_60,True,True,MatMul,1,"{'compute_kernel_config': WormholeComputeKernelConfig(math_fidelity=<MathFidelity.HiFi4: 4>, math_approx_mode=False, dst_full_sync_en=False, fp32_dest_acc_en=False, packer_l1_acc=True), 'memory_config': <MemoryConfig.L1: 2>}","['ttsim.ttnn.Tensor_119', 'ttsim.ttnn.Tensor_120']",['ttsim.ttnn.Op_60.out'],ttsim.ttnn.Tensor_119[1920x1920]:float16;ttsim.ttnn.Tensor_120[1920x1920]:float16,ttsim.ttnn.Op_60.out[1920x1920]:float16,,,,False,False,,7372800,3686400,14745600,7372800,{'mac': 7077888000},0,7372800,3686400,7077888000,80001,64000,32000,50.0,MEM,96050.0,0.09605,120063.0,80001,0,0.120063,0.4997459656428943,0.0,0.5330557001561687,0.2665278500780843,0.0,0.0,False,HiFi4
Wormhole,n150,1000.0,MATRIX,INT8,TTNN,Matmul2Tensors_1,sweep_32_to_4096_bf16,1,60,ttsim.ttnn.Op_61,True,True,MatMul,1,"{'compute_kernel_config': WormholeComputeKernelConfig(math_fidelity=<MathFidelity.LoFi: 1>, math_approx_mode=False, dst_full_sync_en=False, fp32_dest_acc_en=False, packer_l1_acc=True), 'memory_config': <MemoryConfig.L1: 2>}","['ttsim.ttnn.Tensor_121', 'ttsim.ttnn.Tensor_122']",['ttsim.ttnn.Op_61.out'],ttsim.ttnn.Tensor_121[1952x1952]:float16;ttsim.ttnn.Tensor_122[1952x1952]:float16,ttsim.ttnn.Op_61.out[1952x1952]:float16,,,,False,False,,7620608,3810304,15241216,7620608,{'mac': 7437713408},0,7620608,3810304,7437713408,84068,66152,33076,50.0,MEM,99278.0,0.099278,124098.0,84068,0,0.124098,0.5080763109651685,0.0,0.5330647273313323,0.2665323636656661,0.0,0.0,False,LoFi
Wormhole,n150,1000.0,MATRIX,INT8,TTNN,Matmul2Tensors_1,sweep_32_to_4096_bf16,1,60,ttsim.ttnn.Op_61,True,True,MatMul,1,"{'compute_kernel_config': WormholeComputeKernelConfig(math_fidelity=<MathFidelity.HiFi2: 2>, math_approx_mode=False, dst_full_sync_en=False, fp32_dest_acc_en=False, packer_l1_acc=True), 'memory_config': <MemoryConfig.L1: 2>}","['ttsim.ttnn.Tensor_121', 'ttsim.ttnn.Tensor_122']",['ttsim.ttnn.Op_61.out'],ttsim.ttnn.Tensor_121[1952x1952]:float16;ttsim.ttnn.Tensor_122[1952x1952]:float16,ttsim.ttnn.Op_61.out[1952x1952]:float16,,,,False,False,,7620608,3810304,15241216,7620608,{'mac': 7437713408},0,7620608,3810304,7437713408,84068,66152,33076,50.0,MEM,99278.0,0.099278,124098.0,84068,0,0.124098,0.5080763109651685,0.0,0.5330647273313323,0.2665323636656661,0.0,0.0,False,HiFi2
Wormhole,n150,1000.0,MATRIX,INT8,TTNN,Matmul2Tensors_1,sweep_32_to_4096_bf16,1,60,ttsim.ttnn.Op_61,True,True,MatMul,1,"{'compute_kernel_config': WormholeComputeKernelConfig(math_fidelity=<MathFidelity.HiFi4: 4>, math_approx_mode=False, dst_full_sync_en=False, fp32_dest_acc_en=False, packer_l1_acc=True), 'memory_config': <MemoryConfig.L1: 2>}","['ttsim.ttnn.Tensor_121', 'ttsim.ttnn.Tensor_122']",['ttsim.ttnn.Op_61.out'],ttsim.ttnn.Tensor_121[1952x1952]:float16;ttsim.ttnn.Tensor_122[1952x1952]:float16,ttsim.ttnn.Op_61.out[1952x1952]:float16,,,,False,False,,7620608,3810304,15241216,7620608,{'mac': 7437713408},0,7620608,3810304,7437713408,84068,66152,33076,50.0,MEM,99278.0,0.099278,124098.0,84068,0,0.124098,0.5080763109651685,0.0,0.5330647273313323,0.2665323636656661,0.0,0.0,False,HiFi4
Wormhole,n150,1000.0,MATRIX,INT8,TTNN,Matmul2Tensors_1,sweep_32_to_4096_bf16,1,61,ttsim.ttnn.Op_62,True,True,MatMul,1,"{'compute_kernel_config': WormholeComputeKernelConfig(math_fidelity=<MathFidelity.LoFi: 1>, math_approx_mode=False, dst_full_sync_en=False, fp32_dest_acc_en=False, packer_l1_acc=True), 'memory_config': <MemoryConfig.L1: 2>}","['ttsim.ttnn.Tensor_123', 'ttsim.ttnn.Tensor_124']",['ttsim.ttnn.Op_62.out'],ttsim.ttnn.Tensor_123[1984x1984]:float16;ttsim.ttnn.Tensor_124[1984x1984]:float16,ttsim.ttnn.Op_62.out[1984x1984]:float16,,,,False,False,,7872512,3936256,15745024,7872512,{'mac': 7809531904},0,7872512,3936256,7809531904,88270,68338,34169,50.0,MEM,102557.0,0.102557,128197.0,88270,0,0.128197,0.5164152617568767,0.0,0.5330733153270865,0.2665366576635432,0.0,0.0,False,LoFi
Wormhole,n150,1000.0,MATRIX,INT8,TTNN,Matmul2Tensors_1,sweep_32_to_4096_bf16,1,61,ttsim.ttnn.Op_62,True,True,MatMul,1,"{'compute_kernel_config': WormholeComputeKernelConfig(math_fidelity=<MathFidelity.HiFi2: 2>, math_approx_mode=False, dst_full_sync_en=False, fp32_dest_acc_en=False, packer_l1_acc=True), 'memory_config': <MemoryConfig.L1: 2>}","['ttsim.ttnn.Tensor_123', 'ttsim.ttnn.Tensor_124']",['ttsim.ttnn.Op_62.out'],ttsim.ttnn.Tensor_123[1984x1984]:float16;ttsim.ttnn.Tensor_124[1984x1984]:float16,ttsim.ttnn.Op_62.out[1984x1984]:float16,,,,False,False,,7872512,3936256,15745024,7872512,{'mac': 7809531904},0,7872512,3936256,7809531904,88270,68338,34169,50.0,MEM,102557.0,0.102557,128197.0,88270,0,0.128197,0.5164152617568767,0.0,0.5330733153270865,0.2665366576635432,0.0,0.0,False,HiFi2
Wormhole,n150,1000.0,MATRIX,INT8,TTNN,Matmul2Tensors_1,sweep_32_to_4096_bf16,1,61,ttsim.ttnn.Op_62,True,True,MatMul,1,"{'compute_kernel_config': WormholeComputeKernelConfig(math_fidelity=<MathFidelity.HiFi4: 4>, math_approx_mode=False, dst_full_sync_en=False, fp32_dest_acc_en=False, packer_l1_acc=True), 'memory_config': <MemoryConfig.L1: 2>}","['ttsim.ttnn.Tensor_123', 'ttsim.ttnn.Tensor_124']",['ttsim.ttnn.Op_62.out'],ttsim.ttnn.Tensor_123[1984x1984]:float16;ttsim.ttnn.Tensor_124[1984x1984]:float16,ttsim.ttnn.Op_62.out[1984x1984]:float16,,,,False,False,,7872512,3936256,15745024,7872512,{'mac': 7809531904},0,7872512,3936256,7809531904,88270,68338,34169,50.0,MEM,102557.0,0.102557,128197.0,88270,0,0.128197,0.5164152617568767,0.0,0.5330733153270865,0.2665366576635432,0.0,0.0,False,HiFi4
Wormhole,n150,1000.0,MATRIX,INT8,TTNN,Matmul2Tensors_1,sweep_32_to_4096_bf16,1,62,ttsim.ttnn.Op_63,True,True,MatMul,1,"{'compute_kernel_config': WormholeComputeKernelConfig(math_fidelity=<MathFidelity.LoFi: 1>, math_approx_mode=False, dst_full_sync_en=False, fp32_dest_acc_en=False, packer_l1_acc=True), 'memory_config': <MemoryConfig.L1: 2>}","['ttsim.ttnn.Tensor_125', 'ttsim.ttnn.Tensor_126']",['ttsim.ttnn.Op_63.out'],ttsim.ttnn.Tensor_125[2016x2016]:float16;ttsim.ttnn.Tensor_126[2016x2016]:float16,ttsim.ttnn.Op_63.out[2016x2016]:float16,,,,False,False,,8128512,4064256,16257024,8128512,{'mac': 8193540096},0,8128512,4064256,8193540096,92611,70560,35280,50.0,MEM,105890.0,0.10589,132363.0,92611,0,0.132363,0.5247577674945698,0.0,0.5330814996694684,0.2665407498347342,0.0,0.0,False,LoFi
Wormhole,n150,1000.0,MATRIX,INT8,TTNN,Matmul2Tensors_1,sweep_32_to_4096_bf16,1,62,ttsim.ttnn.Op_63,True,True,MatMul,1,"{'compute_kernel_config': WormholeComputeKernelConfig(math_fidelity=<MathFidelity.HiFi2: 2>, math_approx_mode=False, dst_full_sync_en=False, fp32_dest_acc_en=False, packer_l1_acc=True), 'memory_config': <MemoryConfig.L1: 2>}","['ttsim.ttnn.Tensor_125', 'ttsim.ttnn.Tensor_126']",['ttsim.ttnn.Op_63.out'],ttsim.ttnn.Tensor_125[2016x2016]:float16;ttsim.ttnn.Tensor_126[2016x2016]:float16,ttsim.ttnn.Op_63.out[2016x2016]:float16,,,,False,False,,8128512,4064256,16257024,8128512,{'mac': 8193540096},0,8128512,4064256,8193540096,92611,70560,35280,50.0,MEM,105890.0,0.10589,132363.0,92611,0,0.132363,0.5247577674945698,0.0,0.5330814996694684,0.2665407498347342,0.0,0.0,False,HiFi2
Wormhole,n150,1000.0,MATRIX,INT8,TTNN,Matmul2Tensors_1,sweep_32_to_4096_bf16,1,62,ttsim.ttnn.Op_63,True,True,MatMul,1,"{'compute_kernel_config': WormholeComputeKernelConfig(math_fidelity=<MathFidelity.HiFi4: 4>, math_approx_mode=False, dst_full_sync_en=False, fp32_dest_acc_en=False, packer_l1_acc=True), 'memory_config': <MemoryConfig.L1: 2>}","['ttsim.ttnn.Tensor_125', 'ttsim.ttnn.Tensor_126']",['ttsim.ttnn.Op_63.out'],ttsim.ttnn.Tensor_125[2016x2016]:float16;ttsim.ttnn.Tensor_126[2016x2016]:float16,ttsim.ttnn.Op_63.out[2016x2016]:float16,,,,False,False,,8128512,4064256,16257024,8128512,{'mac': 8193540096},0,8128512,4064256,8193540096,92611,70560,35280,50.0,MEM,105890.0,0.10589,132363.0,92611,0,0.132363,0.5247577674945698,0.0,0.5330814996694684,0.2665407498347342,0.0,0.0,False,HiFi4
Wormhole,n150,1000.0,MATRIX,INT8,TTNN,Matmul2Tensors_1,sweep_32_to_4096_bf16,1,63,ttsim.ttnn.Op_64,True,True,MatMul,1,"{'compute_kernel_config': WormholeComputeKernelConfig(math_fidelity=<MathFidelity.LoFi: 1>, math_approx_mode=False, dst_full_sync_en=False, fp32_dest_acc_en=False, packer_l1_acc=True), 'memory_config': <MemoryConfig.L1: 2>}","['ttsim.ttnn.Tensor_127', 'ttsim.ttnn.Tensor_128']",['ttsim.ttnn.Op_64.out'],ttsim.ttnn.Tensor_127[2048x2048]:float16;ttsim.ttnn.Tensor_128[2048x2048]:float16,ttsim.ttnn.Op_64.out[2048x2048]:float16,,,,False,False,,8388608,4194304,16777216,8388608,{'mac': 8589934592},0,8388608,4194304,8589934592,97091,72818,36409,50.0,MEM,109277.0,0.109277,136597.0,97091,0,0.136597,0.5330911353715786,0.0,0.5330893051602809,0.2665446525801404,0.0,0.0,False,LoFi
Wormhole,n150,1000.0,MATRIX,INT8,TTNN,Matmul2Tensors_1,sweep_32_to_4096_bf16,1,63,ttsim.ttnn.Op_64,True,True,MatMul,1,"{'compute_kernel_config': WormholeComputeKernelConfig(math_fidelity=<MathFidelity.HiFi2: 2>, math_approx_mode=False, dst_full_sync_en=False, fp32_dest_acc_en=False, packer_l1_acc=True), 'memory_config': <MemoryConfig.L1: 2>}","['ttsim.ttnn.Tensor_127', 'ttsim.ttnn.Tensor_128']",['ttsim.ttnn.Op_64.out'],ttsim.ttnn.Tensor_127[2048x2048]:float16;ttsim.ttnn.Tensor_128[2048x2048]:float16,ttsim.ttnn.Op_64.out[2048x2048]:float16,,,,False,False,,8388608,4194304,16777216,8388608,{'mac': 8589934592},0,8388608,4194304,8589934592,97091,72818,36409,50.0,MEM,109277.0,0.109277,136597.0,97091,0,0.136597,0.5330911353715786,0.0,0.5330893051602809,0.2665446525801404,0.0,0.0,False,HiFi2
Wormhole,n150,1000.0,MATRIX,INT8,TTNN,Matmul2Tensors_1,sweep_32_to_4096_bf16,1,63,ttsim.ttnn.Op_64,True,True,MatMul,1,"{'compute_kernel_config': WormholeComputeKernelConfig(math_fidelity=<MathFidelity.HiFi4: 4>, math_approx_mode=False, dst_full_sync_en=False, fp32_dest_acc_en=False, packer_l1_acc=True), 'memory_config': <MemoryConfig.L1: 2>}","['ttsim.ttnn.Tensor_127', 'ttsim.ttnn.Tensor_128']",['ttsim.ttnn.Op_64.out'],ttsim.ttnn.Tensor_127[2048x2048]:float16;ttsim.ttnn.Tensor_128[2048x2048]:float16,ttsim.ttnn.Op_64.out[2048x2048]:float16,,,,False,False,,8388608,4194304,16777216,8388608,{'mac': 8589934592},0,8388608,4194304,8589934592,97091,72818,36409,50.0,MEM,109277.0,0.109277,136597.0,97091,0,0.136597,0.5330911353715786,0.0,0.5330893051602809,0.2665446525801404,0.0,0.0,False,HiFi4
Wormhole,n150,1000.0,MATRIX,INT8,TTNN,Matmul2Tensors_1,sweep_32_to_4096_bf16,1,64,ttsim.ttnn.Op_65,True,True,MatMul,1,"{'compute_kernel_config': WormholeComputeKernelConfig(math_fidelity=<MathFidelity.LoFi: 1>, math_approx_mode=False, dst_full_sync_en=False, fp32_dest_acc_en=False, packer_l1_acc=True), 'memory_config': <MemoryConfig.L1: 2>}","['ttsim.ttnn.Tensor_129', 'ttsim.ttnn.Tensor_130']",['ttsim.ttnn.Op_65.out'],ttsim.ttnn.Tensor_129[2080x2080]:float16;ttsim.ttnn.Tensor_130[2080x2080]:float16,ttsim.ttnn.Op_65.out[2080x2080]:float16,,,,False,False,,8652800,4326400,17305600,8652800,{'mac': 8998912000},0,8652800,4326400,8998912000,101713,75112,37556,50.0,MEM,112718.0,0.112718,140898.0,101713,0,0.140898,0.5414201813374971,0.0,0.5330967547330506,0.2665483773665253,0.0,0.0,False,LoFi
Wormhole,n150,1000.0,MATRIX,INT8,TTNN,Matmul2Tensors_1,sweep_32_to_4096_bf16,1,64,ttsim.ttnn.Op_65,True,True,MatMul,1,"{'compute_kernel_config': WormholeComputeKernelConfig(math_fidelity=<MathFidelity.HiFi2: 2>, math_approx_mode=False, dst_full_sync_en=False, fp32_dest_acc_en=False, packer_l1_acc=True), 'memory_config': <MemoryConfig.L1: 2>}","['ttsim.ttnn.Tensor_129', 'ttsim.ttnn.Tensor_130']",['ttsim.ttnn.Op_65.out'],ttsim.ttnn.Tensor_129[2080x2080]:float16;ttsim.ttnn.Tensor_130[2080x2080]:float16,ttsim.ttnn.Op_65.out[2080x2080]:float16,,,,False,False,,8652800,4326400,17305600,8652800,{'mac': 8998912000},0,8652800,4326400,8998912000,101713,75112,37556,50.0,MEM,112718.0,0.112718,140898.0,101713,0,0.140898,0.5414201813374971,0.0,0.5330967547330506,0.2665483773665253,0.0,0.0,False,HiFi2
Wormhole,n150,1000.0,MATRIX,INT8,TTNN,Matmul2Tensors_1,sweep_32_to_4096_bf16,1,64,ttsim.ttnn.Op_65,True,True,MatMul,1,"{'compute_kernel_config': WormholeComputeKernelConfig(math_fidelity=<MathFidelity.HiFi4: 4>, math_approx_mode=False, dst_full_sync_en=False, fp32_dest_acc_en=False, packer_l1_acc=True), 'memory_config': <MemoryConfig.L1: 2>}","['ttsim.ttnn.Tensor_129', 'ttsim.ttnn.Tensor_130']",['ttsim.ttnn.Op_65.out'],ttsim.ttnn.Tensor_129[2080x2080]:float16;ttsim.ttnn.Tensor_130[2080x2080]:float16,ttsim.ttnn.Op_65.out[2080x2080]:float16,,,,False,False,,8652800,4326400,17305600,8652800,{'mac': 8998912000},0,8652800,4326400,8998912000,101713,75112,37556,50.0,MEM,112718.0,0.112718,140898.0,101713,0,0.140898,0.5414201813374971,0.0,0.5330967547330506,0.2665483773665253,0.0,0.0,False,HiFi4
Wormhole,n150,1000.0,MATRIX,INT8,TTNN,Matmul2Tensors_1,sweep_32_to_4096_bf16,1,65,ttsim.ttnn.Op_66,True,True,MatMul,1,"{'compute_kernel_config': WormholeComputeKernelConfig(math_fidelity=<MathFidelity.LoFi: 1>, math_approx_mode=False, dst_full_sync_en=False, fp32_dest_acc_en=False, packer_l1_acc=True), 'memory_config': <MemoryConfig.L1: 2>}","['ttsim.ttnn.Tensor_131', 'ttsim.ttnn.Tensor_132']",['ttsim.ttnn.Op_66.out'],ttsim.ttnn.Tensor_131[2112x2112]:float16;ttsim.ttnn.Tensor_132[2112x2112]:float16,ttsim.ttnn.Op_66.out[2112x2112]:float16,,,,False,False,,8921088,4460544,17842176,8921088,{'mac': 9420668928},0,8921088,4460544,9420668928,106481,77440,38720,50.0,MEM,116210.0,0.11621,145263.0,106481,0,0.145263,0.5497685225023664,0.0,0.5331038636950349,0.2665519318475174,0.0,0.0,False,LoFi
Wormhole,n150,1000.0,MATRIX,INT8,TTNN,Matmul2Tensors_1,sweep_32_to_4096_bf16,1,65,ttsim.ttnn.Op_66,True,True,MatMul,1,"{'compute_kernel_config': WormholeComputeKernelConfig(math_fidelity=<MathFidelity.HiFi2: 2>, math_approx_mode=False, dst_full_sync_en=False, fp32_dest_acc_en=False, packer_l1_acc=True), 'memory_config': <MemoryConfig.L1: 2>}","['ttsim.ttnn.Tensor_131', 'ttsim.ttnn.Tensor_132']",['ttsim.ttnn.Op_66.out'],ttsim.ttnn.Tensor_131[2112x2112]:float16;ttsim.ttnn.Tensor_132[2112x2112]:float16,ttsim.ttnn.Op_66.out[2112x2112]:float16,,,,False,False,,8921088,4460544,17842176,8921088,{'mac': 9420668928},0,8921088,4460544,9420668928,106481,77440,38720,50.0,MEM,116210.0,0.11621,145263.0,106481,0,0.145263,0.5497685225023664,0.0,0.5331038636950349,0.2665519318475174,0.0,0.0,False,HiFi2
Wormhole,n150,1000.0,MATRIX,INT8,TTNN,Matmul2Tensors_1,sweep_32_to_4096_bf16,1,65,ttsim.ttnn.Op_66,True,True,MatMul,1,"{'compute_kernel_config': WormholeComputeKernelConfig(math_fidelity=<MathFidelity.HiFi4: 4>, math_approx_mode=False, dst_full_sync_en=False, fp32_dest_acc_en=False, packer_l1_acc=True), 'memory_config': <MemoryConfig.L1: 2>}","['ttsim.ttnn.Tensor_131', 'ttsim.ttnn.Tensor_132']",['ttsim.ttnn.Op_66.out'],ttsim.ttnn.Tensor_131[2112x2112]:float16;ttsim.ttnn.Tensor_132[2112x2112]:float16,ttsim.ttnn.Op_66.out[2112x2112]:float16,,,,False,False,,8921088,4460544,17842176,8921088,{'mac': 9420668928},0,8921088,4460544,9420668928,106481,77440,38720,50.0,MEM,116210.0,0.11621,145263.0,106481,0,0.145263,0.5497685225023664,0.0,0.5331038636950349,0.2665519318475174,0.0,0.0,False,HiFi4
Wormhole,n150,1000.0,MATRIX,INT8,TTNN,Matmul2Tensors_1,sweep_32_to_4096_bf16,1,66,ttsim.ttnn.Op_67,True,True,MatMul,1,"{'compute_kernel_config': WormholeComputeKernelConfig(math_fidelity=<MathFidelity.LoFi: 1>, math_approx_mode=False, dst_full_sync_en=False, fp32_dest_acc_en=False, packer_l1_acc=True), 'memory_config': <MemoryConfig.L1: 2>}","['ttsim.ttnn.Tensor_133', 'ttsim.ttnn.Tensor_134']",['ttsim.ttnn.Op_67.out'],ttsim.ttnn.Tensor_133[2144x2144]:float16;ttsim.ttnn.Tensor_134[2144x2144]:float16,ttsim.ttnn.Op_67.out[2144x2144]:float16,,,,False,False,,9193472,4596736,18386944,9193472,{'mac': 9855401984},0,9193472,4596736,9855401984,111394,79805,39903,50.0,MEM,119758.0,0.1197579999999999,149698.0,111394,0,0.149698,0.5580954925766963,0.0,0.5331084353446117,0.2665575577414452,0.0,0.0,False,LoFi
Wormhole,n150,1000.0,MATRIX,INT8,TTNN,Matmul2Tensors_1,sweep_32_to_4096_bf16,1,66,ttsim.ttnn.Op_67,True,True,MatMul,1,"{'compute_kernel_config': WormholeComputeKernelConfig(math_fidelity=<MathFidelity.HiFi2: 2>, math_approx_mode=False, dst_full_sync_en=False, fp32_dest_acc_en=False, packer_l1_acc=True), 'memory_config': <MemoryConfig.L1: 2>}","['ttsim.ttnn.Tensor_133', 'ttsim.ttnn.Tensor_134']",['ttsim.ttnn.Op_67.out'],ttsim.ttnn.Tensor_133[2144x2144]:float16;ttsim.ttnn.Tensor_134[2144x2144]:float16,ttsim.ttnn.Op_67.out[2144x2144]:float16,,,,False,False,,9193472,4596736,18386944,9193472,{'mac': 9855401984},0,9193472,4596736,9855401984,111394,79805,39903,50.0,MEM,119758.0,0.1197579999999999,149698.0,111394,0,0.149698,0.5580954925766963,0.0,0.5331084353446117,0.2665575577414452,0.0,0.0,False,HiFi2
Wormhole,n150,1000.0,MATRIX,INT8,TTNN,Matmul2Tensors_1,sweep_32_to_4096_bf16,1,66,ttsim.ttnn.Op_67,True,True,MatMul,1,"{'compute_kernel_config': WormholeComputeKernelConfig(math_fidelity=<MathFidelity.HiFi4: 4>, math_approx_mode=False, dst_full_sync_en=False, fp32_dest_acc_en=False, packer_l1_acc=True), 'memory_config': <MemoryConfig.L1: 2>}","['ttsim.ttnn.Tensor_133', 'ttsim.ttnn.Tensor_134']",['ttsim.ttnn.Op_67.out'],ttsim.ttnn.Tensor_133[2144x2144]:float16;ttsim.ttnn.Tensor_134[2144x2144]:float16,ttsim.ttnn.Op_67.out[2144x2144]:float16,,,,False,False,,9193472,4596736,18386944,9193472,{'mac': 9855401984},0,9193472,4596736,9855401984,111394,79805,39903,50.0,MEM,119758.0,0.1197579999999999,149698.0,111394,0,0.149698,0.5580954925766963,0.0,0.5331084353446117,0.2665575577414452,0.0,0.0,False,HiFi4
Wormhole,n150,1000.0,MATRIX,INT8,TTNN,Matmul2Tensors_1,sweep_32_to_4096_bf16,1,67,ttsim.ttnn.Op_68,True,True,MatMul,1,"{'compute_kernel_config': WormholeComputeKernelConfig(math_fidelity=<MathFidelity.LoFi: 1>, math_approx_mode=False, dst_full_sync_en=False, fp32_dest_acc_en=False, packer_l1_acc=True), 'memory_config': <MemoryConfig.L1: 2>}","['ttsim.ttnn.Tensor_135', 'ttsim.ttnn.Tensor_136']",['ttsim.ttnn.Op_68.out'],ttsim.ttnn.Tensor_135[2176x2176]:float16;ttsim.ttnn.Tensor_136[2176x2176]:float16,ttsim.ttnn.Op_68.out[2176x2176]:float16,,,,False,False,,9469952,4734976,18939904,9469952,{'mac': 10303307776},0,9469952,4734976,10303307776,116457,82205,41103,50.0,MEM,123358.0,0.123358,154198.0,116457,0,0.154198,0.5664342807114253,0.0,0.5331149986218973,0.2665607419056729,0.0,0.0,False,LoFi
Wormhole,n150,1000.0,MATRIX,INT8,TTNN,Matmul2Tensors_1,sweep_32_to_4096_bf16,1,67,ttsim.ttnn.Op_68,True,True,MatMul,1,"{'compute_kernel_config': WormholeComputeKernelConfig(math_fidelity=<MathFidelity.HiFi2: 2>, math_approx_mode=False, dst_full_sync_en=False, fp32_dest_acc_en=False, packer_l1_acc=True), 'memory_config': <MemoryConfig.L1: 2>}","['ttsim.ttnn.Tensor_135', 'ttsim.ttnn.Tensor_136']",['ttsim.ttnn.Op_68.out'],ttsim.ttnn.Tensor_135[2176x2176]:float16;ttsim.ttnn.Tensor_136[2176x2176]:float16,ttsim.ttnn.Op_68.out[2176x2176]:float16,,,,False,False,,9469952,4734976,18939904,9469952,{'mac': 10303307776},0,9469952,4734976,10303307776,116457,82205,41103,50.0,MEM,123358.0,0.123358,154198.0,116457,0,0.154198,0.5664342807114253,0.0,0.5331149986218973,0.2665607419056729,0.0,0.0,False,HiFi2
Wormhole,n150,1000.0,MATRIX,INT8,TTNN,Matmul2Tensors_1,sweep_32_to_4096_bf16,1,67,ttsim.ttnn.Op_68,True,True,MatMul,1,"{'compute_kernel_config': WormholeComputeKernelConfig(math_fidelity=<MathFidelity.HiFi4: 4>, math_approx_mode=False, dst_full_sync_en=False, fp32_dest_acc_en=False, packer_l1_acc=True), 'memory_config': <MemoryConfig.L1: 2>}","['ttsim.ttnn.Tensor_135', 'ttsim.ttnn.Tensor_136']",['ttsim.ttnn.Op_68.out'],ttsim.ttnn.Tensor_135[2176x2176]:float16;ttsim.ttnn.Tensor_136[2176x2176]:float16,ttsim.ttnn.Op_68.out[2176x2176]:float16,,,,False,False,,9469952,4734976,18939904,9469952,{'mac': 10303307776},0,9469952,4734976,10303307776,116457,82205,41103,50.0,MEM,123358.0,0.123358,154198.0,116457,0,0.154198,0.5664342807114253,0.0,0.5331149986218973,0.2665607419056729,0.0,0.0,False,HiFi4
Wormhole,n150,1000.0,MATRIX,INT8,TTNN,Matmul2Tensors_1,sweep_32_to_4096_bf16,1,68,ttsim.ttnn.Op_69,True,True,MatMul,1,"{'compute_kernel_config': WormholeComputeKernelConfig(math_fidelity=<MathFidelity.LoFi: 1>, math_approx_mode=False, dst_full_sync_en=False, fp32_dest_acc_en=False, packer_l1_acc=True), 'memory_config': <MemoryConfig.L1: 2>}","['ttsim.ttnn.Tensor_137', 'ttsim.ttnn.Tensor_138']",['ttsim.ttnn.Op_69.out'],ttsim.ttnn.Tensor_137[2208x2208]:float16;ttsim.ttnn.Tensor_138[2208x2208]:float16,ttsim.ttnn.Op_69.out[2208x2208]:float16,,,,False,False,,9750528,4875264,19501056,9750528,{'mac': 10764582912},0,9750528,4875264,10764582912,121671,84640,42320,50.0,MEM,127010.0,0.12701,158763.0,121671,0,0.158763,0.5747783639083537,0.0,0.5331233761121171,0.2665616880560585,0.0,0.0,False,LoFi
Wormhole,n150,1000.0,MATRIX,INT8,TTNN,Matmul2Tensors_1,sweep_32_to_4096_bf16,1,68,ttsim.ttnn.Op_69,True,True,MatMul,1,"{'compute_kernel_config': WormholeComputeKernelConfig(math_fidelity=<MathFidelity.HiFi2: 2>, math_approx_mode=False, dst_full_sync_en=False, fp32_dest_acc_en=False, packer_l1_acc=True), 'memory_config': <MemoryConfig.L1: 2>}","['ttsim.ttnn.Tensor_137', 'ttsim.ttnn.Tensor_138']",['ttsim.ttnn.Op_69.out'],ttsim.ttnn.Tensor_137[2208x2208]:float16;ttsim.ttnn.Tensor_138[2208x2208]:float16,ttsim.ttnn.Op_69.out[2208x2208]:float16,,,,False,False,,9750528,4875264,19501056,9750528,{'mac': 10764582912},0,9750528,4875264,10764582912,121671,84640,42320,50.0,MEM,127010.0,0.12701,158763.0,121671,0,0.158763,0.5747783639083537,0.0,0.5331233761121171,0.2665616880560585,0.0,0.0,False,HiFi2
Wormhole,n150,1000.0,MATRIX,INT8,TTNN,Matmul2Tensors_1,sweep_32_to_4096_bf16,1,68,ttsim.ttnn.Op_69,True,True,MatMul,1,"{'compute_kernel_config': WormholeComputeKernelConfig(math_fidelity=<MathFidelity.HiFi4: 4>, math_approx_mode=False, dst_full_sync_en=False, fp32_dest_acc_en=False, packer_l1_acc=True), 'memory_config': <MemoryConfig.L1: 2>}","['ttsim.ttnn.Tensor_137', 'ttsim.ttnn.Tensor_138']",['ttsim.ttnn.Op_69.out'],ttsim.ttnn.Tensor_137[2208x2208]:float16;ttsim.ttnn.Tensor_138[2208x2208]:float16,ttsim.ttnn.Op_69.out[2208x2208]:float16,,,,False,False,,9750528,4875264,19501056,9750528,{'mac': 10764582912},0,9750528,4875264,10764582912,121671,84640,42320,50.0,MEM,127010.0,0.12701,158763.0,121671,0,0.158763,0.5747783639083537,0.0,0.5331233761121171,0.2665616880560585,0.0,0.0,False,HiFi4
Wormhole,n150,1000.0,MATRIX,INT8,TTNN,Matmul2Tensors_1,sweep_32_to_4096_bf16,1,69,ttsim.ttnn.Op_70,True,True,MatMul,1,"{'compute_kernel_config': WormholeComputeKernelConfig(math_fidelity=<MathFidelity.LoFi: 1>, math_approx_mode=False, dst_full_sync_en=False, fp32_dest_acc_en=False, packer_l1_acc=True), 'memory_config': <MemoryConfig.L1: 2>}","['ttsim.ttnn.Tensor_139', 'ttsim.ttnn.Tensor_140']",['ttsim.ttnn.Op_70.out'],ttsim.ttnn.Tensor_139[2240x2240]:float16;ttsim.ttnn.Tensor_140[2240x2240]:float16,ttsim.ttnn.Op_70.out[2240x2240]:float16,,,,False,False,,10035200,5017600,20070400,10035200,{'mac': 11239424000},0,10035200,5017600,11239424000,127038,87112,43556,50.0,MEM,130718.0,0.130718,163398.0,127038,0,0.163398,0.5831086766933399,0.0,0.5331293318441225,0.2665646659220612,0.0,0.0,False,LoFi
Wormhole,n150,1000.0,MATRIX,INT8,TTNN,Matmul2Tensors_1,sweep_32_to_4096_bf16,1,69,ttsim.ttnn.Op_70,True,True,MatMul,1,"{'compute_kernel_config': WormholeComputeKernelConfig(math_fidelity=<MathFidelity.HiFi2: 2>, math_approx_mode=False, dst_full_sync_en=False, fp32_dest_acc_en=False, packer_l1_acc=True), 'memory_config': <MemoryConfig.L1: 2>}","['ttsim.ttnn.Tensor_139', 'ttsim.ttnn.Tensor_140']",['ttsim.ttnn.Op_70.out'],ttsim.ttnn.Tensor_139[2240x2240]:float16;ttsim.ttnn.Tensor_140[2240x2240]:float16,ttsim.ttnn.Op_70.out[2240x2240]:float16,,,,False,False,,10035200,5017600,20070400,10035200,{'mac': 11239424000},0,10035200,5017600,11239424000,127038,87112,43556,50.0,MEM,130718.0,0.130718,163398.0,127038,0,0.163398,0.5831086766933399,0.0,0.5331293318441225,0.2665646659220612,0.0,0.0,False,HiFi2
Wormhole,n150,1000.0,MATRIX,INT8,TTNN,Matmul2Tensors_1,sweep_32_to_4096_bf16,1,69,ttsim.ttnn.Op_70,True,True,MatMul,1,"{'compute_kernel_config': WormholeComputeKernelConfig(math_fidelity=<MathFidelity.HiFi4: 4>, math_approx_mode=False, dst_full_sync_en=False, fp32_dest_acc_en=False, packer_l1_acc=True), 'memory_config': <MemoryConfig.L1: 2>}","['ttsim.ttnn.Tensor_139', 'ttsim.ttnn.Tensor_140']",['ttsim.ttnn.Op_70.out'],ttsim.ttnn.Tensor_139[2240x2240]:float16;ttsim.ttnn.Tensor_140[2240x2240]:float16,ttsim.ttnn.Op_70.out[2240x2240]:float16,,,,False,False,,10035200,5017600,20070400,10035200,{'mac': 11239424000},0,10035200,5017600,11239424000,127038,87112,43556,50.0,MEM,130718.0,0.130718,163398.0,127038,0,0.163398,0.5831086766933399,0.0,0.5331293318441225,0.2665646659220612,0.0,0.0,False,HiFi4
Wormhole,n150,1000.0,MATRIX,INT8,TTNN,Matmul2Tensors_1,sweep_32_to_4096_bf16,1,70,ttsim.ttnn.Op_71,True,True,MatMul,1,"{'compute_kernel_config': WormholeComputeKernelConfig(math_fidelity=<MathFidelity.LoFi: 1>, math_approx_mode=False, dst_full_sync_en=False, fp32_dest_acc_en=False, packer_l1_acc=True), 'memory_config': <MemoryConfig.L1: 2>}","['ttsim.ttnn.Tensor_141', 'ttsim.ttnn.Tensor_142']",['ttsim.ttnn.Op_71.out'],ttsim.ttnn.Tensor_141[2272x2272]:float16;ttsim.ttnn.Tensor_142[2272x2272]:float16,ttsim.ttnn.Op_71.out[2272x2272]:float16,,,,False,False,,10323968,5161984,20647936,10323968,{'mac': 11728027648},0,10323968,5161984,11728027648,132560,89618,44809,50.0,MEM,134477.0,0.134477,168097.0,132560,0,0.168097,0.5914468645195833,0.0,0.5331350342437741,0.266567517121887,0.0,0.0,False,LoFi
Wormhole,n150,1000.0,MATRIX,INT8,TTNN,Matmul2Tensors_1,sweep_32_to_4096_bf16,1,70,ttsim.ttnn.Op_71,True,True,MatMul,1,"{'compute_kernel_config': WormholeComputeKernelConfig(math_fidelity=<MathFidelity.HiFi2: 2>, math_approx_mode=False, dst_full_sync_en=False, fp32_dest_acc_en=False, packer_l1_acc=True), 'memory_config': <MemoryConfig.L1: 2>}","['ttsim.ttnn.Tensor_141', 'ttsim.ttnn.Tensor_142']",['ttsim.ttnn.Op_71.out'],ttsim.ttnn.Tensor_141[2272x2272]:float16;ttsim.ttnn.Tensor_142[2272x2272]:float16,ttsim.ttnn.Op_71.out[2272x2272]:float16,,,,False,False,,10323968,5161984,20647936,10323968,{'mac': 11728027648},0,10323968,5161984,11728027648,132560,89618,44809,50.0,MEM,134477.0,0.134477,168097.0,132560,0,0.168097,0.5914468645195833,0.0,0.5331350342437741,0.266567517121887,0.0,0.0,False,HiFi2
Wormhole,n150,1000.0,MATRIX,INT8,TTNN,Matmul2Tensors_1,sweep_32_to_4096_bf16,1,70,ttsim.ttnn.Op_71,True,True,MatMul,1,"{'compute_kernel_config': WormholeComputeKernelConfig(math_fidelity=<MathFidelity.HiFi4: 4>, math_approx_mode=False, dst_full_sync_en=False, fp32_dest_acc_en=False, packer_l1_acc=True), 'memory_config': <MemoryConfig.L1: 2>}","['ttsim.ttnn.Tensor_141', 'ttsim.ttnn.Tensor_142']",['ttsim.ttnn.Op_71.out'],ttsim.ttnn.Tensor_141[2272x2272]:float16;ttsim.ttnn.Tensor_142[2272x2272]:float16,ttsim.ttnn.Op_71.out[2272x2272]:float16,,,,False,False,,10323968,5161984,20647936,10323968,{'mac': 11728027648},0,10323968,5161984,11728027648,132560,89618,44809,50.0,MEM,134477.0,0.134477,168097.0,132560,0,0.168097,0.5914468645195833,0.0,0.5331350342437741,0.266567517121887,0.0,0.0,False,HiFi4
Wormhole,n150,1000.0,MATRIX,INT8,TTNN,Matmul2Tensors_1,sweep_32_to_4096_bf16,1,71,ttsim.ttnn.Op_72,True,True,MatMul,1,"{'compute_kernel_config': WormholeComputeKernelConfig(math_fidelity=<MathFidelity.LoFi: 1>, math_approx_mode=False, dst_full_sync_en=False, fp32_dest_acc_en=False, packer_l1_acc=True), 'memory_config': <MemoryConfig.L1: 2>}","['ttsim.ttnn.Tensor_143', 'ttsim.ttnn.Tensor_144']",['ttsim.ttnn.Op_72.out'],ttsim.ttnn.Tensor_143[2304x2304]:float16;ttsim.ttnn.Tensor_144[2304x2304]:float16,ttsim.ttnn.Op_72.out[2304x2304]:float16,,,,False,False,,10616832,5308416,21233664,10616832,{'mac': 12230590464},0,10616832,5308416,12230590464,138240,92160,46080,50.0,COMP,138290.0,0.13829,172863.0,138240,0,0.172863,0.599783064574445,0.0,0.5331405018439511,0.2665702509219755,0.0,0.0,False,LoFi
Wormhole,n150,1000.0,MATRIX,INT8,TTNN,Matmul2Tensors_1,sweep_32_to_4096_bf16,1,71,ttsim.ttnn.Op_72,True,True,MatMul,1,"{'compute_kernel_config': WormholeComputeKernelConfig(math_fidelity=<MathFidelity.HiFi2: 2>, math_approx_mode=False, dst_full_sync_en=False, fp32_dest_acc_en=False, packer_l1_acc=True), 'memory_config': <MemoryConfig.L1: 2>}","['ttsim.ttnn.Tensor_143', 'ttsim.ttnn.Tensor_144']",['ttsim.ttnn.Op_72.out'],ttsim.ttnn.Tensor_143[2304x2304]:float16;ttsim.ttnn.Tensor_144[2304x2304]:float16,ttsim.ttnn.Op_72.out[2304x2304]:float16,,,,False,False,,10616832,5308416,21233664,10616832,{'mac': 12230590464},0,10616832,5308416,12230590464,138240,92160,46080,50.0,COMP,138290.0,0.13829,172863.0,138240,0,0.172863,0.599783064574445,0.0,0.5331405018439511,0.2665702509219755,0.0,0.0,False,HiFi2
Wormhole,n150,1000.0,MATRIX,INT8,TTNN,Matmul2Tensors_1,sweep_32_to_4096_bf16,1,71,ttsim.ttnn.Op_72,True,True,MatMul,1,"{'compute_kernel_config': WormholeComputeKernelConfig(math_fidelity=<MathFidelity.HiFi4: 4>, math_approx_mode=False, dst_full_sync_en=False, fp32_dest_acc_en=False, packer_l1_acc=True), 'memory_config': <MemoryConfig.L1: 2>}","['ttsim.ttnn.Tensor_143', 'ttsim.ttnn.Tensor_144']",['ttsim.ttnn.Op_72.out'],ttsim.ttnn.Tensor_143[2304x2304]:float16;ttsim.ttnn.Tensor_144[2304x2304]:float16,ttsim.ttnn.Op_72.out[2304x2304]:float16,,,,False,False,,10616832,5308416,21233664,10616832,{'mac': 12230590464},0,10616832,5308416,12230590464,138240,92160,46080,50.0,COMP,138290.0,0.13829,172863.0,138240,0,0.172863,0.599783064574445,0.0,0.5331405018439511,0.2665702509219755,0.0,0.0,False,HiFi4
Wormhole,n150,1000.0,MATRIX,INT8,TTNN,Matmul2Tensors_1,sweep_32_to_4096_bf16,1,72,ttsim.ttnn.Op_73,True,True,MatMul,1,"{'compute_kernel_config': WormholeComputeKernelConfig(math_fidelity=<MathFidelity.LoFi: 1>, math_approx_mode=False, dst_full_sync_en=False, fp32_dest_acc_en=False, packer_l1_acc=True), 'memory_config': <MemoryConfig.L1: 2>}","['ttsim.ttnn.Tensor_145', 'ttsim.ttnn.Tensor_146']",['ttsim.ttnn.Op_73.out'],ttsim.ttnn.Tensor_145[2336x2336]:float16;ttsim.ttnn.Tensor_146[2336x2336]:float16,ttsim.ttnn.Op_73.out[2336x2336]:float16,,,,False,False,,10913792,5456896,21827584,10913792,{'mac': 12747309056},0,10913792,5456896,12747309056,144081,94738,47369,50.0,COMP,144131.0,0.144131,180164.0,144081,0,0.180164,0.5997918560198708,0.0,0.5258438503861071,0.2629219251930536,0.0,0.0,False,LoFi
Wormhole,n150,1000.0,MATRIX,INT8,TTNN,Matmul2Tensors_1,sweep_32_to_4096_bf16,1,72,ttsim.ttnn.Op_73,True,True,MatMul,1,"{'compute_kernel_config': WormholeComputeKernelConfig(math_fidelity=<MathFidelity.HiFi2: 2>, math_approx_mode=False, dst_full_sync_en=False, fp32_dest_acc_en=False, packer_l1_acc=True), 'memory_config': <MemoryConfig.L1: 2>}","['ttsim.ttnn.Tensor_145', 'ttsim.ttnn.Tensor_146']",['ttsim.ttnn.Op_73.out'],ttsim.ttnn.Tensor_145[2336x2336]:float16;ttsim.ttnn.Tensor_146[2336x2336]:float16,ttsim.ttnn.Op_73.out[2336x2336]:float16,,,,False,False,,10913792,5456896,21827584,10913792,{'mac': 12747309056},0,10913792,5456896,12747309056,144081,94738,47369,50.0,COMP,144131.0,0.144131,180164.0,144081,0,0.180164,0.5997918560198708,0.0,0.5258438503861071,0.2629219251930536,0.0,0.0,False,HiFi2
Wormhole,n150,1000.0,MATRIX,INT8,TTNN,Matmul2Tensors_1,sweep_32_to_4096_bf16,1,72,ttsim.ttnn.Op_73,True,True,MatMul,1,"{'compute_kernel_config': WormholeComputeKernelConfig(math_fidelity=<MathFidelity.HiFi4: 4>, math_approx_mode=False, dst_full_sync_en=False, fp32_dest_acc_en=False, packer_l1_acc=True), 'memory_config': <MemoryConfig.L1: 2>}","['ttsim.ttnn.Tensor_145', 'ttsim.ttnn.Tensor_146']",['ttsim.ttnn.Op_73.out'],ttsim.ttnn.Tensor_145[2336x2336]:float16;ttsim.ttnn.Tensor_146[2336x2336]:float16,ttsim.ttnn.Op_73.out[2336x2336]:float16,,,,False,False,,10913792,5456896,21827584,10913792,{'mac': 12747309056},0,10913792,5456896,12747309056,144081,94738,47369,50.0,COMP,144131.0,0.144131,180164.0,144081,0,0.180164,0.5997918560198708,0.0,0.5258438503861071,0.2629219251930536,0.0,0.0,False,HiFi4
Wormhole,n150,1000.0,MATRIX,INT8,TTNN,Matmul2Tensors_1,sweep_32_to_4096_bf16,1,73,ttsim.ttnn.Op_74,True,True,MatMul,1,"{'compute_kernel_config': WormholeComputeKernelConfig(math_fidelity=<MathFidelity.LoFi: 1>, math_approx_mode=False, dst_full_sync_en=False, fp32_dest_acc_en=False, packer_l1_acc=True), 'memory_config': <MemoryConfig.L1: 2>}","['ttsim.ttnn.Tensor_147', 'ttsim.ttnn.Tensor_148']",['ttsim.ttnn.Op_74.out'],ttsim.ttnn.Tensor_147[2368x2368]:float16;ttsim.ttnn.Tensor_148[2368x2368]:float16,ttsim.ttnn.Op_74.out[2368x2368]:float16,,,,False,False,,11214848,5607424,22429696,11214848,{'mac': 13278380032},0,11214848,5607424,13278380032,150083,97352,48676,50.0,COMP,150133.0,0.150133,187667.0,150083,0,0.187667,0.599800177176237,0.0,0.5187507077058342,0.2593753538529171,0.0,0.0,False,LoFi
Wormhole,n150,1000.0,MATRIX,INT8,TTNN,Matmul2Tensors_1,sweep_32_to_4096_bf16,1,73,ttsim.ttnn.Op_74,True,True,MatMul,1,"{'compute_kernel_config': WormholeComputeKernelConfig(math_fidelity=<MathFidelity.HiFi2: 2>, math_approx_mode=False, dst_full_sync_en=False, fp32_dest_acc_en=False, packer_l1_acc=True), 'memory_config': <MemoryConfig.L1: 2>}","['ttsim.ttnn.Tensor_147', 'ttsim.ttnn.Tensor_148']",['ttsim.ttnn.Op_74.out'],ttsim.ttnn.Tensor_147[2368x2368]:float16;ttsim.ttnn.Tensor_148[2368x2368]:float16,ttsim.ttnn.Op_74.out[2368x2368]:float16,,,,False,False,,11214848,5607424,22429696,11214848,{'mac': 13278380032},0,11214848,5607424,13278380032,150083,97352,48676,50.0,COMP,150133.0,0.150133,187667.0,150083,0,0.187667,0.599800177176237,0.0,0.5187507077058342,0.2593753538529171,0.0,0.0,False,HiFi2
Wormhole,n150,1000.0,MATRIX,INT8,TTNN,Matmul2Tensors_1,sweep_32_to_4096_bf16,1,73,ttsim.ttnn.Op_74,True,True,MatMul,1,"{'compute_kernel_config': WormholeComputeKernelConfig(math_fidelity=<MathFidelity.HiFi4: 4>, math_approx_mode=False, dst_full_sync_en=False, fp32_dest_acc_en=False, packer_l1_acc=True), 'memory_config': <MemoryConfig.L1: 2>}","['ttsim.ttnn.Tensor_147', 'ttsim.ttnn.Tensor_148']",['ttsim.ttnn.Op_74.out'],ttsim.ttnn.Tensor_147[2368x2368]:float16;ttsim.ttnn.Tensor_148[2368x2368]:float16,ttsim.ttnn.Op_74.out[2368x2368]:float16,,,,False,False,,11214848,5607424,22429696,11214848,{'mac': 13278380032},0,11214848,5607424,13278380032,150083,97352,48676,50.0,COMP,150133.0,0.150133,187667.0,150083,0,0.187667,0.599800177176237,0.0,0.5187507077058342,0.2593753538529171,0.0,0.0,False,HiFi4
Wormhole,n150,1000.0,MATRIX,INT8,TTNN,Matmul2Tensors_1,sweep_32_to_4096_bf16,1,74,ttsim.ttnn.Op_75,True,True,MatMul,1,"{'compute_kernel_config': WormholeComputeKernelConfig(math_fidelity=<MathFidelity.LoFi: 1>, math_approx_mode=False, dst_full_sync_en=False, fp32_dest_acc_en=False, packer_l1_acc=True), 'memory_config': <MemoryConfig.L1: 2>}","['ttsim.ttnn.Tensor_149', 'ttsim.ttnn.Tensor_150']",['ttsim.ttnn.Op_75.out'],ttsim.ttnn.Tensor_149[2400x2400]:float16;ttsim.ttnn.Tensor_150[2400x2400]:float16,ttsim.ttnn.Op_75.out[2400x2400]:float16,,,,False,False,,11520000,5760000,23040000,11520000,{'mac': 13824000000},0,11520000,5760000,13824000000,156251,100000,50000,50.0,COMP,156301.0,0.156301,195377.0,156251,0,0.195377,0.5998080626483515,0.0,0.5118329377291252,0.2559164688645626,0.0,0.0,False,LoFi
Wormhole,n150,1000.0,MATRIX,INT8,TTNN,Matmul2Tensors_1,sweep_32_to_4096_bf16,1,74,ttsim.ttnn.Op_75,True,True,MatMul,1,"{'compute_kernel_config': WormholeComputeKernelConfig(math_fidelity=<MathFidelity.HiFi2: 2>, math_approx_mode=False, dst_full_sync_en=False, fp32_dest_acc_en=False, packer_l1_acc=True), 'memory_config': <MemoryConfig.L1: 2>}","['ttsim.ttnn.Tensor_149', 'ttsim.ttnn.Tensor_150']",['ttsim.ttnn.Op_75.out'],ttsim.ttnn.Tensor_149[2400x2400]:float16;ttsim.ttnn.Tensor_150[2400x2400]:float16,ttsim.ttnn.Op_75.out[2400x2400]:float16,,,,False,False,,11520000,5760000,23040000,11520000,{'mac': 13824000000},0,11520000,5760000,13824000000,156251,100000,50000,50.0,COMP,156301.0,0.156301,195377.0,156251,0,0.195377,0.5998080626483515,0.0,0.5118329377291252,0.2559164688645626,0.0,0.0,False,HiFi2
Wormhole,n150,1000.0,MATRIX,INT8,TTNN,Matmul2Tensors_1,sweep_32_to_4096_bf16,1,74,ttsim.ttnn.Op_75,True,True,MatMul,1,"{'compute_kernel_config': WormholeComputeKernelConfig(math_fidelity=<MathFidelity.HiFi4: 4>, math_approx_mode=False, dst_full_sync_en=False, fp32_dest_acc_en=False, packer_l1_acc=True), 'memory_config': <MemoryConfig.L1: 2>}","['ttsim.ttnn.Tensor_149', 'ttsim.ttnn.Tensor_150']",['ttsim.ttnn.Op_75.out'],ttsim.ttnn.Tensor_149[2400x2400]:float16;ttsim.ttnn.Tensor_150[2400x2400]:float16,ttsim.ttnn.Op_75.out[2400x2400]:float16,,,,False,False,,11520000,5760000,23040000,11520000,{'mac': 13824000000},0,11520000,5760000,13824000000,156251,100000,50000,50.0,COMP,156301.0,0.156301,195377.0,156251,0,0.195377,0.5998080626483515,0.0,0.5118329377291252,0.2559164688645626,0.0,0.0,False,HiFi4
Wormhole,n150,1000.0,MATRIX,INT8,TTNN,Matmul2Tensors_1,sweep_32_to_4096_bf16,1,75,ttsim.ttnn.Op_76,True,True,MatMul,1,"{'compute_kernel_config': WormholeComputeKernelConfig(math_fidelity=<MathFidelity.LoFi: 1>, math_approx_mode=False, dst_full_sync_en=False, fp32_dest_acc_en=False, packer_l1_acc=True), 'memory_config': <MemoryConfig.L1: 2>}","['ttsim.ttnn.Tensor_151', 'ttsim.ttnn.Tensor_152']",['ttsim.ttnn.Op_76.out'],ttsim.ttnn.Tensor_151[2432x2432]:float16;ttsim.ttnn.Tensor_152[2432x2432]:float16,ttsim.ttnn.Op_76.out[2432x2432]:float16,,,,False,False,,11829248,5914624,23658496,11829248,{'mac': 14384365568},0,11829248,5914624,14384365568,162584,102685,51343,50.0,COMP,162634.0,0.1626339999999999,203293.0,162584,0,0.203293,0.5998155367266377,0.0,0.505109632672135,0.252557275846379,0.0,0.0,False,LoFi
Wormhole,n150,1000.0,MATRIX,INT8,TTNN,Matmul2Tensors_1,sweep_32_to_4096_bf16,1,75,ttsim.ttnn.Op_76,True,True,MatMul,1,"{'compute_kernel_config': WormholeComputeKernelConfig(math_fidelity=<MathFidelity.HiFi2: 2>, math_approx_mode=False, dst_full_sync_en=False, fp32_dest_acc_en=False, packer_l1_acc=True), 'memory_config': <MemoryConfig.L1: 2>}","['ttsim.ttnn.Tensor_151', 'ttsim.ttnn.Tensor_152']",['ttsim.ttnn.Op_76.out'],ttsim.ttnn.Tensor_151[2432x2432]:float16;ttsim.ttnn.Tensor_152[2432x2432]:float16,ttsim.ttnn.Op_76.out[2432x2432]:float16,,,,False,False,,11829248,5914624,23658496,11829248,{'mac': 14384365568},0,11829248,5914624,14384365568,162584,102685,51343,50.0,COMP,162634.0,0.1626339999999999,203293.0,162584,0,0.203293,0.5998155367266377,0.0,0.505109632672135,0.252557275846379,0.0,0.0,False,HiFi2
Wormhole,n150,1000.0,MATRIX,INT8,TTNN,Matmul2Tensors_1,sweep_32_to_4096_bf16,1,75,ttsim.ttnn.Op_76,True,True,MatMul,1,"{'compute_kernel_config': WormholeComputeKernelConfig(math_fidelity=<MathFidelity.HiFi4: 4>, math_approx_mode=False, dst_full_sync_en=False, fp32_dest_acc_en=False, packer_l1_acc=True), 'memory_config': <MemoryConfig.L1: 2>}","['ttsim.ttnn.Tensor_151', 'ttsim.ttnn.Tensor_152']",['ttsim.ttnn.Op_76.out'],ttsim.ttnn.Tensor_151[2432x2432]:float16;ttsim.ttnn.Tensor_152[2432x2432]:float16,ttsim.ttnn.Op_76.out[2432x2432]:float16,,,,False,False,,11829248,5914624,23658496,11829248,{'mac': 14384365568},0,11829248,5914624,14384365568,162584,102685,51343,50.0,COMP,162634.0,0.1626339999999999,203293.0,162584,0,0.203293,0.5998155367266377,0.0,0.505109632672135,0.252557275846379,0.0,0.0,False,HiFi4
Wormhole,n150,1000.0,MATRIX,INT8,TTNN,Matmul2Tensors_1,sweep_32_to_4096_bf16,1,76,ttsim.ttnn.Op_77,True,True,MatMul,1,"{'compute_kernel_config': WormholeComputeKernelConfig(math_fidelity=<MathFidelity.LoFi: 1>, math_approx_mode=False, dst_full_sync_en=False, fp32_dest_acc_en=False, packer_l1_acc=True), 'memory_config': <MemoryConfig.L1: 2>}","['ttsim.ttnn.Tensor_153', 'ttsim.ttnn.Tensor_154']",['ttsim.ttnn.Op_77.out'],ttsim.ttnn.Tensor_153[2464x2464]:float16;ttsim.ttnn.Tensor_154[2464x2464]:float16,ttsim.ttnn.Op_77.out[2464x2464]:float16,,,,False,False,,12142592,6071296,24285184,12142592,{'mac': 14959673344},0,12142592,6071296,14959673344,169087,105405,52703,50.0,COMP,169137.0,0.169137,211422.0,169087,0,0.211422,0.5998226289930648,0.0,0.498554426293478,0.2492795780934981,0.0,0.0,False,LoFi
Wormhole,n150,1000.0,MATRIX,INT8,TTNN,Matmul2Tensors_1,sweep_32_to_4096_bf16,1,76,ttsim.ttnn.Op_77,True,True,MatMul,1,"{'compute_kernel_config': WormholeComputeKernelConfig(math_fidelity=<MathFidelity.HiFi2: 2>, math_approx_mode=False, dst_full_sync_en=False, fp32_dest_acc_en=False, packer_l1_acc=True), 'memory_config': <MemoryConfig.L1: 2>}","['ttsim.ttnn.Tensor_153', 'ttsim.ttnn.Tensor_154']",['ttsim.ttnn.Op_77.out'],ttsim.ttnn.Tensor_153[2464x2464]:float16;ttsim.ttnn.Tensor_154[2464x2464]:float16,ttsim.ttnn.Op_77.out[2464x2464]:float16,,,,False,False,,12142592,6071296,24285184,12142592,{'mac': 14959673344},0,12142592,6071296,14959673344,169087,105405,52703,50.0,COMP,169137.0,0.169137,211422.0,169087,0,0.211422,0.5998226289930648,0.0,0.498554426293478,0.2492795780934981,0.0,0.0,False,HiFi2
Wormhole,n150,1000.0,MATRIX,INT8,TTNN,Matmul2Tensors_1,sweep_32_to_4096_bf16,1,76,ttsim.ttnn.Op_77,True,True,MatMul,1,"{'compute_kernel_config': WormholeComputeKernelConfig(math_fidelity=<MathFidelity.HiFi4: 4>, math_approx_mode=False, dst_full_sync_en=False, fp32_dest_acc_en=False, packer_l1_acc=True), 'memory_config': <MemoryConfig.L1: 2>}","['ttsim.ttnn.Tensor_153', 'ttsim.ttnn.Tensor_154']",['ttsim.ttnn.Op_77.out'],ttsim.ttnn.Tensor_153[2464x2464]:float16;ttsim.ttnn.Tensor_154[2464x2464]:float16,ttsim.ttnn.Op_77.out[2464x2464]:float16,,,,False,False,,12142592,6071296,24285184,12142592,{'mac': 14959673344},0,12142592,6071296,14959673344,169087,105405,52703,50.0,COMP,169137.0,0.169137,211422.0,169087,0,0.211422,0.5998226289930648,0.0,0.498554426293478,0.2492795780934981,0.0,0.0,False,HiFi4
Wormhole,n150,1000.0,MATRIX,INT8,TTNN,Matmul2Tensors_1,sweep_32_to_4096_bf16,1,77,ttsim.ttnn.Op_78,True,True,MatMul,1,"{'compute_kernel_config': WormholeComputeKernelConfig(math_fidelity=<MathFidelity.LoFi: 1>, math_approx_mode=False, dst_full_sync_en=False, fp32_dest_acc_en=False, packer_l1_acc=True), 'memory_config': <MemoryConfig.L1: 2>}","['ttsim.ttnn.Tensor_155', 'ttsim.ttnn.Tensor_156']",['ttsim.ttnn.Op_78.out'],ttsim.ttnn.Tensor_155[2496x2496]:float16;ttsim.ttnn.Tensor_156[2496x2496]:float16,ttsim.ttnn.Op_78.out[2496x2496]:float16,,,,False,False,,12460032,6230016,24920064,12460032,{'mac': 15550119936},0,12460032,6230016,15550119936,175761,108160,54080,50.0,COMP,175811.0,0.175811,219764.0,175761,0,0.219764,0.5998293622128308,0.0,0.4921648816058154,0.2460824408029077,0.0,0.0,False,LoFi
Wormhole,n150,1000.0,MATRIX,INT8,TTNN,Matmul2Tensors_1,sweep_32_to_4096_bf16,1,77,ttsim.ttnn.Op_78,True,True,MatMul,1,"{'compute_kernel_config': WormholeComputeKernelConfig(math_fidelity=<MathFidelity.HiFi2: 2>, math_approx_mode=False, dst_full_sync_en=False, fp32_dest_acc_en=False, packer_l1_acc=True), 'memory_config': <MemoryConfig.L1: 2>}","['ttsim.ttnn.Tensor_155', 'ttsim.ttnn.Tensor_156']",['ttsim.ttnn.Op_78.out'],ttsim.ttnn.Tensor_155[2496x2496]:float16;ttsim.ttnn.Tensor_156[2496x2496]:float16,ttsim.ttnn.Op_78.out[2496x2496]:float16,,,,False,False,,12460032,6230016,24920064,12460032,{'mac': 15550119936},0,12460032,6230016,15550119936,175761,108160,54080,50.0,COMP,175811.0,0.175811,219764.0,175761,0,0.219764,0.5998293622128308,0.0,0.4921648816058154,0.2460824408029077,0.0,0.0,False,HiFi2
Wormhole,n150,1000.0,MATRIX,INT8,TTNN,Matmul2Tensors_1,sweep_32_to_4096_bf16,1,77,ttsim.ttnn.Op_78,True,True,MatMul,1,"{'compute_kernel_config': WormholeComputeKernelConfig(math_fidelity=<MathFidelity.HiFi4: 4>, math_approx_mode=False, dst_full_sync_en=False, fp32_dest_acc_en=False, packer_l1_acc=True), 'memory_config': <MemoryConfig.L1: 2>}","['ttsim.ttnn.Tensor_155', 'ttsim.ttnn.Tensor_156']",['ttsim.ttnn.Op_78.out'],ttsim.ttnn.Tensor_155[2496x2496]:float16;ttsim.ttnn.Tensor_156[2496x2496]:float16,ttsim.ttnn.Op_78.out[2496x2496]:float16,,,,False,False,,12460032,6230016,24920064,12460032,{'mac': 15550119936},0,12460032,6230016,15550119936,175761,108160,54080,50.0,COMP,175811.0,0.175811,219764.0,175761,0,0.219764,0.5998293622128308,0.0,0.4921648816058154,0.2460824408029077,0.0,0.0,False,HiFi4
Wormhole,n150,1000.0,MATRIX,INT8,TTNN,Matmul2Tensors_1,sweep_32_to_4096_bf16,1,78,ttsim.ttnn.Op_79,True,True,MatMul,1,"{'compute_kernel_config': WormholeComputeKernelConfig(math_fidelity=<MathFidelity.LoFi: 1>, math_approx_mode=False, dst_full_sync_en=False, fp32_dest_acc_en=False, packer_l1_acc=True), 'memory_config': <MemoryConfig.L1: 2>}","['ttsim.ttnn.Tensor_157', 'ttsim.ttnn.Tensor_158']",['ttsim.ttnn.Op_79.out'],ttsim.ttnn.Tensor_157[2528x2528]:float16;ttsim.ttnn.Tensor_158[2528x2528]:float16,ttsim.ttnn.Op_79.out[2528x2528]:float16,,,,False,False,,12781568,6390784,25563136,12781568,{'mac': 16155901952},0,12781568,6390784,16155901952,182608,110952,55476,50.0,COMP,182658.0,0.182658,228323.0,182608,0,0.228323,0.5998357586308839,0.0,0.4859442236310482,0.2429721118155241,0.0,0.0,False,LoFi
Wormhole,n150,1000.0,MATRIX,INT8,TTNN,Matmul2Tensors_1,sweep_32_to_4096_bf16,1,78,ttsim.ttnn.Op_79,True,True,MatMul,1,"{'compute_kernel_config': WormholeComputeKernelConfig(math_fidelity=<MathFidelity.HiFi2: 2>, math_approx_mode=False, dst_full_sync_en=False, fp32_dest_acc_en=False, packer_l1_acc=True), 'memory_config': <MemoryConfig.L1: 2>}","['ttsim.ttnn.Tensor_157', 'ttsim.ttnn.Tensor_158']",['ttsim.ttnn.Op_79.out'],ttsim.ttnn.Tensor_157[2528x2528]:float16;ttsim.ttnn.Tensor_158[2528x2528]:float16,ttsim.ttnn.Op_79.out[2528x2528]:float16,,,,False,False,,12781568,6390784,25563136,12781568,{'mac': 16155901952},0,12781568,6390784,16155901952,182608,110952,55476,50.0,COMP,182658.0,0.182658,228323.0,182608,0,0.228323,0.5998357586308839,0.0,0.4859442236310482,0.2429721118155241,0.0,0.0,False,HiFi2
Wormhole,n150,1000.0,MATRIX,INT8,TTNN,Matmul2Tensors_1,sweep_32_to_4096_bf16,1,78,ttsim.ttnn.Op_79,True,True,MatMul,1,"{'compute_kernel_config': WormholeComputeKernelConfig(math_fidelity=<MathFidelity.HiFi4: 4>, math_approx_mode=False, dst_full_sync_en=False, fp32_dest_acc_en=False, packer_l1_acc=True), 'memory_config': <MemoryConfig.L1: 2>}","['ttsim.ttnn.Tensor_157', 'ttsim.ttnn.Tensor_158']",['ttsim.ttnn.Op_79.out'],ttsim.ttnn.Tensor_157[2528x2528]:float16;ttsim.ttnn.Tensor_158[2528x2528]:float16,ttsim.ttnn.Op_79.out[2528x2528]:float16,,,,False,False,,12781568,6390784,25563136,12781568,{'mac': 16155901952},0,12781568,6390784,16155901952,182608,110952,55476,50.0,COMP,182658.0,0.182658,228323.0,182608,0,0.228323,0.5998357586308839,0.0,0.4859442236310482,0.2429721118155241,0.0,0.0,False,HiFi4
Wormhole,n150,1000.0,MATRIX,INT8,TTNN,Matmul2Tensors_1,sweep_32_to_4096_bf16,1,79,ttsim.ttnn.Op_80,True,True,MatMul,1,"{'compute_kernel_config': WormholeComputeKernelConfig(math_fidelity=<MathFidelity.LoFi: 1>, math_approx_mode=False, dst_full_sync_en=False, fp32_dest_acc_en=False, packer_l1_acc=True), 'memory_config': <MemoryConfig.L1: 2>}","['ttsim.ttnn.Tensor_159', 'ttsim.ttnn.Tensor_160']",['ttsim.ttnn.Op_80.out'],ttsim.ttnn.Tensor_159[2560x2560]:float16;ttsim.ttnn.Tensor_160[2560x2560]:float16,ttsim.ttnn.Op_80.out[2560x2560]:float16,,,,False,False,,13107200,6553600,26214400,13107200,{'mac': 16777216000},0,13107200,6553600,16777216000,189630,113778,56889,50.0,COMP,189680.0,0.18968,237100.0,189630,0,0.2371,0.5998418388865457,0.0,0.4798734711092366,0.2399367355546183,0.0,0.0,False,LoFi
Wormhole,n150,1000.0,MATRIX,INT8,TTNN,Matmul2Tensors_1,sweep_32_to_4096_bf16,1,79,ttsim.ttnn.Op_80,True,True,MatMul,1,"{'compute_kernel_config': WormholeComputeKernelConfig(math_fidelity=<MathFidelity.HiFi2: 2>, math_approx_mode=False, dst_full_sync_en=False, fp32_dest_acc_en=False, packer_l1_acc=True), 'memory_config': <MemoryConfig.L1: 2>}","['ttsim.ttnn.Tensor_159', 'ttsim.ttnn.Tensor_160']",['ttsim.ttnn.Op_80.out'],ttsim.ttnn.Tensor_159[2560x2560]:float16;ttsim.ttnn.Tensor_160[2560x2560]:float16,ttsim.ttnn.Op_80.out[2560x2560]:float16,,,,False,False,,13107200,6553600,26214400,13107200,{'mac': 16777216000},0,13107200,6553600,16777216000,189630,113778,56889,50.0,COMP,189680.0,0.18968,237100.0,189630,0,0.2371,0.5998418388865457,0.0,0.4798734711092366,0.2399367355546183,0.0,0.0,False,HiFi2
Wormhole,n150,1000.0,MATRIX,INT8,TTNN,Matmul2Tensors_1,sweep_32_to_4096_bf16,1,79,ttsim.ttnn.Op_80,True,True,MatMul,1,"{'compute_kernel_config': WormholeComputeKernelConfig(math_fidelity=<MathFidelity.HiFi4: 4>, math_approx_mode=False, dst_full_sync_en=False, fp32_dest_acc_en=False, packer_l1_acc=True), 'memory_config': <MemoryConfig.L1: 2>}","['ttsim.ttnn.Tensor_159', 'ttsim.ttnn.Tensor_160']",['ttsim.ttnn.Op_80.out'],ttsim.ttnn.Tensor_159[2560x2560]:float16;ttsim.ttnn.Tensor_160[2560x2560]:float16,ttsim.ttnn.Op_80.out[2560x2560]:float16,,,,False,False,,13107200,6553600,26214400,13107200,{'mac': 16777216000},0,13107200,6553600,16777216000,189630,113778,56889,50.0,COMP,189680.0,0.18968,237100.0,189630,0,0.2371,0.5998418388865457,0.0,0.4798734711092366,0.2399367355546183,0.0,0.0,False,HiFi4
Wormhole,n150,1000.0,MATRIX,INT8,TTNN,Matmul2Tensors_1,sweep_32_to_4096_bf16,1,80,ttsim.ttnn.Op_81,True,True,MatMul,1,"{'compute_kernel_config': WormholeComputeKernelConfig(math_fidelity=<MathFidelity.LoFi: 1>, math_approx_mode=False, dst_full_sync_en=False, fp32_dest_acc_en=False, packer_l1_acc=True), 'memory_config': <MemoryConfig.L1: 2>}","['ttsim.ttnn.Tensor_161', 'ttsim.ttnn.Tensor_162']",['ttsim.ttnn.Op_81.out'],ttsim.ttnn.Tensor_161[2592x2592]:float16;ttsim.ttnn.Tensor_162[2592x2592]:float16,ttsim.ttnn.Op_81.out[2592x2592]:float16,,,,False,False,,13436928,6718464,26873856,13436928,{'mac': 17414258688},0,13436928,6718464,17414258688,196831,116640,58320,50.0,COMP,196881.0,0.196881,246102.0,196831,0,0.246102,0.5998476236914685,0.0,0.4739512700565316,0.2369756350282658,0.0,0.0,False,LoFi
Wormhole,n150,1000.0,MATRIX,INT8,TTNN,Matmul2Tensors_1,sweep_32_to_4096_bf16,1,80,ttsim.ttnn.Op_81,True,True,MatMul,1,"{'compute_kernel_config': WormholeComputeKernelConfig(math_fidelity=<MathFidelity.HiFi2: 2>, math_approx_mode=False, dst_full_sync_en=False, fp32_dest_acc_en=False, packer_l1_acc=True), 'memory_config': <MemoryConfig.L1: 2>}","['ttsim.ttnn.Tensor_161', 'ttsim.ttnn.Tensor_162']",['ttsim.ttnn.Op_81.out'],ttsim.ttnn.Tensor_161[2592x2592]:float16;ttsim.ttnn.Tensor_162[2592x2592]:float16,ttsim.ttnn.Op_81.out[2592x2592]:float16,,,,False,False,,13436928,6718464,26873856,13436928,{'mac': 17414258688},0,13436928,6718464,17414258688,196831,116640,58320,50.0,COMP,196881.0,0.196881,246102.0,196831,0,0.246102,0.5998476236914685,0.0,0.4739512700565316,0.2369756350282658,0.0,0.0,False,HiFi2
Wormhole,n150,1000.0,MATRIX,INT8,TTNN,Matmul2Tensors_1,sweep_32_to_4096_bf16,1,80,ttsim.ttnn.Op_81,True,True,MatMul,1,"{'compute_kernel_config': WormholeComputeKernelConfig(math_fidelity=<MathFidelity.HiFi4: 4>, math_approx_mode=False, dst_full_sync_en=False, fp32_dest_acc_en=False, packer_l1_acc=True), 'memory_config': <MemoryConfig.L1: 2>}","['ttsim.ttnn.Tensor_161', 'ttsim.ttnn.Tensor_162']",['ttsim.ttnn.Op_81.out'],ttsim.ttnn.Tensor_161[2592x2592]:float16;ttsim.ttnn.Tensor_162[2592x2592]:float16,ttsim.ttnn.Op_81.out[2592x2592]:float16,,,,False,False,,13436928,6718464,26873856,13436928,{'mac': 17414258688},0,13436928,6718464,17414258688,196831,116640,58320,50.0,COMP,196881.0,0.196881,246102.0,196831,0,0.246102,0.5998476236914685,0.0,0.4739512700565316,0.2369756350282658,0.0,0.0,False,HiFi4
Wormhole,n150,1000.0,MATRIX,INT8,TTNN,Matmul2Tensors_1,sweep_32_to_4096_bf16,1,81,ttsim.ttnn.Op_82,True,True,MatMul,1,"{'compute_kernel_config': WormholeComputeKernelConfig(math_fidelity=<MathFidelity.LoFi: 1>, math_approx_mode=False, dst_full_sync_en=False, fp32_dest_acc_en=False, packer_l1_acc=True), 'memory_config': <MemoryConfig.L1: 2>}","['ttsim.ttnn.Tensor_163', 'ttsim.ttnn.Tensor_164']",['ttsim.ttnn.Op_82.out'],ttsim.ttnn.Tensor_163[2624x2624]:float16;ttsim.ttnn.Tensor_164[2624x2624]:float16,ttsim.ttnn.Op_82.out[2624x2624]:float16,,,,False,False,,13770752,6885376,27541504,13770752,{'mac': 18067226624},0,13770752,6885376,18067226624,204211,119538,59769,50.0,COMP,204261.0,0.204261,255327.0,204211,0,0.2553269999999999,0.5998531290848473,0.0,0.4681774788138705,0.2340887394069352,0.0,0.0,False,LoFi
Wormhole,n150,1000.0,MATRIX,INT8,TTNN,Matmul2Tensors_1,sweep_32_to_4096_bf16,1,81,ttsim.ttnn.Op_82,True,True,MatMul,1,"{'compute_kernel_config': WormholeComputeKernelConfig(math_fidelity=<MathFidelity.HiFi2: 2>, math_approx_mode=False, dst_full_sync_en=False, fp32_dest_acc_en=False, packer_l1_acc=True), 'memory_config': <MemoryConfig.L1: 2>}","['ttsim.ttnn.Tensor_163', 'ttsim.ttnn.Tensor_164']",['ttsim.ttnn.Op_82.out'],ttsim.ttnn.Tensor_163[2624x2624]:float16;ttsim.ttnn.Tensor_164[2624x2624]:float16,ttsim.ttnn.Op_82.out[2624x2624]:float16,,,,False,False,,13770752,6885376,27541504,13770752,{'mac': 18067226624},0,13770752,6885376,18067226624,204211,119538,59769,50.0,COMP,204261.0,0.204261,255327.0,204211,0,0.2553269999999999,0.5998531290848473,0.0,0.4681774788138705,0.2340887394069352,0.0,0.0,False,HiFi2
Wormhole,n150,1000.0,MATRIX,INT8,TTNN,Matmul2Tensors_1,sweep_32_to_4096_bf16,1,81,ttsim.ttnn.Op_82,True,True,MatMul,1,"{'compute_kernel_config': WormholeComputeKernelConfig(math_fidelity=<MathFidelity.HiFi4: 4>, math_approx_mode=False, dst_full_sync_en=False, fp32_dest_acc_en=False, packer_l1_acc=True), 'memory_config': <MemoryConfig.L1: 2>}","['ttsim.ttnn.Tensor_163', 'ttsim.ttnn.Tensor_164']",['ttsim.ttnn.Op_82.out'],ttsim.ttnn.Tensor_163[2624x2624]:float16;ttsim.ttnn.Tensor_164[2624x2624]:float16,ttsim.ttnn.Op_82.out[2624x2624]:float16,,,,False,False,,13770752,6885376,27541504,13770752,{'mac': 18067226624},0,13770752,6885376,18067226624,204211,119538,59769,50.0,COMP,204261.0,0.204261,255327.0,204211,0,0.2553269999999999,0.5998531290848473,0.0,0.4681774788138705,0.2340887394069352,0.0,0.0,False,HiFi4
Wormhole,n150,1000.0,MATRIX,INT8,TTNN,Matmul2Tensors_1,sweep_32_to_4096_bf16,1,82,ttsim.ttnn.Op_83,True,True,MatMul,1,"{'compute_kernel_config': WormholeComputeKernelConfig(math_fidelity=<MathFidelity.LoFi: 1>, math_approx_mode=False, dst_full_sync_en=False, fp32_dest_acc_en=False, packer_l1_acc=True), 'memory_config': <MemoryConfig.L1: 2>}","['ttsim.ttnn.Tensor_165', 'ttsim.ttnn.Tensor_166']",['ttsim.ttnn.Op_83.out'],ttsim.ttnn.Tensor_165[2656x2656]:float16;ttsim.ttnn.Tensor_166[2656x2656]:float16,ttsim.ttnn.Op_83.out[2656x2656]:float16,,,,False,False,,14108672,7054336,28217344,14108672,{'mac': 18736316416},0,14108672,7054336,18736316416,211773,122472,61236,50.0,COMP,211823.0,0.211823,264779.0,211773,0,0.264779,0.5998583723202863,0.0,0.462544671730643,0.2312723358653215,0.0,0.0,False,LoFi
Wormhole,n150,1000.0,MATRIX,INT8,TTNN,Matmul2Tensors_1,sweep_32_to_4096_bf16,1,82,ttsim.ttnn.Op_83,True,True,MatMul,1,"{'compute_kernel_config': WormholeComputeKernelConfig(math_fidelity=<MathFidelity.HiFi2: 2>, math_approx_mode=False, dst_full_sync_en=False, fp32_dest_acc_en=False, packer_l1_acc=True), 'memory_config': <MemoryConfig.L1: 2>}","['ttsim.ttnn.Tensor_165', 'ttsim.ttnn.Tensor_166']",['ttsim.ttnn.Op_83.out'],ttsim.ttnn.Tensor_165[2656x2656]:float16;ttsim.ttnn.Tensor_166[2656x2656]:float16,ttsim.ttnn.Op_83.out[2656x2656]:float16,,,,False,False,,14108672,7054336,28217344,14108672,{'mac': 18736316416},0,14108672,7054336,18736316416,211773,122472,61236,50.0,COMP,211823.0,0.211823,264779.0,211773,0,0.264779,0.5998583723202863,0.0,0.462544671730643,0.2312723358653215,0.0,0.0,False,HiFi2
Wormhole,n150,1000.0,MATRIX,INT8,TTNN,Matmul2Tensors_1,sweep_32_to_4096_bf16,1,82,ttsim.ttnn.Op_83,True,True,MatMul,1,"{'compute_kernel_config': WormholeComputeKernelConfig(math_fidelity=<MathFidelity.HiFi4: 4>, math_approx_mode=False, dst_full_sync_en=False, fp32_dest_acc_en=False, packer_l1_acc=True), 'memory_config': <MemoryConfig.L1: 2>}","['ttsim.ttnn.Tensor_165', 'ttsim.ttnn.Tensor_166']",['ttsim.ttnn.Op_83.out'],ttsim.ttnn.Tensor_165[2656x2656]:float16;ttsim.ttnn.Tensor_166[2656x2656]:float16,ttsim.ttnn.Op_83.out[2656x2656]:float16,,,,False,False,,14108672,7054336,28217344,14108672,{'mac': 18736316416},0,14108672,7054336,18736316416,211773,122472,61236,50.0,COMP,211823.0,0.211823,264779.0,211773,0,0.264779,0.5998583723202863,0.0,0.462544671730643,0.2312723358653215,0.0,0.0,False,HiFi4
Wormhole,n150,1000.0,MATRIX,INT8,TTNN,Matmul2Tensors_1,sweep_32_to_4096_bf16,1,83,ttsim.ttnn.Op_84,True,True,MatMul,1,"{'compute_kernel_config': WormholeComputeKernelConfig(math_fidelity=<MathFidelity.LoFi: 1>, math_approx_mode=False, dst_full_sync_en=False, fp32_dest_acc_en=False, packer_l1_acc=True), 'memory_config': <MemoryConfig.L1: 2>}","['ttsim.ttnn.Tensor_167', 'ttsim.ttnn.Tensor_168']",['ttsim.ttnn.Op_84.out'],ttsim.ttnn.Tensor_167[2688x2688]:float16;ttsim.ttnn.Tensor_168[2688x2688]:float16,ttsim.ttnn.Op_84.out[2688x2688]:float16,,,,False,False,,14450688,7225344,28901376,14450688,{'mac': 19421724672},0,14450688,7225344,19421724672,219521,125440,62720,50.0,COMP,219571.0,0.219571,274464.0,219521,0,0.274464,0.5998633699350097,0.0,0.4570366760637789,0.2285183380318894,0.0,0.0,False,LoFi
Wormhole,n150,1000.0,MATRIX,INT8,TTNN,Matmul2Tensors_1,sweep_32_to_4096_bf16,1,83,ttsim.ttnn.Op_84,True,True,MatMul,1,"{'compute_kernel_config': WormholeComputeKernelConfig(math_fidelity=<MathFidelity.HiFi2: 2>, math_approx_mode=False, dst_full_sync_en=False, fp32_dest_acc_en=False, packer_l1_acc=True), 'memory_config': <MemoryConfig.L1: 2>}","['ttsim.ttnn.Tensor_167', 'ttsim.ttnn.Tensor_168']",['ttsim.ttnn.Op_84.out'],ttsim.ttnn.Tensor_167[2688x2688]:float16;ttsim.ttnn.Tensor_168[2688x2688]:float16,ttsim.ttnn.Op_84.out[2688x2688]:float16,,,,False,False,,14450688,7225344,28901376,14450688,{'mac': 19421724672},0,14450688,7225344,19421724672,219521,125440,62720,50.0,COMP,219571.0,0.219571,274464.0,219521,0,0.274464,0.5998633699350097,0.0,0.4570366760637789,0.2285183380318894,0.0,0.0,False,HiFi2
Wormhole,n150,1000.0,MATRIX,INT8,TTNN,Matmul2Tensors_1,sweep_32_to_4096_bf16,1,83,ttsim.ttnn.Op_84,True,True,MatMul,1,"{'compute_kernel_config': WormholeComputeKernelConfig(math_fidelity=<MathFidelity.HiFi4: 4>, math_approx_mode=False, dst_full_sync_en=False, fp32_dest_acc_en=False, packer_l1_acc=True), 'memory_config': <MemoryConfig.L1: 2>}","['ttsim.ttnn.Tensor_167', 'ttsim.ttnn.Tensor_168']",['ttsim.ttnn.Op_84.out'],ttsim.ttnn.Tensor_167[2688x2688]:float16;ttsim.ttnn.Tensor_168[2688x2688]:float16,ttsim.ttnn.Op_84.out[2688x2688]:float16,,,,False,False,,14450688,7225344,28901376,14450688,{'mac': 19421724672},0,14450688,7225344,19421724672,219521,125440,62720,50.0,COMP,219571.0,0.219571,274464.0,219521,0,0.274464,0.5998633699350097,0.0,0.4570366760637789,0.2285183380318894,0.0,0.0,False,HiFi4
Wormhole,n150,1000.0,MATRIX,INT8,TTNN,Matmul2Tensors_1,sweep_32_to_4096_bf16,1,84,ttsim.ttnn.Op_85,True,True,MatMul,1,"{'compute_kernel_config': WormholeComputeKernelConfig(math_fidelity=<MathFidelity.LoFi: 1>, math_approx_mode=False, dst_full_sync_en=False, fp32_dest_acc_en=False, packer_l1_acc=True), 'memory_config': <MemoryConfig.L1: 2>}","['ttsim.ttnn.Tensor_169', 'ttsim.ttnn.Tensor_170']",['ttsim.ttnn.Op_85.out'],ttsim.ttnn.Tensor_169[2720x2720]:float16;ttsim.ttnn.Tensor_170[2720x2720]:float16,ttsim.ttnn.Op_85.out[2720x2720]:float16,,,,False,False,,14796800,7398400,29593600,14796800,{'mac': 20123648000},0,14796800,7398400,20123648000,227454,128445,64223,50.0,COMP,227504.0,0.2275039999999999,284380.0,227454,0,0.28438,0.5998681341866516,0.0,0.451666783880723,0.2258351501512061,0.0,0.0,False,LoFi
Wormhole,n150,1000.0,MATRIX,INT8,TTNN,Matmul2Tensors_1,sweep_32_to_4096_bf16,1,84,ttsim.ttnn.Op_85,True,True,MatMul,1,"{'compute_kernel_config': WormholeComputeKernelConfig(math_fidelity=<MathFidelity.HiFi2: 2>, math_approx_mode=False, dst_full_sync_en=False, fp32_dest_acc_en=False, packer_l1_acc=True), 'memory_config': <MemoryConfig.L1: 2>}","['ttsim.ttnn.Tensor_169', 'ttsim.ttnn.Tensor_170']",['ttsim.ttnn.Op_85.out'],ttsim.ttnn.Tensor_169[2720x2720]:float16;ttsim.ttnn.Tensor_170[2720x2720]:float16,ttsim.ttnn.Op_85.out[2720x2720]:float16,,,,False,False,,14796800,7398400,29593600,14796800,{'mac': 20123648000},0,14796800,7398400,20123648000,227454,128445,64223,50.0,COMP,227504.0,0.2275039999999999,284380.0,227454,0,0.28438,0.5998681341866516,0.0,0.451666783880723,0.2258351501512061,0.0,0.0,False,HiFi2
Wormhole,n150,1000.0,MATRIX,INT8,TTNN,Matmul2Tensors_1,sweep_32_to_4096_bf16,1,84,ttsim.ttnn.Op_85,True,True,MatMul,1,"{'compute_kernel_config': WormholeComputeKernelConfig(math_fidelity=<MathFidelity.HiFi4: 4>, math_approx_mode=False, dst_full_sync_en=False, fp32_dest_acc_en=False, packer_l1_acc=True), 'memory_config': <MemoryConfig.L1: 2>}","['ttsim.ttnn.Tensor_169', 'ttsim.ttnn.Tensor_170']",['ttsim.ttnn.Op_85.out'],ttsim.ttnn.Tensor_169[2720x2720]:float16;ttsim.ttnn.Tensor_170[2720x2720]:float16,ttsim.ttnn.Op_85.out[2720x2720]:float16,,,,False,False,,14796800,7398400,29593600,14796800,{'mac': 20123648000},0,14796800,7398400,20123648000,227454,128445,64223,50.0,COMP,227504.0,0.2275039999999999,284380.0,227454,0,0.28438,0.5998681341866516,0.0,0.451666783880723,0.2258351501512061,0.0,0.0,False,HiFi4
Wormhole,n150,1000.0,MATRIX,INT8,TTNN,Matmul2Tensors_1,sweep_32_to_4096_bf16,1,85,ttsim.ttnn.Op_86,True,True,MatMul,1,"{'compute_kernel_config': WormholeComputeKernelConfig(math_fidelity=<MathFidelity.LoFi: 1>, math_approx_mode=False, dst_full_sync_en=False, fp32_dest_acc_en=False, packer_l1_acc=True), 'memory_config': <MemoryConfig.L1: 2>}","['ttsim.ttnn.Tensor_171', 'ttsim.ttnn.Tensor_172']",['ttsim.ttnn.Op_86.out'],ttsim.ttnn.Tensor_171[2752x2752]:float16;ttsim.ttnn.Tensor_172[2752x2752]:float16,ttsim.ttnn.Op_86.out[2752x2752]:float16,,,,False,False,,15147008,7573504,30294016,15147008,{'mac': 20842283008},0,15147008,7573504,20842283008,235577,131485,65743,50.0,COMP,235627.0,0.235627,294534.0,235577,0,0.294534,0.599872680125792,0.0,0.4464174309395783,0.2232104130681119,0.0,0.0,False,LoFi
Wormhole,n150,1000.0,MATRIX,INT8,TTNN,Matmul2Tensors_1,sweep_32_to_4096_bf16,1,85,ttsim.ttnn.Op_86,True,True,MatMul,1,"{'compute_kernel_config': WormholeComputeKernelConfig(math_fidelity=<MathFidelity.HiFi2: 2>, math_approx_mode=False, dst_full_sync_en=False, fp32_dest_acc_en=False, packer_l1_acc=True), 'memory_config': <MemoryConfig.L1: 2>}","['ttsim.ttnn.Tensor_171', 'ttsim.ttnn.Tensor_172']",['ttsim.ttnn.Op_86.out'],ttsim.ttnn.Tensor_171[2752x2752]:float16;ttsim.ttnn.Tensor_172[2752x2752]:float16,ttsim.ttnn.Op_86.out[2752x2752]:float16,,,,False,False,,15147008,7573504,30294016,15147008,{'mac': 20842283008},0,15147008,7573504,20842283008,235577,131485,65743,50.0,COMP,235627.0,0.235627,294534.0,235577,0,0.294534,0.599872680125792,0.0,0.4464174309395783,0.2232104130681119,0.0,0.0,False,HiFi2
Wormhole,n150,1000.0,MATRIX,INT8,TTNN,Matmul2Tensors_1,sweep_32_to_4096_bf16,1,85,ttsim.ttnn.Op_86,True,True,MatMul,1,"{'compute_kernel_config': WormholeComputeKernelConfig(math_fidelity=<MathFidelity.HiFi4: 4>, math_approx_mode=False, dst_full_sync_en=False, fp32_dest_acc_en=False, packer_l1_acc=True), 'memory_config': <MemoryConfig.L1: 2>}","['ttsim.ttnn.Tensor_171', 'ttsim.ttnn.Tensor_172']",['ttsim.ttnn.Op_86.out'],ttsim.ttnn.Tensor_171[2752x2752]:float16;ttsim.ttnn.Tensor_172[2752x2752]:float16,ttsim.ttnn.Op_86.out[2752x2752]:float16,,,,False,False,,15147008,7573504,30294016,15147008,{'mac': 20842283008},0,15147008,7573504,20842283008,235577,131485,65743,50.0,COMP,235627.0,0.235627,294534.0,235577,0,0.294534,0.599872680125792,0.0,0.4464174309395783,0.2232104130681119,0.0,0.0,False,HiFi4
Wormhole,n150,1000.0,MATRIX,INT8,TTNN,Matmul2Tensors_1,sweep_32_to_4096_bf16,1,86,ttsim.ttnn.Op_87,True,True,MatMul,1,"{'compute_kernel_config': WormholeComputeKernelConfig(math_fidelity=<MathFidelity.LoFi: 1>, math_approx_mode=False, dst_full_sync_en=False, fp32_dest_acc_en=False, packer_l1_acc=True), 'memory_config': <MemoryConfig.L1: 2>}","['ttsim.ttnn.Tensor_173', 'ttsim.ttnn.Tensor_174']",['ttsim.ttnn.Op_87.out'],ttsim.ttnn.Tensor_173[2784x2784]:float16;ttsim.ttnn.Tensor_174[2784x2784]:float16,ttsim.ttnn.Op_87.out[2784x2784]:float16,,,,False,False,,15501312,7750656,31002624,15501312,{'mac': 21577826304},0,15501312,7750656,21577826304,243891,134560,67280,50.0,COMP,243941.0,0.243941,304927.0,243891,0,0.304927,0.599877019443226,0.0,0.4412870325201585,0.2206435162600792,0.0,0.0,False,LoFi
Wormhole,n150,1000.0,MATRIX,INT8,TTNN,Matmul2Tensors_1,sweep_32_to_4096_bf16,1,86,ttsim.ttnn.Op_87,True,True,MatMul,1,"{'compute_kernel_config': WormholeComputeKernelConfig(math_fidelity=<MathFidelity.HiFi2: 2>, math_approx_mode=False, dst_full_sync_en=False, fp32_dest_acc_en=False, packer_l1_acc=True), 'memory_config': <MemoryConfig.L1: 2>}","['ttsim.ttnn.Tensor_173', 'ttsim.ttnn.Tensor_174']",['ttsim.ttnn.Op_87.out'],ttsim.ttnn.Tensor_173[2784x2784]:float16;ttsim.ttnn.Tensor_174[2784x2784]:float16,ttsim.ttnn.Op_87.out[2784x2784]:float16,,,,False,False,,15501312,7750656,31002624,15501312,{'mac': 21577826304},0,15501312,7750656,21577826304,243891,134560,67280,50.0,COMP,243941.0,0.243941,304927.0,243891,0,0.304927,0.599877019443226,0.0,0.4412870325201585,0.2206435162600792,0.0,0.0,False,HiFi2
Wormhole,n150,1000.0,MATRIX,INT8,TTNN,Matmul2Tensors_1,sweep_32_to_4096_bf16,1,86,ttsim.ttnn.Op_87,True,True,MatMul,1,"{'compute_kernel_config': WormholeComputeKernelConfig(math_fidelity=<MathFidelity.HiFi4: 4>, math_approx_mode=False, dst_full_sync_en=False, fp32_dest_acc_en=False, packer_l1_acc=True), 'memory_config': <MemoryConfig.L1: 2>}","['ttsim.ttnn.Tensor_173', 'ttsim.ttnn.Tensor_174']",['ttsim.ttnn.Op_87.out'],ttsim.ttnn.Tensor_173[2784x2784]:float16;ttsim.ttnn.Tensor_174[2784x2784]:float16,ttsim.ttnn.Op_87.out[2784x2784]:float16,,,,False,False,,15501312,7750656,31002624,15501312,{'mac': 21577826304},0,15501312,7750656,21577826304,243891,134560,67280,50.0,COMP,243941.0,0.243941,304927.0,243891,0,0.304927,0.599877019443226,0.0,0.4412870325201585,0.2206435162600792,0.0,0.0,False,HiFi4
Wormhole,n150,1000.0,MATRIX,INT8,TTNN,Matmul2Tensors_1,sweep_32_to_4096_bf16,1,87,ttsim.ttnn.Op_88,True,True,MatMul,1,"{'compute_kernel_config': WormholeComputeKernelConfig(math_fidelity=<MathFidelity.LoFi: 1>, math_approx_mode=False, dst_full_sync_en=False, fp32_dest_acc_en=False, packer_l1_acc=True), 'memory_config': <MemoryConfig.L1: 2>}","['ttsim.ttnn.Tensor_175', 'ttsim.ttnn.Tensor_176']",['ttsim.ttnn.Op_88.out'],ttsim.ttnn.Tensor_175[2816x2816]:float16;ttsim.ttnn.Tensor_176[2816x2816]:float16,ttsim.ttnn.Op_88.out[2816x2816]:float16,,,,False,False,,15859712,7929856,31719424,15859712,{'mac': 22330474496},0,15859712,7929856,22330474496,252398,137672,68836,50.0,COMP,252448.0,0.252448,315560.0,252398,0,0.31556,0.5998811636455824,0.0,0.4362783622765877,0.2181391811382938,0.0,0.0,False,LoFi
Wormhole,n150,1000.0,MATRIX,INT8,TTNN,Matmul2Tensors_1,sweep_32_to_4096_bf16,1,87,ttsim.ttnn.Op_88,True,True,MatMul,1,"{'compute_kernel_config': WormholeComputeKernelConfig(math_fidelity=<MathFidelity.HiFi2: 2>, math_approx_mode=False, dst_full_sync_en=False, fp32_dest_acc_en=False, packer_l1_acc=True), 'memory_config': <MemoryConfig.L1: 2>}","['ttsim.ttnn.Tensor_175', 'ttsim.ttnn.Tensor_176']",['ttsim.ttnn.Op_88.out'],ttsim.ttnn.Tensor_175[2816x2816]:float16;ttsim.ttnn.Tensor_176[2816x2816]:float16,ttsim.ttnn.Op_88.out[2816x2816]:float16,,,,False,False,,15859712,7929856,31719424,15859712,{'mac': 22330474496},0,15859712,7929856,22330474496,252398,137672,68836,50.0,COMP,252448.0,0.252448,315560.0,252398,0,0.31556,0.5998811636455824,0.0,0.4362783622765877,0.2181391811382938,0.0,0.0,False,HiFi2
Wormhole,n150,1000.0,MATRIX,INT8,TTNN,Matmul2Tensors_1,sweep_32_to_4096_bf16,1,87,ttsim.ttnn.Op_88,True,True,MatMul,1,"{'compute_kernel_config': WormholeComputeKernelConfig(math_fidelity=<MathFidelity.HiFi4: 4>, math_approx_mode=False, dst_full_sync_en=False, fp32_dest_acc_en=False, packer_l1_acc=True), 'memory_config': <MemoryConfig.L1: 2>}","['ttsim.ttnn.Tensor_175', 'ttsim.ttnn.Tensor_176']",['ttsim.ttnn.Op_88.out'],ttsim.ttnn.Tensor_175[2816x2816]:float16;ttsim.ttnn.Tensor_176[2816x2816]:float16,ttsim.ttnn.Op_88.out[2816x2816]:float16,,,,False,False,,15859712,7929856,31719424,15859712,{'mac': 22330474496},0,15859712,7929856,22330474496,252398,137672,68836,50.0,COMP,252448.0,0.252448,315560.0,252398,0,0.31556,0.5998811636455824,0.0,0.4362783622765877,0.2181391811382938,0.0,0.0,False,HiFi4
Wormhole,n150,1000.0,MATRIX,INT8,TTNN,Matmul2Tensors_1,sweep_32_to_4096_bf16,1,88,ttsim.ttnn.Op_89,True,True,MatMul,1,"{'compute_kernel_config': WormholeComputeKernelConfig(math_fidelity=<MathFidelity.LoFi: 1>, math_approx_mode=False, dst_full_sync_en=False, fp32_dest_acc_en=False, packer_l1_acc=True), 'memory_config': <MemoryConfig.L1: 2>}","['ttsim.ttnn.Tensor_177', 'ttsim.ttnn.Tensor_178']",['ttsim.ttnn.Op_89.out'],ttsim.ttnn.Tensor_177[2848x2848]:float16;ttsim.ttnn.Tensor_178[2848x2848]:float16,ttsim.ttnn.Op_89.out[2848x2848]:float16,,,,False,False,,16222208,8111104,32444416,16222208,{'mac': 23100424192},0,16222208,8111104,23100424192,261100,140818,70409,50.0,COMP,261150.0,0.26115,326438.0,261100,0,0.326438,0.5998851234922458,0.0,0.4313781351713575,0.2156890675856787,0.0,0.0,False,LoFi
Wormhole,n150,1000.0,MATRIX,INT8,TTNN,Matmul2Tensors_1,sweep_32_to_4096_bf16,1,88,ttsim.ttnn.Op_89,True,True,MatMul,1,"{'compute_kernel_config': WormholeComputeKernelConfig(math_fidelity=<MathFidelity.HiFi2: 2>, math_approx_mode=False, dst_full_sync_en=False, fp32_dest_acc_en=False, packer_l1_acc=True), 'memory_config': <MemoryConfig.L1: 2>}","['ttsim.ttnn.Tensor_177', 'ttsim.ttnn.Tensor_178']",['ttsim.ttnn.Op_89.out'],ttsim.ttnn.Tensor_177[2848x2848]:float16;ttsim.ttnn.Tensor_178[2848x2848]:float16,ttsim.ttnn.Op_89.out[2848x2848]:float16,,,,False,False,,16222208,8111104,32444416,16222208,{'mac': 23100424192},0,16222208,8111104,23100424192,261100,140818,70409,50.0,COMP,261150.0,0.26115,326438.0,261100,0,0.326438,0.5998851234922458,0.0,0.4313781351713575,0.2156890675856787,0.0,0.0,False,HiFi2
Wormhole,n150,1000.0,MATRIX,INT8,TTNN,Matmul2Tensors_1,sweep_32_to_4096_bf16,1,88,ttsim.ttnn.Op_89,True,True,MatMul,1,"{'compute_kernel_config': WormholeComputeKernelConfig(math_fidelity=<MathFidelity.HiFi4: 4>, math_approx_mode=False, dst_full_sync_en=False, fp32_dest_acc_en=False, packer_l1_acc=True), 'memory_config': <MemoryConfig.L1: 2>}","['ttsim.ttnn.Tensor_177', 'ttsim.ttnn.Tensor_178']",['ttsim.ttnn.Op_89.out'],ttsim.ttnn.Tensor_177[2848x2848]:float16;ttsim.ttnn.Tensor_178[2848x2848]:float16,ttsim.ttnn.Op_89.out[2848x2848]:float16,,,,False,False,,16222208,8111104,32444416,16222208,{'mac': 23100424192},0,16222208,8111104,23100424192,261100,140818,70409,50.0,COMP,261150.0,0.26115,326438.0,261100,0,0.326438,0.5998851234922458,0.0,0.4313781351713575,0.2156890675856787,0.0,0.0,False,HiFi4
Wormhole,n150,1000.0,MATRIX,INT8,TTNN,Matmul2Tensors_1,sweep_32_to_4096_bf16,1,89,ttsim.ttnn.Op_90,True,True,MatMul,1,"{'compute_kernel_config': WormholeComputeKernelConfig(math_fidelity=<MathFidelity.LoFi: 1>, math_approx_mode=False, dst_full_sync_en=False, fp32_dest_acc_en=False, packer_l1_acc=True), 'memory_config': <MemoryConfig.L1: 2>}","['ttsim.ttnn.Tensor_179', 'ttsim.ttnn.Tensor_180']",['ttsim.ttnn.Op_90.out'],ttsim.ttnn.Tensor_179[2880x2880]:float16;ttsim.ttnn.Tensor_180[2880x2880]:float16,ttsim.ttnn.Op_90.out[2880x2880]:float16,,,,False,False,,16588800,8294400,33177600,16588800,{'mac': 23887872000},0,16588800,8294400,23887872000,270000,144000,72000,50.0,COMP,270050.0,0.27005,337563.0,270000,0,0.337563,0.5998889094612109,0.0,0.4265876689501944,0.2132938344750972,0.0,0.0,False,LoFi
Wormhole,n150,1000.0,MATRIX,INT8,TTNN,Matmul2Tensors_1,sweep_32_to_4096_bf16,1,89,ttsim.ttnn.Op_90,True,True,MatMul,1,"{'compute_kernel_config': WormholeComputeKernelConfig(math_fidelity=<MathFidelity.HiFi2: 2>, math_approx_mode=False, dst_full_sync_en=False, fp32_dest_acc_en=False, packer_l1_acc=True), 'memory_config': <MemoryConfig.L1: 2>}","['ttsim.ttnn.Tensor_179', 'ttsim.ttnn.Tensor_180']",['ttsim.ttnn.Op_90.out'],ttsim.ttnn.Tensor_179[2880x2880]:float16;ttsim.ttnn.Tensor_180[2880x2880]:float16,ttsim.ttnn.Op_90.out[2880x2880]:float16,,,,False,False,,16588800,8294400,33177600,16588800,{'mac': 23887872000},0,16588800,8294400,23887872000,270000,144000,72000,50.0,COMP,270050.0,0.27005,337563.0,270000,0,0.337563,0.5998889094612109,0.0,0.4265876689501944,0.2132938344750972,0.0,0.0,False,HiFi2
Wormhole,n150,1000.0,MATRIX,INT8,TTNN,Matmul2Tensors_1,sweep_32_to_4096_bf16,1,89,ttsim.ttnn.Op_90,True,True,MatMul,1,"{'compute_kernel_config': WormholeComputeKernelConfig(math_fidelity=<MathFidelity.HiFi4: 4>, math_approx_mode=False, dst_full_sync_en=False, fp32_dest_acc_en=False, packer_l1_acc=True), 'memory_config': <MemoryConfig.L1: 2>}","['ttsim.ttnn.Tensor_179', 'ttsim.ttnn.Tensor_180']",['ttsim.ttnn.Op_90.out'],ttsim.ttnn.Tensor_179[2880x2880]:float16;ttsim.ttnn.Tensor_180[2880x2880]:float16,ttsim.ttnn.Op_90.out[2880x2880]:float16,,,,False,False,,16588800,8294400,33177600,16588800,{'mac': 23887872000},0,16588800,8294400,23887872000,270000,144000,72000,50.0,COMP,270050.0,0.27005,337563.0,270000,0,0.337563,0.5998889094612109,0.0,0.4265876689501944,0.2132938344750972,0.0,0.0,False,HiFi4
Wormhole,n150,1000.0,MATRIX,INT8,TTNN,Matmul2Tensors_1,sweep_32_to_4096_bf16,1,90,ttsim.ttnn.Op_91,True,True,MatMul,1,"{'compute_kernel_config': WormholeComputeKernelConfig(math_fidelity=<MathFidelity.LoFi: 1>, math_approx_mode=False, dst_full_sync_en=False, fp32_dest_acc_en=False, packer_l1_acc=True), 'memory_config': <MemoryConfig.L1: 2>}","['ttsim.ttnn.Tensor_181', 'ttsim.ttnn.Tensor_182']",['ttsim.ttnn.Op_91.out'],ttsim.ttnn.Tensor_181[2912x2912]:float16;ttsim.ttnn.Tensor_182[2912x2912]:float16,ttsim.ttnn.Op_91.out[2912x2912]:float16,,,,False,False,,16959488,8479744,33918976,16959488,{'mac': 24693014528},0,16959488,8479744,24693014528,279101,147218,73609,50.0,COMP,279151.0,0.279151,348939.0,279101,0,0.348939,0.5998925312823525,0.0,0.4219021246565479,0.2109510623282739,0.0,0.0,False,LoFi
Wormhole,n150,1000.0,MATRIX,INT8,TTNN,Matmul2Tensors_1,sweep_32_to_4096_bf16,1,90,ttsim.ttnn.Op_91,True,True,MatMul,1,"{'compute_kernel_config': WormholeComputeKernelConfig(math_fidelity=<MathFidelity.HiFi2: 2>, math_approx_mode=False, dst_full_sync_en=False, fp32_dest_acc_en=False, packer_l1_acc=True), 'memory_config': <MemoryConfig.L1: 2>}","['ttsim.ttnn.Tensor_181', 'ttsim.ttnn.Tensor_182']",['ttsim.ttnn.Op_91.out'],ttsim.ttnn.Tensor_181[2912x2912]:float16;ttsim.ttnn.Tensor_182[2912x2912]:float16,ttsim.ttnn.Op_91.out[2912x2912]:float16,,,,False,False,,16959488,8479744,33918976,16959488,{'mac': 24693014528},0,16959488,8479744,24693014528,279101,147218,73609,50.0,COMP,279151.0,0.279151,348939.0,279101,0,0.348939,0.5998925312823525,0.0,0.4219021246565479,0.2109510623282739,0.0,0.0,False,HiFi2
Wormhole,n150,1000.0,MATRIX,INT8,TTNN,Matmul2Tensors_1,sweep_32_to_4096_bf16,1,90,ttsim.ttnn.Op_91,True,True,MatMul,1,"{'compute_kernel_config': WormholeComputeKernelConfig(math_fidelity=<MathFidelity.HiFi4: 4>, math_approx_mode=False, dst_full_sync_en=False, fp32_dest_acc_en=False, packer_l1_acc=True), 'memory_config': <MemoryConfig.L1: 2>}","['ttsim.ttnn.Tensor_181', 'ttsim.ttnn.Tensor_182']",['ttsim.ttnn.Op_91.out'],ttsim.ttnn.Tensor_181[2912x2912]:float16;ttsim.ttnn.Tensor_182[2912x2912]:float16,ttsim.ttnn.Op_91.out[2912x2912]:float16,,,,False,False,,16959488,8479744,33918976,16959488,{'mac': 24693014528},0,16959488,8479744,24693014528,279101,147218,73609,50.0,COMP,279151.0,0.279151,348939.0,279101,0,0.348939,0.5998925312823525,0.0,0.4219021246565479,0.2109510623282739,0.0,0.0,False,HiFi4
Wormhole,n150,1000.0,MATRIX,INT8,TTNN,Matmul2Tensors_1,sweep_32_to_4096_bf16,1,91,ttsim.ttnn.Op_92,True,True,MatMul,1,"{'compute_kernel_config': WormholeComputeKernelConfig(math_fidelity=<MathFidelity.LoFi: 1>, math_approx_mode=False, dst_full_sync_en=False, fp32_dest_acc_en=False, packer_l1_acc=True), 'memory_config': <MemoryConfig.L1: 2>}","['ttsim.ttnn.Tensor_183', 'ttsim.ttnn.Tensor_184']",['ttsim.ttnn.Op_92.out'],ttsim.ttnn.Tensor_183[2944x2944]:float16;ttsim.ttnn.Tensor_184[2944x2944]:float16,ttsim.ttnn.Op_92.out[2944x2944]:float16,,,,False,False,,17334272,8667136,34668544,17334272,{'mac': 25516048384},0,17334272,8667136,25516048384,288403,150472,75236,50.0,COMP,288453.0,0.2884529999999999,360567.0,288403,0,0.360567,0.5998959969215089,0.0,0.4173213660457683,0.2086606830228841,0.0,0.0,False,LoFi
Wormhole,n150,1000.0,MATRIX,INT8,TTNN,Matmul2Tensors_1,sweep_32_to_4096_bf16,1,91,ttsim.ttnn.Op_92,True,True,MatMul,1,"{'compute_kernel_config': WormholeComputeKernelConfig(math_fidelity=<MathFidelity.HiFi2: 2>, math_approx_mode=False, dst_full_sync_en=False, fp32_dest_acc_en=False, packer_l1_acc=True), 'memory_config': <MemoryConfig.L1: 2>}","['ttsim.ttnn.Tensor_183', 'ttsim.ttnn.Tensor_184']",['ttsim.ttnn.Op_92.out'],ttsim.ttnn.Tensor_183[2944x2944]:float16;ttsim.ttnn.Tensor_184[2944x2944]:float16,ttsim.ttnn.Op_92.out[2944x2944]:float16,,,,False,False,,17334272,8667136,34668544,17334272,{'mac': 25516048384},0,17334272,8667136,25516048384,288403,150472,75236,50.0,COMP,288453.0,0.2884529999999999,360567.0,288403,0,0.360567,0.5998959969215089,0.0,0.4173213660457683,0.2086606830228841,0.0,0.0,False,HiFi2
Wormhole,n150,1000.0,MATRIX,INT8,TTNN,Matmul2Tensors_1,sweep_32_to_4096_bf16,1,91,ttsim.ttnn.Op_92,True,True,MatMul,1,"{'compute_kernel_config': WormholeComputeKernelConfig(math_fidelity=<MathFidelity.HiFi4: 4>, math_approx_mode=False, dst_full_sync_en=False, fp32_dest_acc_en=False, packer_l1_acc=True), 'memory_config': <MemoryConfig.L1: 2>}","['ttsim.ttnn.Tensor_183', 'ttsim.ttnn.Tensor_184']",['ttsim.ttnn.Op_92.out'],ttsim.ttnn.Tensor_183[2944x2944]:float16;ttsim.ttnn.Tensor_184[2944x2944]:float16,ttsim.ttnn.Op_92.out[2944x2944]:float16,,,,False,False,,17334272,8667136,34668544,17334272,{'mac': 25516048384},0,17334272,8667136,25516048384,288403,150472,75236,50.0,COMP,288453.0,0.2884529999999999,360567.0,288403,0,0.360567,0.5998959969215089,0.0,0.4173213660457683,0.2086606830228841,0.0,0.0,False,HiFi4
Wormhole,n150,1000.0,MATRIX,INT8,TTNN,Matmul2Tensors_1,sweep_32_to_4096_bf16,1,92,ttsim.ttnn.Op_93,True,True,MatMul,1,"{'compute_kernel_config': WormholeComputeKernelConfig(math_fidelity=<MathFidelity.LoFi: 1>, math_approx_mode=False, dst_full_sync_en=False, fp32_dest_acc_en=False, packer_l1_acc=True), 'memory_config': <MemoryConfig.L1: 2>}","['ttsim.ttnn.Tensor_185', 'ttsim.ttnn.Tensor_186']",['ttsim.ttnn.Op_93.out'],ttsim.ttnn.Tensor_185[2976x2976]:float16;ttsim.ttnn.Tensor_186[2976x2976]:float16,ttsim.ttnn.Op_93.out[2976x2976]:float16,,,,False,False,,17713152,8856576,35426304,17713152,{'mac': 26357170176},0,17713152,8856576,26357170176,297911,153760,76880,50.0,COMP,297961.0,0.297961,372452.0,297911,0,0.372452,0.5998993156822537,0.0,0.4128325519111562,0.2064162759555781,0.0,0.0,False,LoFi
Wormhole,n150,1000.0,MATRIX,INT8,TTNN,Matmul2Tensors_1,sweep_32_to_4096_bf16,1,92,ttsim.ttnn.Op_93,True,True,MatMul,1,"{'compute_kernel_config': WormholeComputeKernelConfig(math_fidelity=<MathFidelity.HiFi2: 2>, math_approx_mode=False, dst_full_sync_en=False, fp32_dest_acc_en=False, packer_l1_acc=True), 'memory_config': <MemoryConfig.L1: 2>}","['ttsim.ttnn.Tensor_185', 'ttsim.ttnn.Tensor_186']",['ttsim.ttnn.Op_93.out'],ttsim.ttnn.Tensor_185[2976x2976]:float16;ttsim.ttnn.Tensor_186[2976x2976]:float16,ttsim.ttnn.Op_93.out[2976x2976]:float16,,,,False,False,,17713152,8856576,35426304,17713152,{'mac': 26357170176},0,17713152,8856576,26357170176,297911,153760,76880,50.0,COMP,297961.0,0.297961,372452.0,297911,0,0.372452,0.5998993156822537,0.0,0.4128325519111562,0.2064162759555781,0.0,0.0,False,HiFi2
Wormhole,n150,1000.0,MATRIX,INT8,TTNN,Matmul2Tensors_1,sweep_32_to_4096_bf16,1,92,ttsim.ttnn.Op_93,True,True,MatMul,1,"{'compute_kernel_config': WormholeComputeKernelConfig(math_fidelity=<MathFidelity.HiFi4: 4>, math_approx_mode=False, dst_full_sync_en=False, fp32_dest_acc_en=False, packer_l1_acc=True), 'memory_config': <MemoryConfig.L1: 2>}","['ttsim.ttnn.Tensor_185', 'ttsim.ttnn.Tensor_186']",['ttsim.ttnn.Op_93.out'],ttsim.ttnn.Tensor_185[2976x2976]:float16;ttsim.ttnn.Tensor_186[2976x2976]:float16,ttsim.ttnn.Op_93.out[2976x2976]:float16,,,,False,False,,17713152,8856576,35426304,17713152,{'mac': 26357170176},0,17713152,8856576,26357170176,297911,153760,76880,50.0,COMP,297961.0,0.297961,372452.0,297911,0,0.372452,0.5998993156822537,0.0,0.4128325519111562,0.2064162759555781,0.0,0.0,False,HiFi4
Wormhole,n150,1000.0,MATRIX,INT8,TTNN,Matmul2Tensors_1,sweep_32_to_4096_bf16,1,93,ttsim.ttnn.Op_94,True,True,MatMul,1,"{'compute_kernel_config': WormholeComputeKernelConfig(math_fidelity=<MathFidelity.LoFi: 1>, math_approx_mode=False, dst_full_sync_en=False, fp32_dest_acc_en=False, packer_l1_acc=True), 'memory_config': <MemoryConfig.L1: 2>}","['ttsim.ttnn.Tensor_187', 'ttsim.ttnn.Tensor_188']",['ttsim.ttnn.Op_94.out'],ttsim.ttnn.Tensor_187[3008x3008]:float16;ttsim.ttnn.Tensor_188[3008x3008]:float16,ttsim.ttnn.Op_94.out[3008x3008]:float16,,,,False,False,,18096128,9048064,36192256,18096128,{'mac': 27216576512},0,18096128,9048064,27216576512,307624,157085,78543,50.0,COMP,307674.0,0.307674,384593.0,307624,0,0.384593,0.5999024941984048,0.0,0.4084453024954985,0.2042239513251038,0.0,0.0,False,LoFi
Wormhole,n150,1000.0,MATRIX,INT8,TTNN,Matmul2Tensors_1,sweep_32_to_4096_bf16,1,93,ttsim.ttnn.Op_94,True,True,MatMul,1,"{'compute_kernel_config': WormholeComputeKernelConfig(math_fidelity=<MathFidelity.HiFi2: 2>, math_approx_mode=False, dst_full_sync_en=False, fp32_dest_acc_en=False, packer_l1_acc=True), 'memory_config': <MemoryConfig.L1: 2>}","['ttsim.ttnn.Tensor_187', 'ttsim.ttnn.Tensor_188']",['ttsim.ttnn.Op_94.out'],ttsim.ttnn.Tensor_187[3008x3008]:float16;ttsim.ttnn.Tensor_188[3008x3008]:float16,ttsim.ttnn.Op_94.out[3008x3008]:float16,,,,False,False,,18096128,9048064,36192256,18096128,{'mac': 27216576512},0,18096128,9048064,27216576512,307624,157085,78543,50.0,COMP,307674.0,0.307674,384593.0,307624,0,0.384593,0.5999024941984048,0.0,0.4084453024954985,0.2042239513251038,0.0,0.0,False,HiFi2
Wormhole,n150,1000.0,MATRIX,INT8,TTNN,Matmul2Tensors_1,sweep_32_to_4096_bf16,1,93,ttsim.ttnn.Op_94,True,True,MatMul,1,"{'compute_kernel_config': WormholeComputeKernelConfig(math_fidelity=<MathFidelity.HiFi4: 4>, math_approx_mode=False, dst_full_sync_en=False, fp32_dest_acc_en=False, packer_l1_acc=True), 'memory_config': <MemoryConfig.L1: 2>}","['ttsim.ttnn.Tensor_187', 'ttsim.ttnn.Tensor_188']",['ttsim.ttnn.Op_94.out'],ttsim.ttnn.Tensor_187[3008x3008]:float16;ttsim.ttnn.Tensor_188[3008x3008]:float16,ttsim.ttnn.Op_94.out[3008x3008]:float16,,,,False,False,,18096128,9048064,36192256,18096128,{'mac': 27216576512},0,18096128,9048064,27216576512,307624,157085,78543,50.0,COMP,307674.0,0.307674,384593.0,307624,0,0.384593,0.5999024941984048,0.0,0.4084453024954985,0.2042239513251038,0.0,0.0,False,HiFi4
Wormhole,n150,1000.0,MATRIX,INT8,TTNN,Matmul2Tensors_1,sweep_32_to_4096_bf16,1,94,ttsim.ttnn.Op_95,True,True,MatMul,1,"{'compute_kernel_config': WormholeComputeKernelConfig(math_fidelity=<MathFidelity.LoFi: 1>, math_approx_mode=False, dst_full_sync_en=False, fp32_dest_acc_en=False, packer_l1_acc=True), 'memory_config': <MemoryConfig.L1: 2>}","['ttsim.ttnn.Tensor_189', 'ttsim.ttnn.Tensor_190']",['ttsim.ttnn.Op_95.out'],ttsim.ttnn.Tensor_189[3040x3040]:float16;ttsim.ttnn.Tensor_190[3040x3040]:float16,ttsim.ttnn.Op_95.out[3040x3040]:float16,,,,False,False,,18483200,9241600,36966400,18483200,{'mac': 28094464000},0,18483200,9241600,28094464000,317547,160445,80223,50.0,COMP,317597.0,0.3175969999999999,396997.0,317547,0,0.396997,0.5999055406694648,0.0,0.4041473943393672,0.202074956627424,0.0,0.0,False,LoFi
Wormhole,n150,1000.0,MATRIX,INT8,TTNN,Matmul2Tensors_1,sweep_32_to_4096_bf16,1,94,ttsim.ttnn.Op_95,True,True,MatMul,1,"{'compute_kernel_config': WormholeComputeKernelConfig(math_fidelity=<MathFidelity.HiFi2: 2>, math_approx_mode=False, dst_full_sync_en=False, fp32_dest_acc_en=False, packer_l1_acc=True), 'memory_config': <MemoryConfig.L1: 2>}","['ttsim.ttnn.Tensor_189', 'ttsim.ttnn.Tensor_190']",['ttsim.ttnn.Op_95.out'],ttsim.ttnn.Tensor_189[3040x3040]:float16;ttsim.ttnn.Tensor_190[3040x3040]:float16,ttsim.ttnn.Op_95.out[3040x3040]:float16,,,,False,False,,18483200,9241600,36966400,18483200,{'mac': 28094464000},0,18483200,9241600,28094464000,317547,160445,80223,50.0,COMP,317597.0,0.3175969999999999,396997.0,317547,0,0.396997,0.5999055406694648,0.0,0.4041473943393672,0.202074956627424,0.0,0.0,False,HiFi2
Wormhole,n150,1000.0,MATRIX,INT8,TTNN,Matmul2Tensors_1,sweep_32_to_4096_bf16,1,94,ttsim.ttnn.Op_95,True,True,MatMul,1,"{'compute_kernel_config': WormholeComputeKernelConfig(math_fidelity=<MathFidelity.HiFi4: 4>, math_approx_mode=False, dst_full_sync_en=False, fp32_dest_acc_en=False, packer_l1_acc=True), 'memory_config': <MemoryConfig.L1: 2>}","['ttsim.ttnn.Tensor_189', 'ttsim.ttnn.Tensor_190']",['ttsim.ttnn.Op_95.out'],ttsim.ttnn.Tensor_189[3040x3040]:float16;ttsim.ttnn.Tensor_190[3040x3040]:float16,ttsim.ttnn.Op_95.out[3040x3040]:float16,,,,False,False,,18483200,9241600,36966400,18483200,{'mac': 28094464000},0,18483200,9241600,28094464000,317547,160445,80223,50.0,COMP,317597.0,0.3175969999999999,396997.0,317547,0,0.396997,0.5999055406694648,0.0,0.4041473943393672,0.202074956627424,0.0,0.0,False,HiFi4
Wormhole,n150,1000.0,MATRIX,INT8,TTNN,Matmul2Tensors_1,sweep_32_to_4096_bf16,1,95,ttsim.ttnn.Op_96,True,True,MatMul,1,"{'compute_kernel_config': WormholeComputeKernelConfig(math_fidelity=<MathFidelity.LoFi: 1>, math_approx_mode=False, dst_full_sync_en=False, fp32_dest_acc_en=False, packer_l1_acc=True), 'memory_config': <MemoryConfig.L1: 2>}","['ttsim.ttnn.Tensor_191', 'ttsim.ttnn.Tensor_192']",['ttsim.ttnn.Op_96.out'],ttsim.ttnn.Tensor_191[3072x3072]:float16;ttsim.ttnn.Tensor_192[3072x3072]:float16,ttsim.ttnn.Op_96.out[3072x3072]:float16,,,,False,False,,18874368,9437184,37748736,18874368,{'mac': 28991029248},0,18874368,9437184,28991029248,327681,163840,81920,50.0,COMP,327731.0,0.327731,409664.0,327681,0,0.409664,0.599908461512643,0.0,0.3999377538285972,0.1999688769142986,0.0,0.0,False,LoFi
Wormhole,n150,1000.0,MATRIX,INT8,TTNN,Matmul2Tensors_1,sweep_32_to_4096_bf16,1,95,ttsim.ttnn.Op_96,True,True,MatMul,1,"{'compute_kernel_config': WormholeComputeKernelConfig(math_fidelity=<MathFidelity.HiFi2: 2>, math_approx_mode=False, dst_full_sync_en=False, fp32_dest_acc_en=False, packer_l1_acc=True), 'memory_config': <MemoryConfig.L1: 2>}","['ttsim.ttnn.Tensor_191', 'ttsim.ttnn.Tensor_192']",['ttsim.ttnn.Op_96.out'],ttsim.ttnn.Tensor_191[3072x3072]:float16;ttsim.ttnn.Tensor_192[3072x3072]:float16,ttsim.ttnn.Op_96.out[3072x3072]:float16,,,,False,False,,18874368,9437184,37748736,18874368,{'mac': 28991029248},0,18874368,9437184,28991029248,327681,163840,81920,50.0,COMP,327731.0,0.327731,409664.0,327681,0,0.409664,0.599908461512643,0.0,0.3999377538285972,0.1999688769142986,0.0,0.0,False,HiFi2
Wormhole,n150,1000.0,MATRIX,INT8,TTNN,Matmul2Tensors_1,sweep_32_to_4096_bf16,1,95,ttsim.ttnn.Op_96,True,True,MatMul,1,"{'compute_kernel_config': WormholeComputeKernelConfig(math_fidelity=<MathFidelity.HiFi4: 4>, math_approx_mode=False, dst_full_sync_en=False, fp32_dest_acc_en=False, packer_l1_acc=True), 'memory_config': <MemoryConfig.L1: 2>}","['ttsim.ttnn.Tensor_191', 'ttsim.ttnn.Tensor_192']",['ttsim.ttnn.Op_96.out'],ttsim.ttnn.Tensor_191[3072x3072]:float16;ttsim.ttnn.Tensor_192[3072x3072]:float16,ttsim.ttnn.Op_96.out[3072x3072]:float16,,,,False,False,,18874368,9437184,37748736,18874368,{'mac': 28991029248},0,18874368,9437184,28991029248,327681,163840,81920,50.0,COMP,327731.0,0.327731,409664.0,327681,0,0.409664,0.599908461512643,0.0,0.3999377538285972,0.1999688769142986,0.0,0.0,False,HiFi4
Wormhole,n150,1000.0,MATRIX,INT8,TTNN,Matmul2Tensors_1,sweep_32_to_4096_bf16,1,96,ttsim.ttnn.Op_97,True,True,MatMul,1,"{'compute_kernel_config': WormholeComputeKernelConfig(math_fidelity=<MathFidelity.LoFi: 1>, math_approx_mode=False, dst_full_sync_en=False, fp32_dest_acc_en=False, packer_l1_acc=True), 'memory_config': <MemoryConfig.L1: 2>}","['ttsim.ttnn.Tensor_193', 'ttsim.ttnn.Tensor_194']",['ttsim.ttnn.Op_97.out'],ttsim.ttnn.Tensor_193[3104x3104]:float16;ttsim.ttnn.Tensor_194[3104x3104]:float16,ttsim.ttnn.Op_97.out[3104x3104]:float16,,,,False,False,,19269632,9634816,38539264,19269632,{'mac': 29906468864},0,19269632,9634816,29906468864,338028,167272,83636,50.0,COMP,338078.0,0.338078,422598.0,338028,0,0.422598,0.5999112630813007,0.0,0.395818716390892,0.197909358195446,0.0,0.0,False,LoFi
Wormhole,n150,1000.0,MATRIX,INT8,TTNN,Matmul2Tensors_1,sweep_32_to_4096_bf16,1,96,ttsim.ttnn.Op_97,True,True,MatMul,1,"{'compute_kernel_config': WormholeComputeKernelConfig(math_fidelity=<MathFidelity.HiFi2: 2>, math_approx_mode=False, dst_full_sync_en=False, fp32_dest_acc_en=False, packer_l1_acc=True), 'memory_config': <MemoryConfig.L1: 2>}","['ttsim.ttnn.Tensor_193', 'ttsim.ttnn.Tensor_194']",['ttsim.ttnn.Op_97.out'],ttsim.ttnn.Tensor_193[3104x3104]:float16;ttsim.ttnn.Tensor_194[3104x3104]:float16,ttsim.ttnn.Op_97.out[3104x3104]:float16,,,,False,False,,19269632,9634816,38539264,19269632,{'mac': 29906468864},0,19269632,9634816,29906468864,338028,167272,83636,50.0,COMP,338078.0,0.338078,422598.0,338028,0,0.422598,0.5999112630813007,0.0,0.395818716390892,0.197909358195446,0.0,0.0,False,HiFi2
Wormhole,n150,1000.0,MATRIX,INT8,TTNN,Matmul2Tensors_1,sweep_32_to_4096_bf16,1,96,ttsim.ttnn.Op_97,True,True,MatMul,1,"{'compute_kernel_config': WormholeComputeKernelConfig(math_fidelity=<MathFidelity.HiFi4: 4>, math_approx_mode=False, dst_full_sync_en=False, fp32_dest_acc_en=False, packer_l1_acc=True), 'memory_config': <MemoryConfig.L1: 2>}","['ttsim.ttnn.Tensor_193', 'ttsim.ttnn.Tensor_194']",['ttsim.ttnn.Op_97.out'],ttsim.ttnn.Tensor_193[3104x3104]:float16;ttsim.ttnn.Tensor_194[3104x3104]:float16,ttsim.ttnn.Op_97.out[3104x3104]:float16,,,,False,False,,19269632,9634816,38539264,19269632,{'mac': 29906468864},0,19269632,9634816,29906468864,338028,167272,83636,50.0,COMP,338078.0,0.338078,422598.0,338028,0,0.422598,0.5999112630813007,0.0,0.395818716390892,0.197909358195446,0.0,0.0,False,HiFi4
Wormhole,n150,1000.0,MATRIX,INT8,TTNN,Matmul2Tensors_1,sweep_32_to_4096_bf16,1,97,ttsim.ttnn.Op_98,True,True,MatMul,1,"{'compute_kernel_config': WormholeComputeKernelConfig(math_fidelity=<MathFidelity.LoFi: 1>, math_approx_mode=False, dst_full_sync_en=False, fp32_dest_acc_en=False, packer_l1_acc=True), 'memory_config': <MemoryConfig.L1: 2>}","['ttsim.ttnn.Tensor_195', 'ttsim.ttnn.Tensor_196']",['ttsim.ttnn.Op_98.out'],ttsim.ttnn.Tensor_195[3136x3136]:float16;ttsim.ttnn.Tensor_196[3136x3136]:float16,ttsim.ttnn.Op_98.out[3136x3136]:float16,,,,False,False,,19668992,9834496,39337984,19668992,{'mac': 30840979456},0,19668992,9834496,30840979456,348590,170738,85369,50.0,COMP,348640.0,0.34864,435800.0,348590,0,0.4358,0.599913951353832,0.0,0.3917806333180358,0.1958903166590179,0.0,0.0,False,LoFi
Wormhole,n150,1000.0,MATRIX,INT8,TTNN,Matmul2Tensors_1,sweep_32_to_4096_bf16,1,97,ttsim.ttnn.Op_98,True,True,MatMul,1,"{'compute_kernel_config': WormholeComputeKernelConfig(math_fidelity=<MathFidelity.HiFi2: 2>, math_approx_mode=False, dst_full_sync_en=False, fp32_dest_acc_en=False, packer_l1_acc=True), 'memory_config': <MemoryConfig.L1: 2>}","['ttsim.ttnn.Tensor_195', 'ttsim.ttnn.Tensor_196']",['ttsim.ttnn.Op_98.out'],ttsim.ttnn.Tensor_195[3136x3136]:float16;ttsim.ttnn.Tensor_196[3136x3136]:float16,ttsim.ttnn.Op_98.out[3136x3136]:float16,,,,False,False,,19668992,9834496,39337984,19668992,{'mac': 30840979456},0,19668992,9834496,30840979456,348590,170738,85369,50.0,COMP,348640.0,0.34864,435800.0,348590,0,0.4358,0.599913951353832,0.0,0.3917806333180358,0.1958903166590179,0.0,0.0,False,HiFi2
Wormhole,n150,1000.0,MATRIX,INT8,TTNN,Matmul2Tensors_1,sweep_32_to_4096_bf16,1,97,ttsim.ttnn.Op_98,True,True,MatMul,1,"{'compute_kernel_config': WormholeComputeKernelConfig(math_fidelity=<MathFidelity.HiFi4: 4>, math_approx_mode=False, dst_full_sync_en=False, fp32_dest_acc_en=False, packer_l1_acc=True), 'memory_config': <MemoryConfig.L1: 2>}","['ttsim.ttnn.Tensor_195', 'ttsim.ttnn.Tensor_196']",['ttsim.ttnn.Op_98.out'],ttsim.ttnn.Tensor_195[3136x3136]:float16;ttsim.ttnn.Tensor_196[3136x3136]:float16,ttsim.ttnn.Op_98.out[3136x3136]:float16,,,,False,False,,19668992,9834496,39337984,19668992,{'mac': 30840979456},0,19668992,9834496,30840979456,348590,170738,85369,50.0,COMP,348640.0,0.34864,435800.0,348590,0,0.4358,0.599913951353832,0.0,0.3917806333180358,0.1958903166590179,0.0,0.0,False,HiFi4
Wormhole,n150,1000.0,MATRIX,INT8,TTNN,Matmul2Tensors_1,sweep_32_to_4096_bf16,1,98,ttsim.ttnn.Op_99,True,True,MatMul,1,"{'compute_kernel_config': WormholeComputeKernelConfig(math_fidelity=<MathFidelity.LoFi: 1>, math_approx_mode=False, dst_full_sync_en=False, fp32_dest_acc_en=False, packer_l1_acc=True), 'memory_config': <MemoryConfig.L1: 2>}","['ttsim.ttnn.Tensor_197', 'ttsim.ttnn.Tensor_198']",['ttsim.ttnn.Op_99.out'],ttsim.ttnn.Tensor_197[3168x3168]:float16;ttsim.ttnn.Tensor_198[3168x3168]:float16,ttsim.ttnn.Op_99.out[3168x3168]:float16,,,,False,False,,20072448,10036224,40144896,20072448,{'mac': 31794757632},0,20072448,10036224,31794757632,359371,174240,87120,50.0,COMP,359421.0,0.359421,449277.0,359371,0,0.449277,0.5999165324229803,0.0,0.3878237498643652,0.1939118749321826,0.0,0.0,False,LoFi
Wormhole,n150,1000.0,MATRIX,INT8,TTNN,Matmul2Tensors_1,sweep_32_to_4096_bf16,1,98,ttsim.ttnn.Op_99,True,True,MatMul,1,"{'compute_kernel_config': WormholeComputeKernelConfig(math_fidelity=<MathFidelity.HiFi2: 2>, math_approx_mode=False, dst_full_sync_en=False, fp32_dest_acc_en=False, packer_l1_acc=True), 'memory_config': <MemoryConfig.L1: 2>}","['ttsim.ttnn.Tensor_197', 'ttsim.ttnn.Tensor_198']",['ttsim.ttnn.Op_99.out'],ttsim.ttnn.Tensor_197[3168x3168]:float16;ttsim.ttnn.Tensor_198[3168x3168]:float16,ttsim.ttnn.Op_99.out[3168x3168]:float16,,,,False,False,,20072448,10036224,40144896,20072448,{'mac': 31794757632},0,20072448,10036224,31794757632,359371,174240,87120,50.0,COMP,359421.0,0.359421,449277.0,359371,0,0.449277,0.5999165324229803,0.0,0.3878237498643652,0.1939118749321826,0.0,0.0,False,HiFi2
Wormhole,n150,1000.0,MATRIX,INT8,TTNN,Matmul2Tensors_1,sweep_32_to_4096_bf16,1,98,ttsim.ttnn.Op_99,True,True,MatMul,1,"{'compute_kernel_config': WormholeComputeKernelConfig(math_fidelity=<MathFidelity.HiFi4: 4>, math_approx_mode=False, dst_full_sync_en=False, fp32_dest_acc_en=False, packer_l1_acc=True), 'memory_config': <MemoryConfig.L1: 2>}","['ttsim.ttnn.Tensor_197', 'ttsim.ttnn.Tensor_198']",['ttsim.ttnn.Op_99.out'],ttsim.ttnn.Tensor_197[3168x3168]:float16;ttsim.ttnn.Tensor_198[3168x3168]:float16,ttsim.ttnn.Op_99.out[3168x3168]:float16,,,,False,False,,20072448,10036224,40144896,20072448,{'mac': 31794757632},0,20072448,10036224,31794757632,359371,174240,87120,50.0,COMP,359421.0,0.359421,449277.0,359371,0,0.449277,0.5999165324229803,0.0,0.3878237498643652,0.1939118749321826,0.0,0.0,False,HiFi4
Wormhole,n150,1000.0,MATRIX,INT8,TTNN,Matmul2Tensors_1,sweep_32_to_4096_bf16,1,99,ttsim.ttnn.Op_100,True,True,MatMul,1,"{'compute_kernel_config': WormholeComputeKernelConfig(math_fidelity=<MathFidelity.LoFi: 1>, math_approx_mode=False, dst_full_sync_en=False, fp32_dest_acc_en=False, packer_l1_acc=True), 'memory_config': <MemoryConfig.L1: 2>}","['ttsim.ttnn.Tensor_199', 'ttsim.ttnn.Tensor_200']",['ttsim.ttnn.Op_100.out'],ttsim.ttnn.Tensor_199[3200x3200]:float16;ttsim.ttnn.Tensor_200[3200x3200]:float16,ttsim.ttnn.Op_100.out[3200x3200]:float16,,,,False,False,,20480000,10240000,40960000,20480000,{'mac': 32768000000},0,20480000,10240000,32768000000,370371,177778,88889,50.0,COMP,370421.0,0.370421,463027.0,370371,0,0.4630269999999999,0.5999190110711865,0.0,0.3839479943091779,0.1919739971545889,0.0,0.0,False,LoFi
Wormhole,n150,1000.0,MATRIX,INT8,TTNN,Matmul2Tensors_1,sweep_32_to_4096_bf16,1,99,ttsim.ttnn.Op_100,True,True,MatMul,1,"{'compute_kernel_config': WormholeComputeKernelConfig(math_fidelity=<MathFidelity.HiFi2: 2>, math_approx_mode=False, dst_full_sync_en=False, fp32_dest_acc_en=False, packer_l1_acc=True), 'memory_config': <MemoryConfig.L1: 2>}","['ttsim.ttnn.Tensor_199', 'ttsim.ttnn.Tensor_200']",['ttsim.ttnn.Op_100.out'],ttsim.ttnn.Tensor_199[3200x3200]:float16;ttsim.ttnn.Tensor_200[3200x3200]:float16,ttsim.ttnn.Op_100.out[3200x3200]:float16,,,,False,False,,20480000,10240000,40960000,20480000,{'mac': 32768000000},0,20480000,10240000,32768000000,370371,177778,88889,50.0,COMP,370421.0,0.370421,463027.0,370371,0,0.4630269999999999,0.5999190110711865,0.0,0.3839479943091779,0.1919739971545889,0.0,0.0,False,HiFi2
Wormhole,n150,1000.0,MATRIX,INT8,TTNN,Matmul2Tensors_1,sweep_32_to_4096_bf16,1,99,ttsim.ttnn.Op_100,True,True,MatMul,1,"{'compute_kernel_config': WormholeComputeKernelConfig(math_fidelity=<MathFidelity.HiFi4: 4>, math_approx_mode=False, dst_full_sync_en=False, fp32_dest_acc_en=False, packer_l1_acc=True), 'memory_config': <MemoryConfig.L1: 2>}","['ttsim.ttnn.Tensor_199', 'ttsim.ttnn.Tensor_200']",['ttsim.ttnn.Op_100.out'],ttsim.ttnn.Tensor_199[3200x3200]:float16;ttsim.ttnn.Tensor_200[3200x3200]:float16,ttsim.ttnn.Op_100.out[3200x3200]:float16,,,,False,False,,20480000,10240000,40960000,20480000,{'mac': 32768000000},0,20480000,10240000,32768000000,370371,177778,88889,50.0,COMP,370421.0,0.370421,463027.0,370371,0,0.4630269999999999,0.5999190110711865,0.0,0.3839479943091779,0.1919739971545889,0.0,0.0,False,HiFi4
Wormhole,n150,1000.0,MATRIX,INT8,TTNN,Matmul2Tensors_1,sweep_32_to_4096_bf16,1,100,ttsim.ttnn.Op_101,True,True,MatMul,1,"{'compute_kernel_config': WormholeComputeKernelConfig(math_fidelity=<MathFidelity.LoFi: 1>, math_approx_mode=False, dst_full_sync_en=False, fp32_dest_acc_en=False, packer_l1_acc=True), 'memory_config': <MemoryConfig.L1: 2>}","['ttsim.ttnn.Tensor_201', 'ttsim.ttnn.Tensor_202']",['ttsim.ttnn.Op_101.out'],ttsim.ttnn.Tensor_201[3232x3232]:float16;ttsim.ttnn.Tensor_202[3232x3232]:float16,ttsim.ttnn.Op_101.out[3232x3232]:float16,,,,False,False,,20891648,10445824,41783296,20891648,{'mac': 33760903168},0,20891648,10445824,33760903168,381593,181352,90676,50.0,COMP,381643.0,0.3816429999999999,477054.0,381593,0,0.477054,0.5999213925055614,0.0,0.380150035504385,0.1900750177521925,0.0,0.0,False,LoFi
Wormhole,n150,1000.0,MATRIX,INT8,TTNN,Matmul2Tensors_1,sweep_32_to_4096_bf16,1,100,ttsim.ttnn.Op_101,True,True,MatMul,1,"{'compute_kernel_config': WormholeComputeKernelConfig(math_fidelity=<MathFidelity.HiFi2: 2>, math_approx_mode=False, dst_full_sync_en=False, fp32_dest_acc_en=False, packer_l1_acc=True), 'memory_config': <MemoryConfig.L1: 2>}","['ttsim.ttnn.Tensor_201', 'ttsim.ttnn.Tensor_202']",['ttsim.ttnn.Op_101.out'],ttsim.ttnn.Tensor_201[3232x3232]:float16;ttsim.ttnn.Tensor_202[3232x3232]:float16,ttsim.ttnn.Op_101.out[3232x3232]:float16,,,,False,False,,20891648,10445824,41783296,20891648,{'mac': 33760903168},0,20891648,10445824,33760903168,381593,181352,90676,50.0,COMP,381643.0,0.3816429999999999,477054.0,381593,0,0.477054,0.5999213925055614,0.0,0.380150035504385,0.1900750177521925,0.0,0.0,False,HiFi2
Wormhole,n150,1000.0,MATRIX,INT8,TTNN,Matmul2Tensors_1,sweep_32_to_4096_bf16,1,100,ttsim.ttnn.Op_101,True,True,MatMul,1,"{'compute_kernel_config': WormholeComputeKernelConfig(math_fidelity=<MathFidelity.HiFi4: 4>, math_approx_mode=False, dst_full_sync_en=False, fp32_dest_acc_en=False, packer_l1_acc=True), 'memory_config': <MemoryConfig.L1: 2>}","['ttsim.ttnn.Tensor_201', 'ttsim.ttnn.Tensor_202']",['ttsim.ttnn.Op_101.out'],ttsim.ttnn.Tensor_201[3232x3232]:float16;ttsim.ttnn.Tensor_202[3232x3232]:float16,ttsim.ttnn.Op_101.out[3232x3232]:float16,,,,False,False,,20891648,10445824,41783296,20891648,{'mac': 33760903168},0,20891648,10445824,33760903168,381593,181352,90676,50.0,COMP,381643.0,0.3816429999999999,477054.0,381593,0,0.477054,0.5999213925055614,0.0,0.380150035504385,0.1900750177521925,0.0,0.0,False,HiFi4
Wormhole,n150,1000.0,MATRIX,INT8,TTNN,Matmul2Tensors_1,sweep_32_to_4096_bf16,1,101,ttsim.ttnn.Op_102,True,True,MatMul,1,"{'compute_kernel_config': WormholeComputeKernelConfig(math_fidelity=<MathFidelity.LoFi: 1>, math_approx_mode=False, dst_full_sync_en=False, fp32_dest_acc_en=False, packer_l1_acc=True), 'memory_config': <MemoryConfig.L1: 2>}","['ttsim.ttnn.Tensor_203', 'ttsim.ttnn.Tensor_204']",['ttsim.ttnn.Op_102.out'],ttsim.ttnn.Tensor_203[3264x3264]:float16;ttsim.ttnn.Tensor_204[3264x3264]:float16,ttsim.ttnn.Op_102.out[3264x3264]:float16,,,,False,False,,21307392,10653696,42614784,21307392,{'mac': 34773663744},0,21307392,10653696,34773663744,393041,184960,92480,50.0,COMP,393091.0,0.393091,491364.0,393041,0,0.4913639999999999,0.5999236817937831,0.0,0.3764217445833153,0.1882108722916576,0.0,0.0,False,LoFi
Wormhole,n150,1000.0,MATRIX,INT8,TTNN,Matmul2Tensors_1,sweep_32_to_4096_bf16,1,101,ttsim.ttnn.Op_102,True,True,MatMul,1,"{'compute_kernel_config': WormholeComputeKernelConfig(math_fidelity=<MathFidelity.HiFi2: 2>, math_approx_mode=False, dst_full_sync_en=False, fp32_dest_acc_en=False, packer_l1_acc=True), 'memory_config': <MemoryConfig.L1: 2>}","['ttsim.ttnn.Tensor_203', 'ttsim.ttnn.Tensor_204']",['ttsim.ttnn.Op_102.out'],ttsim.ttnn.Tensor_203[3264x3264]:float16;ttsim.ttnn.Tensor_204[3264x3264]:float16,ttsim.ttnn.Op_102.out[3264x3264]:float16,,,,False,False,,21307392,10653696,42614784,21307392,{'mac': 34773663744},0,21307392,10653696,34773663744,393041,184960,92480,50.0,COMP,393091.0,0.393091,491364.0,393041,0,0.4913639999999999,0.5999236817937831,0.0,0.3764217445833153,0.1882108722916576,0.0,0.0,False,HiFi2
Wormhole,n150,1000.0,MATRIX,INT8,TTNN,Matmul2Tensors_1,sweep_32_to_4096_bf16,1,101,ttsim.ttnn.Op_102,True,True,MatMul,1,"{'compute_kernel_config': WormholeComputeKernelConfig(math_fidelity=<MathFidelity.HiFi4: 4>, math_approx_mode=False, dst_full_sync_en=False, fp32_dest_acc_en=False, packer_l1_acc=True), 'memory_config': <MemoryConfig.L1: 2>}","['ttsim.ttnn.Tensor_203', 'ttsim.ttnn.Tensor_204']",['ttsim.ttnn.Op_102.out'],ttsim.ttnn.Tensor_203[3264x3264]:float16;ttsim.ttnn.Tensor_204[3264x3264]:float16,ttsim.ttnn.Op_102.out[3264x3264]:float16,,,,False,False,,21307392,10653696,42614784,21307392,{'mac': 34773663744},0,21307392,10653696,34773663744,393041,184960,92480,50.0,COMP,393091.0,0.393091,491364.0,393041,0,0.4913639999999999,0.5999236817937831,0.0,0.3764217445833153,0.1882108722916576,0.0,0.0,False,HiFi4
Wormhole,n150,1000.0,MATRIX,INT8,TTNN,Matmul2Tensors_1,sweep_32_to_4096_bf16,1,102,ttsim.ttnn.Op_103,True,True,MatMul,1,"{'compute_kernel_config': WormholeComputeKernelConfig(math_fidelity=<MathFidelity.LoFi: 1>, math_approx_mode=False, dst_full_sync_en=False, fp32_dest_acc_en=False, packer_l1_acc=True), 'memory_config': <MemoryConfig.L1: 2>}","['ttsim.ttnn.Tensor_205', 'ttsim.ttnn.Tensor_206']",['ttsim.ttnn.Op_103.out'],ttsim.ttnn.Tensor_205[3296x3296]:float16;ttsim.ttnn.Tensor_206[3296x3296]:float16,ttsim.ttnn.Op_103.out[3296x3296]:float16,,,,False,False,,21727232,10863616,43454464,21727232,{'mac': 35806478336},0,21727232,10863616,35806478336,404714,188605,94303,50.0,COMP,404764.0,0.404764,505955.0,404714,0,0.5059549999999999,0.599925882736607,0.0,0.3727703056595942,0.1863861410599757,0.0,0.0,False,LoFi
Wormhole,n150,1000.0,MATRIX,INT8,TTNN,Matmul2Tensors_1,sweep_32_to_4096_bf16,1,102,ttsim.ttnn.Op_103,True,True,MatMul,1,"{'compute_kernel_config': WormholeComputeKernelConfig(math_fidelity=<MathFidelity.HiFi2: 2>, math_approx_mode=False, dst_full_sync_en=False, fp32_dest_acc_en=False, packer_l1_acc=True), 'memory_config': <MemoryConfig.L1: 2>}","['ttsim.ttnn.Tensor_205', 'ttsim.ttnn.Tensor_206']",['ttsim.ttnn.Op_103.out'],ttsim.ttnn.Tensor_205[3296x3296]:float16;ttsim.ttnn.Tensor_206[3296x3296]:float16,ttsim.ttnn.Op_103.out[3296x3296]:float16,,,,False,False,,21727232,10863616,43454464,21727232,{'mac': 35806478336},0,21727232,10863616,35806478336,404714,188605,94303,50.0,COMP,404764.0,0.404764,505955.0,404714,0,0.5059549999999999,0.599925882736607,0.0,0.3727703056595942,0.1863861410599757,0.0,0.0,False,HiFi2
Wormhole,n150,1000.0,MATRIX,INT8,TTNN,Matmul2Tensors_1,sweep_32_to_4096_bf16,1,102,ttsim.ttnn.Op_103,True,True,MatMul,1,"{'compute_kernel_config': WormholeComputeKernelConfig(math_fidelity=<MathFidelity.HiFi4: 4>, math_approx_mode=False, dst_full_sync_en=False, fp32_dest_acc_en=False, packer_l1_acc=True), 'memory_config': <MemoryConfig.L1: 2>}","['ttsim.ttnn.Tensor_205', 'ttsim.ttnn.Tensor_206']",['ttsim.ttnn.Op_103.out'],ttsim.ttnn.Tensor_205[3296x3296]:float16;ttsim.ttnn.Tensor_206[3296x3296]:float16,ttsim.ttnn.Op_103.out[3296x3296]:float16,,,,False,False,,21727232,10863616,43454464,21727232,{'mac': 35806478336},0,21727232,10863616,35806478336,404714,188605,94303,50.0,COMP,404764.0,0.404764,505955.0,404714,0,0.5059549999999999,0.599925882736607,0.0,0.3727703056595942,0.1863861410599757,0.0,0.0,False,HiFi4
Wormhole,n150,1000.0,MATRIX,INT8,TTNN,Matmul2Tensors_1,sweep_32_to_4096_bf16,1,103,ttsim.ttnn.Op_104,True,True,MatMul,1,"{'compute_kernel_config': WormholeComputeKernelConfig(math_fidelity=<MathFidelity.LoFi: 1>, math_approx_mode=False, dst_full_sync_en=False, fp32_dest_acc_en=False, packer_l1_acc=True), 'memory_config': <MemoryConfig.L1: 2>}","['ttsim.ttnn.Tensor_207', 'ttsim.ttnn.Tensor_208']",['ttsim.ttnn.Op_104.out'],ttsim.ttnn.Tensor_207[3328x3328]:float16;ttsim.ttnn.Tensor_208[3328x3328]:float16,ttsim.ttnn.Op_104.out[3328x3328]:float16,,,,False,False,,22151168,11075584,44302336,22151168,{'mac': 36859543552},0,22151168,11075584,36859543552,416617,192285,96143,50.0,COMP,416667.0,0.4166669999999999,520834.0,416617,0,0.5208339999999999,0.5999280000575999,0.0,0.3691869046504763,0.1845944123244701,0.0,0.0,False,LoFi
Wormhole,n150,1000.0,MATRIX,INT8,TTNN,Matmul2Tensors_1,sweep_32_to_4096_bf16,1,103,ttsim.ttnn.Op_104,True,True,MatMul,1,"{'compute_kernel_config': WormholeComputeKernelConfig(math_fidelity=<MathFidelity.HiFi2: 2>, math_approx_mode=False, dst_full_sync_en=False, fp32_dest_acc_en=False, packer_l1_acc=True), 'memory_config': <MemoryConfig.L1: 2>}","['ttsim.ttnn.Tensor_207', 'ttsim.ttnn.Tensor_208']",['ttsim.ttnn.Op_104.out'],ttsim.ttnn.Tensor_207[3328x3328]:float16;ttsim.ttnn.Tensor_208[3328x3328]:float16,ttsim.ttnn.Op_104.out[3328x3328]:float16,,,,False,False,,22151168,11075584,44302336,22151168,{'mac': 36859543552},0,22151168,11075584,36859543552,416617,192285,96143,50.0,COMP,416667.0,0.4166669999999999,520834.0,416617,0,0.5208339999999999,0.5999280000575999,0.0,0.3691869046504763,0.1845944123244701,0.0,0.0,False,HiFi2
Wormhole,n150,1000.0,MATRIX,INT8,TTNN,Matmul2Tensors_1,sweep_32_to_4096_bf16,1,103,ttsim.ttnn.Op_104,True,True,MatMul,1,"{'compute_kernel_config': WormholeComputeKernelConfig(math_fidelity=<MathFidelity.HiFi4: 4>, math_approx_mode=False, dst_full_sync_en=False, fp32_dest_acc_en=False, packer_l1_acc=True), 'memory_config': <MemoryConfig.L1: 2>}","['ttsim.ttnn.Tensor_207', 'ttsim.ttnn.Tensor_208']",['ttsim.ttnn.Op_104.out'],ttsim.ttnn.Tensor_207[3328x3328]:float16;ttsim.ttnn.Tensor_208[3328x3328]:float16,ttsim.ttnn.Op_104.out[3328x3328]:float16,,,,False,False,,22151168,11075584,44302336,22151168,{'mac': 36859543552},0,22151168,11075584,36859543552,416617,192285,96143,50.0,COMP,416667.0,0.4166669999999999,520834.0,416617,0,0.5208339999999999,0.5999280000575999,0.0,0.3691869046504763,0.1845944123244701,0.0,0.0,False,HiFi4
Wormhole,n150,1000.0,MATRIX,INT8,TTNN,Matmul2Tensors_1,sweep_32_to_4096_bf16,1,104,ttsim.ttnn.Op_105,True,True,MatMul,1,"{'compute_kernel_config': WormholeComputeKernelConfig(math_fidelity=<MathFidelity.LoFi: 1>, math_approx_mode=False, dst_full_sync_en=False, fp32_dest_acc_en=False, packer_l1_acc=True), 'memory_config': <MemoryConfig.L1: 2>}","['ttsim.ttnn.Tensor_209', 'ttsim.ttnn.Tensor_210']",['ttsim.ttnn.Op_105.out'],ttsim.ttnn.Tensor_209[3360x3360]:float16;ttsim.ttnn.Tensor_210[3360x3360]:float16,ttsim.ttnn.Op_105.out[3360x3360]:float16,,,,False,False,,22579200,11289600,45158400,22579200,{'mac': 37933056000},0,22579200,11289600,37933056000,428751,196000,98000,50.0,COMP,428801.0,0.428801,536002.0,428751,0,0.536002,0.5999300374765917,0.0,0.3656707890140181,0.182835394507009,0.0,0.0,False,LoFi
Wormhole,n150,1000.0,MATRIX,INT8,TTNN,Matmul2Tensors_1,sweep_32_to_4096_bf16,1,104,ttsim.ttnn.Op_105,True,True,MatMul,1,"{'compute_kernel_config': WormholeComputeKernelConfig(math_fidelity=<MathFidelity.HiFi2: 2>, math_approx_mode=False, dst_full_sync_en=False, fp32_dest_acc_en=False, packer_l1_acc=True), 'memory_config': <MemoryConfig.L1: 2>}","['ttsim.ttnn.Tensor_209', 'ttsim.ttnn.Tensor_210']",['ttsim.ttnn.Op_105.out'],ttsim.ttnn.Tensor_209[3360x3360]:float16;ttsim.ttnn.Tensor_210[3360x3360]:float16,ttsim.ttnn.Op_105.out[3360x3360]:float16,,,,False,False,,22579200,11289600,45158400,22579200,{'mac': 37933056000},0,22579200,11289600,37933056000,428751,196000,98000,50.0,COMP,428801.0,0.428801,536002.0,428751,0,0.536002,0.5999300374765917,0.0,0.3656707890140181,0.182835394507009,0.0,0.0,False,HiFi2
Wormhole,n150,1000.0,MATRIX,INT8,TTNN,Matmul2Tensors_1,sweep_32_to_4096_bf16,1,104,ttsim.ttnn.Op_105,True,True,MatMul,1,"{'compute_kernel_config': WormholeComputeKernelConfig(math_fidelity=<MathFidelity.HiFi4: 4>, math_approx_mode=False, dst_full_sync_en=False, fp32_dest_acc_en=False, packer_l1_acc=True), 'memory_config': <MemoryConfig.L1: 2>}","['ttsim.ttnn.Tensor_209', 'ttsim.ttnn.Tensor_210']",['ttsim.ttnn.Op_105.out'],ttsim.ttnn.Tensor_209[3360x3360]:float16;ttsim.ttnn.Tensor_210[3360x3360]:float16,ttsim.ttnn.Op_105.out[3360x3360]:float16,,,,False,False,,22579200,11289600,45158400,22579200,{'mac': 37933056000},0,22579200,11289600,37933056000,428751,196000,98000,50.0,COMP,428801.0,0.428801,536002.0,428751,0,0.536002,0.5999300374765917,0.0,0.3656707890140181,0.182835394507009,0.0,0.0,False,HiFi4
Wormhole,n150,1000.0,MATRIX,INT8,TTNN,Matmul2Tensors_1,sweep_32_to_4096_bf16,1,105,ttsim.ttnn.Op_106,True,True,MatMul,1,"{'compute_kernel_config': WormholeComputeKernelConfig(math_fidelity=<MathFidelity.LoFi: 1>, math_approx_mode=False, dst_full_sync_en=False, fp32_dest_acc_en=False, packer_l1_acc=True), 'memory_config': <MemoryConfig.L1: 2>}","['ttsim.ttnn.Tensor_211', 'ttsim.ttnn.Tensor_212']",['ttsim.ttnn.Op_106.out'],ttsim.ttnn.Tensor_211[3392x3392]:float16;ttsim.ttnn.Tensor_212[3392x3392]:float16,ttsim.ttnn.Op_106.out[3392x3392]:float16,,,,False,False,,23011328,11505664,46022656,23011328,{'mac': 39027212288},0,23011328,11505664,39027212288,441118,199752,99876,50.0,COMP,441168.0,0.441168,551460.0,441118,0,0.5514600000000001,0.599931998694375,0.0,0.3622239146991622,0.1811119573495811,0.0,0.0,False,LoFi
Wormhole,n150,1000.0,MATRIX,INT8,TTNN,Matmul2Tensors_1,sweep_32_to_4096_bf16,1,105,ttsim.ttnn.Op_106,True,True,MatMul,1,"{'compute_kernel_config': WormholeComputeKernelConfig(math_fidelity=<MathFidelity.HiFi2: 2>, math_approx_mode=False, dst_full_sync_en=False, fp32_dest_acc_en=False, packer_l1_acc=True), 'memory_config': <MemoryConfig.L1: 2>}","['ttsim.ttnn.Tensor_211', 'ttsim.ttnn.Tensor_212']",['ttsim.ttnn.Op_106.out'],ttsim.ttnn.Tensor_211[3392x3392]:float16;ttsim.ttnn.Tensor_212[3392x3392]:float16,ttsim.ttnn.Op_106.out[3392x3392]:float16,,,,False,False,,23011328,11505664,46022656,23011328,{'mac': 39027212288},0,23011328,11505664,39027212288,441118,199752,99876,50.0,COMP,441168.0,0.441168,551460.0,441118,0,0.5514600000000001,0.599931998694375,0.0,0.3622239146991622,0.1811119573495811,0.0,0.0,False,HiFi2
Wormhole,n150,1000.0,MATRIX,INT8,TTNN,Matmul2Tensors_1,sweep_32_to_4096_bf16,1,105,ttsim.ttnn.Op_106,True,True,MatMul,1,"{'compute_kernel_config': WormholeComputeKernelConfig(math_fidelity=<MathFidelity.HiFi4: 4>, math_approx_mode=False, dst_full_sync_en=False, fp32_dest_acc_en=False, packer_l1_acc=True), 'memory_config': <MemoryConfig.L1: 2>}","['ttsim.ttnn.Tensor_211', 'ttsim.ttnn.Tensor_212']",['ttsim.ttnn.Op_106.out'],ttsim.ttnn.Tensor_211[3392x3392]:float16;ttsim.ttnn.Tensor_212[3392x3392]:float16,ttsim.ttnn.Op_106.out[3392x3392]:float16,,,,False,False,,23011328,11505664,46022656,23011328,{'mac': 39027212288},0,23011328,11505664,39027212288,441118,199752,99876,50.0,COMP,441168.0,0.441168,551460.0,441118,0,0.5514600000000001,0.599931998694375,0.0,0.3622239146991622,0.1811119573495811,0.0,0.0,False,HiFi4
Wormhole,n150,1000.0,MATRIX,INT8,TTNN,Matmul2Tensors_1,sweep_32_to_4096_bf16,1,106,ttsim.ttnn.Op_107,True,True,MatMul,1,"{'compute_kernel_config': WormholeComputeKernelConfig(math_fidelity=<MathFidelity.LoFi: 1>, math_approx_mode=False, dst_full_sync_en=False, fp32_dest_acc_en=False, packer_l1_acc=True), 'memory_config': <MemoryConfig.L1: 2>}","['ttsim.ttnn.Tensor_213', 'ttsim.ttnn.Tensor_214']",['ttsim.ttnn.Op_107.out'],ttsim.ttnn.Tensor_213[3424x3424]:float16;ttsim.ttnn.Tensor_214[3424x3424]:float16,ttsim.ttnn.Op_107.out[3424x3424]:float16,,,,False,False,,23447552,11723776,46895104,23447552,{'mac': 40142209024},0,23447552,11723776,40142209024,453720,203538,101769,50.0,COMP,453770.0,0.45377,567213.0,453720,0,0.567213,0.5999338872115829,0.0,0.3588390594353968,0.1794195297176984,0.0,0.0,False,LoFi
Wormhole,n150,1000.0,MATRIX,INT8,TTNN,Matmul2Tensors_1,sweep_32_to_4096_bf16,1,106,ttsim.ttnn.Op_107,True,True,MatMul,1,"{'compute_kernel_config': WormholeComputeKernelConfig(math_fidelity=<MathFidelity.HiFi2: 2>, math_approx_mode=False, dst_full_sync_en=False, fp32_dest_acc_en=False, packer_l1_acc=True), 'memory_config': <MemoryConfig.L1: 2>}","['ttsim.ttnn.Tensor_213', 'ttsim.ttnn.Tensor_214']",['ttsim.ttnn.Op_107.out'],ttsim.ttnn.Tensor_213[3424x3424]:float16;ttsim.ttnn.Tensor_214[3424x3424]:float16,ttsim.ttnn.Op_107.out[3424x3424]:float16,,,,False,False,,23447552,11723776,46895104,23447552,{'mac': 40142209024},0,23447552,11723776,40142209024,453720,203538,101769,50.0,COMP,453770.0,0.45377,567213.0,453720,0,0.567213,0.5999338872115829,0.0,0.3588390594353968,0.1794195297176984,0.0,0.0,False,HiFi2
Wormhole,n150,1000.0,MATRIX,INT8,TTNN,Matmul2Tensors_1,sweep_32_to_4096_bf16,1,106,ttsim.ttnn.Op_107,True,True,MatMul,1,"{'compute_kernel_config': WormholeComputeKernelConfig(math_fidelity=<MathFidelity.HiFi4: 4>, math_approx_mode=False, dst_full_sync_en=False, fp32_dest_acc_en=False, packer_l1_acc=True), 'memory_config': <MemoryConfig.L1: 2>}","['ttsim.ttnn.Tensor_213', 'ttsim.ttnn.Tensor_214']",['ttsim.ttnn.Op_107.out'],ttsim.ttnn.Tensor_213[3424x3424]:float16;ttsim.ttnn.Tensor_214[3424x3424]:float16,ttsim.ttnn.Op_107.out[3424x3424]:float16,,,,False,False,,23447552,11723776,46895104,23447552,{'mac': 40142209024},0,23447552,11723776,40142209024,453720,203538,101769,50.0,COMP,453770.0,0.45377,567213.0,453720,0,0.567213,0.5999338872115829,0.0,0.3588390594353968,0.1794195297176984,0.0,0.0,False,HiFi4
Wormhole,n150,1000.0,MATRIX,INT8,TTNN,Matmul2Tensors_1,sweep_32_to_4096_bf16,1,107,ttsim.ttnn.Op_108,True,True,MatMul,1,"{'compute_kernel_config': WormholeComputeKernelConfig(math_fidelity=<MathFidelity.LoFi: 1>, math_approx_mode=False, dst_full_sync_en=False, fp32_dest_acc_en=False, packer_l1_acc=True), 'memory_config': <MemoryConfig.L1: 2>}","['ttsim.ttnn.Tensor_215', 'ttsim.ttnn.Tensor_216']",['ttsim.ttnn.Op_108.out'],ttsim.ttnn.Tensor_215[3456x3456]:float16;ttsim.ttnn.Tensor_216[3456x3456]:float16,ttsim.ttnn.Op_108.out[3456x3456]:float16,,,,False,False,,23887872,11943936,47775744,23887872,{'mac': 41278242816},0,23887872,11943936,41278242816,466561,207360,103680,50.0,COMP,466611.0,0.466611,583264.0,466561,0,0.583264,0.599935706616432,0.0,0.3555166937770434,0.1777583468885217,0.0,0.0,False,LoFi
Wormhole,n150,1000.0,MATRIX,INT8,TTNN,Matmul2Tensors_1,sweep_32_to_4096_bf16,1,107,ttsim.ttnn.Op_108,True,True,MatMul,1,"{'compute_kernel_config': WormholeComputeKernelConfig(math_fidelity=<MathFidelity.HiFi2: 2>, math_approx_mode=False, dst_full_sync_en=False, fp32_dest_acc_en=False, packer_l1_acc=True), 'memory_config': <MemoryConfig.L1: 2>}","['ttsim.ttnn.Tensor_215', 'ttsim.ttnn.Tensor_216']",['ttsim.ttnn.Op_108.out'],ttsim.ttnn.Tensor_215[3456x3456]:float16;ttsim.ttnn.Tensor_216[3456x3456]:float16,ttsim.ttnn.Op_108.out[3456x3456]:float16,,,,False,False,,23887872,11943936,47775744,23887872,{'mac': 41278242816},0,23887872,11943936,41278242816,466561,207360,103680,50.0,COMP,466611.0,0.466611,583264.0,466561,0,0.583264,0.599935706616432,0.0,0.3555166937770434,0.1777583468885217,0.0,0.0,False,HiFi2
Wormhole,n150,1000.0,MATRIX,INT8,TTNN,Matmul2Tensors_1,sweep_32_to_4096_bf16,1,107,ttsim.ttnn.Op_108,True,True,MatMul,1,"{'compute_kernel_config': WormholeComputeKernelConfig(math_fidelity=<MathFidelity.HiFi4: 4>, math_approx_mode=False, dst_full_sync_en=False, fp32_dest_acc_en=False, packer_l1_acc=True), 'memory_config': <MemoryConfig.L1: 2>}","['ttsim.ttnn.Tensor_215', 'ttsim.ttnn.Tensor_216']",['ttsim.ttnn.Op_108.out'],ttsim.ttnn.Tensor_215[3456x3456]:float16;ttsim.ttnn.Tensor_216[3456x3456]:float16,ttsim.ttnn.Op_108.out[3456x3456]:float16,,,,False,False,,23887872,11943936,47775744,23887872,{'mac': 41278242816},0,23887872,11943936,41278242816,466561,207360,103680,50.0,COMP,466611.0,0.466611,583264.0,466561,0,0.583264,0.599935706616432,0.0,0.3555166937770434,0.1777583468885217,0.0,0.0,False,HiFi4
Wormhole,n150,1000.0,MATRIX,INT8,TTNN,Matmul2Tensors_1,sweep_32_to_4096_bf16,1,108,ttsim.ttnn.Op_109,True,True,MatMul,1,"{'compute_kernel_config': WormholeComputeKernelConfig(math_fidelity=<MathFidelity.LoFi: 1>, math_approx_mode=False, dst_full_sync_en=False, fp32_dest_acc_en=False, packer_l1_acc=True), 'memory_config': <MemoryConfig.L1: 2>}","['ttsim.ttnn.Tensor_217', 'ttsim.ttnn.Tensor_218']",['ttsim.ttnn.Op_109.out'],ttsim.ttnn.Tensor_217[3488x3488]:float16;ttsim.ttnn.Tensor_218[3488x3488]:float16,ttsim.ttnn.Op_109.out[3488x3488]:float16,,,,False,False,,24332288,12166144,48664576,24332288,{'mac': 42435510272},0,24332288,12166144,42435510272,479641,211218,105609,50.0,COMP,479691.0,0.479691,599614.0,479641,0,0.599614,0.5999374597397074,0.0,0.3522567652926571,0.1761283826463285,0.0,0.0,False,LoFi
Wormhole,n150,1000.0,MATRIX,INT8,TTNN,Matmul2Tensors_1,sweep_32_to_4096_bf16,1,108,ttsim.ttnn.Op_109,True,True,MatMul,1,"{'compute_kernel_config': WormholeComputeKernelConfig(math_fidelity=<MathFidelity.HiFi2: 2>, math_approx_mode=False, dst_full_sync_en=False, fp32_dest_acc_en=False, packer_l1_acc=True), 'memory_config': <MemoryConfig.L1: 2>}","['ttsim.ttnn.Tensor_217', 'ttsim.ttnn.Tensor_218']",['ttsim.ttnn.Op_109.out'],ttsim.ttnn.Tensor_217[3488x3488]:float16;ttsim.ttnn.Tensor_218[3488x3488]:float16,ttsim.ttnn.Op_109.out[3488x3488]:float16,,,,False,False,,24332288,12166144,48664576,24332288,{'mac': 42435510272},0,24332288,12166144,42435510272,479641,211218,105609,50.0,COMP,479691.0,0.479691,599614.0,479641,0,0.599614,0.5999374597397074,0.0,0.3522567652926571,0.1761283826463285,0.0,0.0,False,HiFi2
Wormhole,n150,1000.0,MATRIX,INT8,TTNN,Matmul2Tensors_1,sweep_32_to_4096_bf16,1,108,ttsim.ttnn.Op_109,True,True,MatMul,1,"{'compute_kernel_config': WormholeComputeKernelConfig(math_fidelity=<MathFidelity.HiFi4: 4>, math_approx_mode=False, dst_full_sync_en=False, fp32_dest_acc_en=False, packer_l1_acc=True), 'memory_config': <MemoryConfig.L1: 2>}","['ttsim.ttnn.Tensor_217', 'ttsim.ttnn.Tensor_218']",['ttsim.ttnn.Op_109.out'],ttsim.ttnn.Tensor_217[3488x3488]:float16;ttsim.ttnn.Tensor_218[3488x3488]:float16,ttsim.ttnn.Op_109.out[3488x3488]:float16,,,,False,False,,24332288,12166144,48664576,24332288,{'mac': 42435510272},0,24332288,12166144,42435510272,479641,211218,105609,50.0,COMP,479691.0,0.479691,599614.0,479641,0,0.599614,0.5999374597397074,0.0,0.3522567652926571,0.1761283826463285,0.0,0.0,False,HiFi4
Wormhole,n150,1000.0,MATRIX,INT8,TTNN,Matmul2Tensors_1,sweep_32_to_4096_bf16,1,109,ttsim.ttnn.Op_110,True,True,MatMul,1,"{'compute_kernel_config': WormholeComputeKernelConfig(math_fidelity=<MathFidelity.LoFi: 1>, math_approx_mode=False, dst_full_sync_en=False, fp32_dest_acc_en=False, packer_l1_acc=True), 'memory_config': <MemoryConfig.L1: 2>}","['ttsim.ttnn.Tensor_219', 'ttsim.ttnn.Tensor_220']",['ttsim.ttnn.Op_110.out'],ttsim.ttnn.Tensor_219[3520x3520]:float16;ttsim.ttnn.Tensor_220[3520x3520]:float16,ttsim.ttnn.Op_110.out[3520x3520]:float16,,,,False,False,,24780800,12390400,49561600,24780800,{'mac': 43614208000},0,24780800,12390400,43614208000,492963,215112,107556,50.0,COMP,493013.0,0.493013,616267.0,492963,0,0.616267,0.5999391496775947,0.0,0.349056921419922,0.174528460709961,0.0,0.0,False,LoFi
Wormhole,n150,1000.0,MATRIX,INT8,TTNN,Matmul2Tensors_1,sweep_32_to_4096_bf16,1,109,ttsim.ttnn.Op_110,True,True,MatMul,1,"{'compute_kernel_config': WormholeComputeKernelConfig(math_fidelity=<MathFidelity.HiFi2: 2>, math_approx_mode=False, dst_full_sync_en=False, fp32_dest_acc_en=False, packer_l1_acc=True), 'memory_config': <MemoryConfig.L1: 2>}","['ttsim.ttnn.Tensor_219', 'ttsim.ttnn.Tensor_220']",['ttsim.ttnn.Op_110.out'],ttsim.ttnn.Tensor_219[3520x3520]:float16;ttsim.ttnn.Tensor_220[3520x3520]:float16,ttsim.ttnn.Op_110.out[3520x3520]:float16,,,,False,False,,24780800,12390400,49561600,24780800,{'mac': 43614208000},0,24780800,12390400,43614208000,492963,215112,107556,50.0,COMP,493013.0,0.493013,616267.0,492963,0,0.616267,0.5999391496775947,0.0,0.349056921419922,0.174528460709961,0.0,0.0,False,HiFi2
Wormhole,n150,1000.0,MATRIX,INT8,TTNN,Matmul2Tensors_1,sweep_32_to_4096_bf16,1,109,ttsim.ttnn.Op_110,True,True,MatMul,1,"{'compute_kernel_config': WormholeComputeKernelConfig(math_fidelity=<MathFidelity.HiFi4: 4>, math_approx_mode=False, dst_full_sync_en=False, fp32_dest_acc_en=False, packer_l1_acc=True), 'memory_config': <MemoryConfig.L1: 2>}","['ttsim.ttnn.Tensor_219', 'ttsim.ttnn.Tensor_220']",['ttsim.ttnn.Op_110.out'],ttsim.ttnn.Tensor_219[3520x3520]:float16;ttsim.ttnn.Tensor_220[3520x3520]:float16,ttsim.ttnn.Op_110.out[3520x3520]:float16,,,,False,False,,24780800,12390400,49561600,24780800,{'mac': 43614208000},0,24780800,12390400,43614208000,492963,215112,107556,50.0,COMP,493013.0,0.493013,616267.0,492963,0,0.616267,0.5999391496775947,0.0,0.349056921419922,0.174528460709961,0.0,0.0,False,HiFi4
Wormhole,n150,1000.0,MATRIX,INT8,TTNN,Matmul2Tensors_1,sweep_32_to_4096_bf16,1,110,ttsim.ttnn.Op_111,True,True,MatMul,1,"{'compute_kernel_config': WormholeComputeKernelConfig(math_fidelity=<MathFidelity.LoFi: 1>, math_approx_mode=False, dst_full_sync_en=False, fp32_dest_acc_en=False, packer_l1_acc=True), 'memory_config': <MemoryConfig.L1: 2>}","['ttsim.ttnn.Tensor_221', 'ttsim.ttnn.Tensor_222']",['ttsim.ttnn.Op_111.out'],ttsim.ttnn.Tensor_221[3552x3552]:float16;ttsim.ttnn.Tensor_222[3552x3552]:float16,ttsim.ttnn.Op_111.out[3552x3552]:float16,,,,False,False,,25233408,12616704,50466816,25233408,{'mac': 44814532608},0,25233408,12616704,44814532608,506531,219040,109520,50.0,COMP,506581.0,0.5065810000000001,633227.0,506531,0,0.633227,0.5999407794607378,0.0,0.3459111178666393,0.1729555589333196,0.0,0.0,False,LoFi
Wormhole,n150,1000.0,MATRIX,INT8,TTNN,Matmul2Tensors_1,sweep_32_to_4096_bf16,1,110,ttsim.ttnn.Op_111,True,True,MatMul,1,"{'compute_kernel_config': WormholeComputeKernelConfig(math_fidelity=<MathFidelity.HiFi2: 2>, math_approx_mode=False, dst_full_sync_en=False, fp32_dest_acc_en=False, packer_l1_acc=True), 'memory_config': <MemoryConfig.L1: 2>}","['ttsim.ttnn.Tensor_221', 'ttsim.ttnn.Tensor_222']",['ttsim.ttnn.Op_111.out'],ttsim.ttnn.Tensor_221[3552x3552]:float16;ttsim.ttnn.Tensor_222[3552x3552]:float16,ttsim.ttnn.Op_111.out[3552x3552]:float16,,,,False,False,,25233408,12616704,50466816,25233408,{'mac': 44814532608},0,25233408,12616704,44814532608,506531,219040,109520,50.0,COMP,506581.0,0.5065810000000001,633227.0,506531,0,0.633227,0.5999407794607378,0.0,0.3459111178666393,0.1729555589333196,0.0,0.0,False,HiFi2
Wormhole,n150,1000.0,MATRIX,INT8,TTNN,Matmul2Tensors_1,sweep_32_to_4096_bf16,1,110,ttsim.ttnn.Op_111,True,True,MatMul,1,"{'compute_kernel_config': WormholeComputeKernelConfig(math_fidelity=<MathFidelity.HiFi4: 4>, math_approx_mode=False, dst_full_sync_en=False, fp32_dest_acc_en=False, packer_l1_acc=True), 'memory_config': <MemoryConfig.L1: 2>}","['ttsim.ttnn.Tensor_221', 'ttsim.ttnn.Tensor_222']",['ttsim.ttnn.Op_111.out'],ttsim.ttnn.Tensor_221[3552x3552]:float16;ttsim.ttnn.Tensor_222[3552x3552]:float16,ttsim.ttnn.Op_111.out[3552x3552]:float16,,,,False,False,,25233408,12616704,50466816,25233408,{'mac': 44814532608},0,25233408,12616704,44814532608,506531,219040,109520,50.0,COMP,506581.0,0.5065810000000001,633227.0,506531,0,0.633227,0.5999407794607378,0.0,0.3459111178666393,0.1729555589333196,0.0,0.0,False,HiFi4
Wormhole,n150,1000.0,MATRIX,INT8,TTNN,Matmul2Tensors_1,sweep_32_to_4096_bf16,1,111,ttsim.ttnn.Op_112,True,True,MatMul,1,"{'compute_kernel_config': WormholeComputeKernelConfig(math_fidelity=<MathFidelity.LoFi: 1>, math_approx_mode=False, dst_full_sync_en=False, fp32_dest_acc_en=False, packer_l1_acc=True), 'memory_config': <MemoryConfig.L1: 2>}","['ttsim.ttnn.Tensor_223', 'ttsim.ttnn.Tensor_224']",['ttsim.ttnn.Op_112.out'],ttsim.ttnn.Tensor_223[3584x3584]:float16;ttsim.ttnn.Tensor_224[3584x3584]:float16,ttsim.ttnn.Op_112.out[3584x3584]:float16,,,,False,False,,25690112,12845056,51380224,25690112,{'mac': 46036680704},0,25690112,12845056,46036680704,520344,223005,111503,50.0,COMP,520394.0,0.520394,650493.0,520344,0,0.6504930000000001,0.5999423513722295,0.0,0.3428248596255914,0.1714131984611659,0.0,0.0,False,LoFi
Wormhole,n150,1000.0,MATRIX,INT8,TTNN,Matmul2Tensors_1,sweep_32_to_4096_bf16,1,111,ttsim.ttnn.Op_112,True,True,MatMul,1,"{'compute_kernel_config': WormholeComputeKernelConfig(math_fidelity=<MathFidelity.HiFi2: 2>, math_approx_mode=False, dst_full_sync_en=False, fp32_dest_acc_en=False, packer_l1_acc=True), 'memory_config': <MemoryConfig.L1: 2>}","['ttsim.ttnn.Tensor_223', 'ttsim.ttnn.Tensor_224']",['ttsim.ttnn.Op_112.out'],ttsim.ttnn.Tensor_223[3584x3584]:float16;ttsim.ttnn.Tensor_224[3584x3584]:float16,ttsim.ttnn.Op_112.out[3584x3584]:float16,,,,False,False,,25690112,12845056,51380224,25690112,{'mac': 46036680704},0,25690112,12845056,46036680704,520344,223005,111503,50.0,COMP,520394.0,0.520394,650493.0,520344,0,0.6504930000000001,0.5999423513722295,0.0,0.3428248596255914,0.1714131984611659,0.0,0.0,False,HiFi2
Wormhole,n150,1000.0,MATRIX,INT8,TTNN,Matmul2Tensors_1,sweep_32_to_4096_bf16,1,111,ttsim.ttnn.Op_112,True,True,MatMul,1,"{'compute_kernel_config': WormholeComputeKernelConfig(math_fidelity=<MathFidelity.HiFi4: 4>, math_approx_mode=False, dst_full_sync_en=False, fp32_dest_acc_en=False, packer_l1_acc=True), 'memory_config': <MemoryConfig.L1: 2>}","['ttsim.ttnn.Tensor_223', 'ttsim.ttnn.Tensor_224']",['ttsim.ttnn.Op_112.out'],ttsim.ttnn.Tensor_223[3584x3584]:float16;ttsim.ttnn.Tensor_224[3584x3584]:float16,ttsim.ttnn.Op_112.out[3584x3584]:float16,,,,False,False,,25690112,12845056,51380224,25690112,{'mac': 46036680704},0,25690112,12845056,46036680704,520344,223005,111503,50.0,COMP,520394.0,0.520394,650493.0,520344,0,0.6504930000000001,0.5999423513722295,0.0,0.3428248596255914,0.1714131984611659,0.0,0.0,False,HiFi4
Wormhole,n150,1000.0,MATRIX,INT8,TTNN,Matmul2Tensors_1,sweep_32_to_4096_bf16,1,112,ttsim.ttnn.Op_113,True,True,MatMul,1,"{'compute_kernel_config': WormholeComputeKernelConfig(math_fidelity=<MathFidelity.LoFi: 1>, math_approx_mode=False, dst_full_sync_en=False, fp32_dest_acc_en=False, packer_l1_acc=True), 'memory_config': <MemoryConfig.L1: 2>}","['ttsim.ttnn.Tensor_225', 'ttsim.ttnn.Tensor_226']",['ttsim.ttnn.Op_113.out'],ttsim.ttnn.Tensor_225[3616x3616]:float16;ttsim.ttnn.Tensor_226[3616x3616]:float16,ttsim.ttnn.Op_113.out[3616x3616]:float16,,,,False,False,,26150912,13075456,52301824,26150912,{'mac': 47280848896},0,26150912,13075456,47280848896,534407,227005,113503,50.0,COMP,534457.0,0.534457,668072.0,534407,0,0.668072,0.5999438682625543,0.0,0.3397916015694434,0.1698965492078876,0.0,0.0,False,LoFi
Wormhole,n150,1000.0,MATRIX,INT8,TTNN,Matmul2Tensors_1,sweep_32_to_4096_bf16,1,112,ttsim.ttnn.Op_113,True,True,MatMul,1,"{'compute_kernel_config': WormholeComputeKernelConfig(math_fidelity=<MathFidelity.HiFi2: 2>, math_approx_mode=False, dst_full_sync_en=False, fp32_dest_acc_en=False, packer_l1_acc=True), 'memory_config': <MemoryConfig.L1: 2>}","['ttsim.ttnn.Tensor_225', 'ttsim.ttnn.Tensor_226']",['ttsim.ttnn.Op_113.out'],ttsim.ttnn.Tensor_225[3616x3616]:float16;ttsim.ttnn.Tensor_226[3616x3616]:float16,ttsim.ttnn.Op_113.out[3616x3616]:float16,,,,False,False,,26150912,13075456,52301824,26150912,{'mac': 47280848896},0,26150912,13075456,47280848896,534407,227005,113503,50.0,COMP,534457.0,0.534457,668072.0,534407,0,0.668072,0.5999438682625543,0.0,0.3397916015694434,0.1698965492078876,0.0,0.0,False,HiFi2
Wormhole,n150,1000.0,MATRIX,INT8,TTNN,Matmul2Tensors_1,sweep_32_to_4096_bf16,1,112,ttsim.ttnn.Op_113,True,True,MatMul,1,"{'compute_kernel_config': WormholeComputeKernelConfig(math_fidelity=<MathFidelity.HiFi4: 4>, math_approx_mode=False, dst_full_sync_en=False, fp32_dest_acc_en=False, packer_l1_acc=True), 'memory_config': <MemoryConfig.L1: 2>}","['ttsim.ttnn.Tensor_225', 'ttsim.ttnn.Tensor_226']",['ttsim.ttnn.Op_113.out'],ttsim.ttnn.Tensor_225[3616x3616]:float16;ttsim.ttnn.Tensor_226[3616x3616]:float16,ttsim.ttnn.Op_113.out[3616x3616]:float16,,,,False,False,,26150912,13075456,52301824,26150912,{'mac': 47280848896},0,26150912,13075456,47280848896,534407,227005,113503,50.0,COMP,534457.0,0.534457,668072.0,534407,0,0.668072,0.5999438682625543,0.0,0.3397916015694434,0.1698965492078876,0.0,0.0,False,HiFi4
Wormhole,n150,1000.0,MATRIX,INT8,TTNN,Matmul2Tensors_1,sweep_32_to_4096_bf16,1,113,ttsim.ttnn.Op_114,True,True,MatMul,1,"{'compute_kernel_config': WormholeComputeKernelConfig(math_fidelity=<MathFidelity.LoFi: 1>, math_approx_mode=False, dst_full_sync_en=False, fp32_dest_acc_en=False, packer_l1_acc=True), 'memory_config': <MemoryConfig.L1: 2>}","['ttsim.ttnn.Tensor_227', 'ttsim.ttnn.Tensor_228']",['ttsim.ttnn.Op_114.out'],ttsim.ttnn.Tensor_227[3648x3648]:float16;ttsim.ttnn.Tensor_228[3648x3648]:float16,ttsim.ttnn.Op_114.out[3648x3648]:float16,,,,False,False,,26615808,13307904,53231616,26615808,{'mac': 48547233792},0,26615808,13307904,48547233792,548720,231040,115520,50.0,COMP,548770.0,0.54877,685963.0,548720,0,0.685963,0.5999453322885726,0.0,0.336811414618146,0.168405707309073,0.0,0.0,False,LoFi
Wormhole,n150,1000.0,MATRIX,INT8,TTNN,Matmul2Tensors_1,sweep_32_to_4096_bf16,1,113,ttsim.ttnn.Op_114,True,True,MatMul,1,"{'compute_kernel_config': WormholeComputeKernelConfig(math_fidelity=<MathFidelity.HiFi2: 2>, math_approx_mode=False, dst_full_sync_en=False, fp32_dest_acc_en=False, packer_l1_acc=True), 'memory_config': <MemoryConfig.L1: 2>}","['ttsim.ttnn.Tensor_227', 'ttsim.ttnn.Tensor_228']",['ttsim.ttnn.Op_114.out'],ttsim.ttnn.Tensor_227[3648x3648]:float16;ttsim.ttnn.Tensor_228[3648x3648]:float16,ttsim.ttnn.Op_114.out[3648x3648]:float16,,,,False,False,,26615808,13307904,53231616,26615808,{'mac': 48547233792},0,26615808,13307904,48547233792,548720,231040,115520,50.0,COMP,548770.0,0.54877,685963.0,548720,0,0.685963,0.5999453322885726,0.0,0.336811414618146,0.168405707309073,0.0,0.0,False,HiFi2
Wormhole,n150,1000.0,MATRIX,INT8,TTNN,Matmul2Tensors_1,sweep_32_to_4096_bf16,1,113,ttsim.ttnn.Op_114,True,True,MatMul,1,"{'compute_kernel_config': WormholeComputeKernelConfig(math_fidelity=<MathFidelity.HiFi4: 4>, math_approx_mode=False, dst_full_sync_en=False, fp32_dest_acc_en=False, packer_l1_acc=True), 'memory_config': <MemoryConfig.L1: 2>}","['ttsim.ttnn.Tensor_227', 'ttsim.ttnn.Tensor_228']",['ttsim.ttnn.Op_114.out'],ttsim.ttnn.Tensor_227[3648x3648]:float16;ttsim.ttnn.Tensor_228[3648x3648]:float16,ttsim.ttnn.Op_114.out[3648x3648]:float16,,,,False,False,,26615808,13307904,53231616,26615808,{'mac': 48547233792},0,26615808,13307904,48547233792,548720,231040,115520,50.0,COMP,548770.0,0.54877,685963.0,548720,0,0.685963,0.5999453322885726,0.0,0.336811414618146,0.168405707309073,0.0,0.0,False,HiFi4
Wormhole,n150,1000.0,MATRIX,INT8,TTNN,Matmul2Tensors_1,sweep_32_to_4096_bf16,1,114,ttsim.ttnn.Op_115,True,True,MatMul,1,"{'compute_kernel_config': WormholeComputeKernelConfig(math_fidelity=<MathFidelity.LoFi: 1>, math_approx_mode=False, dst_full_sync_en=False, fp32_dest_acc_en=False, packer_l1_acc=True), 'memory_config': <MemoryConfig.L1: 2>}","['ttsim.ttnn.Tensor_229', 'ttsim.ttnn.Tensor_230']",['ttsim.ttnn.Op_115.out'],ttsim.ttnn.Tensor_229[3680x3680]:float16;ttsim.ttnn.Tensor_230[3680x3680]:float16,ttsim.ttnn.Op_115.out[3680x3680]:float16,,,,False,False,,27084800,13542400,54169600,27084800,{'mac': 49836032000},0,27084800,13542400,49836032000,563288,235112,117556,50.0,COMP,563338.0,0.563338,704173.0,563288,0,0.704173,0.5999467460032875,0.0,0.333884098001555,0.1669420490007775,0.0,0.0,False,LoFi
Wormhole,n150,1000.0,MATRIX,INT8,TTNN,Matmul2Tensors_1,sweep_32_to_4096_bf16,1,114,ttsim.ttnn.Op_115,True,True,MatMul,1,"{'compute_kernel_config': WormholeComputeKernelConfig(math_fidelity=<MathFidelity.HiFi2: 2>, math_approx_mode=False, dst_full_sync_en=False, fp32_dest_acc_en=False, packer_l1_acc=True), 'memory_config': <MemoryConfig.L1: 2>}","['ttsim.ttnn.Tensor_229', 'ttsim.ttnn.Tensor_230']",['ttsim.ttnn.Op_115.out'],ttsim.ttnn.Tensor_229[3680x3680]:float16;ttsim.ttnn.Tensor_230[3680x3680]:float16,ttsim.ttnn.Op_115.out[3680x3680]:float16,,,,False,False,,27084800,13542400,54169600,27084800,{'mac': 49836032000},0,27084800,13542400,49836032000,563288,235112,117556,50.0,COMP,563338.0,0.563338,704173.0,563288,0,0.704173,0.5999467460032875,0.0,0.333884098001555,0.1669420490007775,0.0,0.0,False,HiFi2
Wormhole,n150,1000.0,MATRIX,INT8,TTNN,Matmul2Tensors_1,sweep_32_to_4096_bf16,1,114,ttsim.ttnn.Op_115,True,True,MatMul,1,"{'compute_kernel_config': WormholeComputeKernelConfig(math_fidelity=<MathFidelity.HiFi4: 4>, math_approx_mode=False, dst_full_sync_en=False, fp32_dest_acc_en=False, packer_l1_acc=True), 'memory_config': <MemoryConfig.L1: 2>}","['ttsim.ttnn.Tensor_229', 'ttsim.ttnn.Tensor_230']",['ttsim.ttnn.Op_115.out'],ttsim.ttnn.Tensor_229[3680x3680]:float16;ttsim.ttnn.Tensor_230[3680x3680]:float16,ttsim.ttnn.Op_115.out[3680x3680]:float16,,,,False,False,,27084800,13542400,54169600,27084800,{'mac': 49836032000},0,27084800,13542400,49836032000,563288,235112,117556,50.0,COMP,563338.0,0.563338,704173.0,563288,0,0.704173,0.5999467460032875,0.0,0.333884098001555,0.1669420490007775,0.0,0.0,False,HiFi4
Wormhole,n150,1000.0,MATRIX,INT8,TTNN,Matmul2Tensors_1,sweep_32_to_4096_bf16,1,115,ttsim.ttnn.Op_116,True,True,MatMul,1,"{'compute_kernel_config': WormholeComputeKernelConfig(math_fidelity=<MathFidelity.LoFi: 1>, math_approx_mode=False, dst_full_sync_en=False, fp32_dest_acc_en=False, packer_l1_acc=True), 'memory_config': <MemoryConfig.L1: 2>}","['ttsim.ttnn.Tensor_231', 'ttsim.ttnn.Tensor_232']",['ttsim.ttnn.Op_116.out'],ttsim.ttnn.Tensor_231[3712x3712]:float16;ttsim.ttnn.Tensor_232[3712x3712]:float16,ttsim.ttnn.Op_116.out[3712x3712]:float16,,,,False,False,,27557888,13778944,55115776,27557888,{'mac': 51147440128},0,27557888,13778944,51147440128,578110,239218,119609,50.0,COMP,578160.0,0.57816,722700.0,578110,0,0.7227,0.5999481112494811,0.0,0.3310059499100595,0.1655029749550297,0.0,0.0,False,LoFi
Wormhole,n150,1000.0,MATRIX,INT8,TTNN,Matmul2Tensors_1,sweep_32_to_4096_bf16,1,115,ttsim.ttnn.Op_116,True,True,MatMul,1,"{'compute_kernel_config': WormholeComputeKernelConfig(math_fidelity=<MathFidelity.HiFi2: 2>, math_approx_mode=False, dst_full_sync_en=False, fp32_dest_acc_en=False, packer_l1_acc=True), 'memory_config': <MemoryConfig.L1: 2>}","['ttsim.ttnn.Tensor_231', 'ttsim.ttnn.Tensor_232']",['ttsim.ttnn.Op_116.out'],ttsim.ttnn.Tensor_231[3712x3712]:float16;ttsim.ttnn.Tensor_232[3712x3712]:float16,ttsim.ttnn.Op_116.out[3712x3712]:float16,,,,False,False,,27557888,13778944,55115776,27557888,{'mac': 51147440128},0,27557888,13778944,51147440128,578110,239218,119609,50.0,COMP,578160.0,0.57816,722700.0,578110,0,0.7227,0.5999481112494811,0.0,0.3310059499100595,0.1655029749550297,0.0,0.0,False,HiFi2
Wormhole,n150,1000.0,MATRIX,INT8,TTNN,Matmul2Tensors_1,sweep_32_to_4096_bf16,1,115,ttsim.ttnn.Op_116,True,True,MatMul,1,"{'compute_kernel_config': WormholeComputeKernelConfig(math_fidelity=<MathFidelity.HiFi4: 4>, math_approx_mode=False, dst_full_sync_en=False, fp32_dest_acc_en=False, packer_l1_acc=True), 'memory_config': <MemoryConfig.L1: 2>}","['ttsim.ttnn.Tensor_231', 'ttsim.ttnn.Tensor_232']",['ttsim.ttnn.Op_116.out'],ttsim.ttnn.Tensor_231[3712x3712]:float16;ttsim.ttnn.Tensor_232[3712x3712]:float16,ttsim.ttnn.Op_116.out[3712x3712]:float16,,,,False,False,,27557888,13778944,55115776,27557888,{'mac': 51147440128},0,27557888,13778944,51147440128,578110,239218,119609,50.0,COMP,578160.0,0.57816,722700.0,578110,0,0.7227,0.5999481112494811,0.0,0.3310059499100595,0.1655029749550297,0.0,0.0,False,HiFi4
Wormhole,n150,1000.0,MATRIX,INT8,TTNN,Matmul2Tensors_1,sweep_32_to_4096_bf16,1,116,ttsim.ttnn.Op_117,True,True,MatMul,1,"{'compute_kernel_config': WormholeComputeKernelConfig(math_fidelity=<MathFidelity.LoFi: 1>, math_approx_mode=False, dst_full_sync_en=False, fp32_dest_acc_en=False, packer_l1_acc=True), 'memory_config': <MemoryConfig.L1: 2>}","['ttsim.ttnn.Tensor_233', 'ttsim.ttnn.Tensor_234']",['ttsim.ttnn.Op_117.out'],ttsim.ttnn.Tensor_233[3744x3744]:float16;ttsim.ttnn.Tensor_234[3744x3744]:float16,ttsim.ttnn.Op_117.out[3744x3744]:float16,,,,False,False,,28035072,14017536,56070144,28035072,{'mac': 52481654784},0,28035072,14017536,52481654784,593191,243360,121680,50.0,COMP,593241.0,0.593241,741552.0,593191,0,0.741552,0.5999494303326978,0.0,0.3281769129240899,0.1640884564620449,0.0,0.0,False,LoFi
Wormhole,n150,1000.0,MATRIX,INT8,TTNN,Matmul2Tensors_1,sweep_32_to_4096_bf16,1,116,ttsim.ttnn.Op_117,True,True,MatMul,1,"{'compute_kernel_config': WormholeComputeKernelConfig(math_fidelity=<MathFidelity.HiFi2: 2>, math_approx_mode=False, dst_full_sync_en=False, fp32_dest_acc_en=False, packer_l1_acc=True), 'memory_config': <MemoryConfig.L1: 2>}","['ttsim.ttnn.Tensor_233', 'ttsim.ttnn.Tensor_234']",['ttsim.ttnn.Op_117.out'],ttsim.ttnn.Tensor_233[3744x3744]:float16;ttsim.ttnn.Tensor_234[3744x3744]:float16,ttsim.ttnn.Op_117.out[3744x3744]:float16,,,,False,False,,28035072,14017536,56070144,28035072,{'mac': 52481654784},0,28035072,14017536,52481654784,593191,243360,121680,50.0,COMP,593241.0,0.593241,741552.0,593191,0,0.741552,0.5999494303326978,0.0,0.3281769129240899,0.1640884564620449,0.0,0.0,False,HiFi2
Wormhole,n150,1000.0,MATRIX,INT8,TTNN,Matmul2Tensors_1,sweep_32_to_4096_bf16,1,116,ttsim.ttnn.Op_117,True,True,MatMul,1,"{'compute_kernel_config': WormholeComputeKernelConfig(math_fidelity=<MathFidelity.HiFi4: 4>, math_approx_mode=False, dst_full_sync_en=False, fp32_dest_acc_en=False, packer_l1_acc=True), 'memory_config': <MemoryConfig.L1: 2>}","['ttsim.ttnn.Tensor_233', 'ttsim.ttnn.Tensor_234']",['ttsim.ttnn.Op_117.out'],ttsim.ttnn.Tensor_233[3744x3744]:float16;ttsim.ttnn.Tensor_234[3744x3744]:float16,ttsim.ttnn.Op_117.out[3744x3744]:float16,,,,False,False,,28035072,14017536,56070144,28035072,{'mac': 52481654784},0,28035072,14017536,52481654784,593191,243360,121680,50.0,COMP,593241.0,0.593241,741552.0,593191,0,0.741552,0.5999494303326978,0.0,0.3281769129240899,0.1640884564620449,0.0,0.0,False,HiFi4
Wormhole,n150,1000.0,MATRIX,INT8,TTNN,Matmul2Tensors_1,sweep_32_to_4096_bf16,1,117,ttsim.ttnn.Op_118,True,True,MatMul,1,"{'compute_kernel_config': WormholeComputeKernelConfig(math_fidelity=<MathFidelity.LoFi: 1>, math_approx_mode=False, dst_full_sync_en=False, fp32_dest_acc_en=False, packer_l1_acc=True), 'memory_config': <MemoryConfig.L1: 2>}","['ttsim.ttnn.Tensor_235', 'ttsim.ttnn.Tensor_236']",['ttsim.ttnn.Op_118.out'],ttsim.ttnn.Tensor_235[3776x3776]:float16;ttsim.ttnn.Tensor_236[3776x3776]:float16,ttsim.ttnn.Op_118.out[3776x3776]:float16,,,,False,False,,28516352,14258176,57032704,28516352,{'mac': 53838872576},0,28516352,14258176,53838872576,608531,247538,123769,50.0,COMP,608581.0,0.608581,760727.0,608531,0,0.7607269999999999,0.5999507050006491,0.0,0.3253969479822735,0.1626984739911367,0.0,0.0,False,LoFi
Wormhole,n150,1000.0,MATRIX,INT8,TTNN,Matmul2Tensors_1,sweep_32_to_4096_bf16,1,117,ttsim.ttnn.Op_118,True,True,MatMul,1,"{'compute_kernel_config': WormholeComputeKernelConfig(math_fidelity=<MathFidelity.HiFi2: 2>, math_approx_mode=False, dst_full_sync_en=False, fp32_dest_acc_en=False, packer_l1_acc=True), 'memory_config': <MemoryConfig.L1: 2>}","['ttsim.ttnn.Tensor_235', 'ttsim.ttnn.Tensor_236']",['ttsim.ttnn.Op_118.out'],ttsim.ttnn.Tensor_235[3776x3776]:float16;ttsim.ttnn.Tensor_236[3776x3776]:float16,ttsim.ttnn.Op_118.out[3776x3776]:float16,,,,False,False,,28516352,14258176,57032704,28516352,{'mac': 53838872576},0,28516352,14258176,53838872576,608531,247538,123769,50.0,COMP,608581.0,0.608581,760727.0,608531,0,0.7607269999999999,0.5999507050006491,0.0,0.3253969479822735,0.1626984739911367,0.0,0.0,False,HiFi2
Wormhole,n150,1000.0,MATRIX,INT8,TTNN,Matmul2Tensors_1,sweep_32_to_4096_bf16,1,117,ttsim.ttnn.Op_118,True,True,MatMul,1,"{'compute_kernel_config': WormholeComputeKernelConfig(math_fidelity=<MathFidelity.HiFi4: 4>, math_approx_mode=False, dst_full_sync_en=False, fp32_dest_acc_en=False, packer_l1_acc=True), 'memory_config': <MemoryConfig.L1: 2>}","['ttsim.ttnn.Tensor_235', 'ttsim.ttnn.Tensor_236']",['ttsim.ttnn.Op_118.out'],ttsim.ttnn.Tensor_235[3776x3776]:float16;ttsim.ttnn.Tensor_236[3776x3776]:float16,ttsim.ttnn.Op_118.out[3776x3776]:float16,,,,False,False,,28516352,14258176,57032704,28516352,{'mac': 53838872576},0,28516352,14258176,53838872576,608531,247538,123769,50.0,COMP,608581.0,0.608581,760727.0,608531,0,0.7607269999999999,0.5999507050006491,0.0,0.3253969479822735,0.1626984739911367,0.0,0.0,False,HiFi4
Wormhole,n150,1000.0,MATRIX,INT8,TTNN,Matmul2Tensors_1,sweep_32_to_4096_bf16,1,118,ttsim.ttnn.Op_119,True,True,MatMul,1,"{'compute_kernel_config': WormholeComputeKernelConfig(math_fidelity=<MathFidelity.LoFi: 1>, math_approx_mode=False, dst_full_sync_en=False, fp32_dest_acc_en=False, packer_l1_acc=True), 'memory_config': <MemoryConfig.L1: 2>}","['ttsim.ttnn.Tensor_237', 'ttsim.ttnn.Tensor_238']",['ttsim.ttnn.Op_119.out'],ttsim.ttnn.Tensor_237[3808x3808]:float16;ttsim.ttnn.Tensor_238[3808x3808]:float16,ttsim.ttnn.Op_119.out[3808x3808]:float16,,,,False,False,,29001728,14500864,58003456,29001728,{'mac': 55219290112},0,29001728,14500864,55219290112,624133,251752,125876,50.0,COMP,624183.0,0.624183,780229.0,624133,0,0.7802290000000001,0.5999519371722716,0.0,0.3226643468341816,0.1613321734170908,0.0,0.0,False,LoFi
Wormhole,n150,1000.0,MATRIX,INT8,TTNN,Matmul2Tensors_1,sweep_32_to_4096_bf16,1,118,ttsim.ttnn.Op_119,True,True,MatMul,1,"{'compute_kernel_config': WormholeComputeKernelConfig(math_fidelity=<MathFidelity.HiFi2: 2>, math_approx_mode=False, dst_full_sync_en=False, fp32_dest_acc_en=False, packer_l1_acc=True), 'memory_config': <MemoryConfig.L1: 2>}","['ttsim.ttnn.Tensor_237', 'ttsim.ttnn.Tensor_238']",['ttsim.ttnn.Op_119.out'],ttsim.ttnn.Tensor_237[3808x3808]:float16;ttsim.ttnn.Tensor_238[3808x3808]:float16,ttsim.ttnn.Op_119.out[3808x3808]:float16,,,,False,False,,29001728,14500864,58003456,29001728,{'mac': 55219290112},0,29001728,14500864,55219290112,624133,251752,125876,50.0,COMP,624183.0,0.624183,780229.0,624133,0,0.7802290000000001,0.5999519371722716,0.0,0.3226643468341816,0.1613321734170908,0.0,0.0,False,HiFi2
Wormhole,n150,1000.0,MATRIX,INT8,TTNN,Matmul2Tensors_1,sweep_32_to_4096_bf16,1,118,ttsim.ttnn.Op_119,True,True,MatMul,1,"{'compute_kernel_config': WormholeComputeKernelConfig(math_fidelity=<MathFidelity.HiFi4: 4>, math_approx_mode=False, dst_full_sync_en=False, fp32_dest_acc_en=False, packer_l1_acc=True), 'memory_config': <MemoryConfig.L1: 2>}","['ttsim.ttnn.Tensor_237', 'ttsim.ttnn.Tensor_238']",['ttsim.ttnn.Op_119.out'],ttsim.ttnn.Tensor_237[3808x3808]:float16;ttsim.ttnn.Tensor_238[3808x3808]:float16,ttsim.ttnn.Op_119.out[3808x3808]:float16,,,,False,False,,29001728,14500864,58003456,29001728,{'mac': 55219290112},0,29001728,14500864,55219290112,624133,251752,125876,50.0,COMP,624183.0,0.624183,780229.0,624133,0,0.7802290000000001,0.5999519371722716,0.0,0.3226643468341816,0.1613321734170908,0.0,0.0,False,HiFi4
Wormhole,n150,1000.0,MATRIX,INT8,TTNN,Matmul2Tensors_1,sweep_32_to_4096_bf16,1,119,ttsim.ttnn.Op_120,True,True,MatMul,1,"{'compute_kernel_config': WormholeComputeKernelConfig(math_fidelity=<MathFidelity.LoFi: 1>, math_approx_mode=False, dst_full_sync_en=False, fp32_dest_acc_en=False, packer_l1_acc=True), 'memory_config': <MemoryConfig.L1: 2>}","['ttsim.ttnn.Tensor_239', 'ttsim.ttnn.Tensor_240']",['ttsim.ttnn.Op_120.out'],ttsim.ttnn.Tensor_239[3840x3840]:float16;ttsim.ttnn.Tensor_240[3840x3840]:float16,ttsim.ttnn.Op_120.out[3840x3840]:float16,,,,False,False,,29491200,14745600,58982400,29491200,{'mac': 56623104000},0,29491200,14745600,56623104000,640001,256000,128000,50.0,COMP,640051.0,0.640051,800064.0,640001,0,0.800064,0.5999531287350539,0.0,0.3199745020318694,0.1599872510159347,0.0,0.0,False,LoFi
Wormhole,n150,1000.0,MATRIX,INT8,TTNN,Matmul2Tensors_1,sweep_32_to_4096_bf16,1,119,ttsim.ttnn.Op_120,True,True,MatMul,1,"{'compute_kernel_config': WormholeComputeKernelConfig(math_fidelity=<MathFidelity.HiFi2: 2>, math_approx_mode=False, dst_full_sync_en=False, fp32_dest_acc_en=False, packer_l1_acc=True), 'memory_config': <MemoryConfig.L1: 2>}","['ttsim.ttnn.Tensor_239', 'ttsim.ttnn.Tensor_240']",['ttsim.ttnn.Op_120.out'],ttsim.ttnn.Tensor_239[3840x3840]:float16;ttsim.ttnn.Tensor_240[3840x3840]:float16,ttsim.ttnn.Op_120.out[3840x3840]:float16,,,,False,False,,29491200,14745600,58982400,29491200,{'mac': 56623104000},0,29491200,14745600,56623104000,640001,256000,128000,50.0,COMP,640051.0,0.640051,800064.0,640001,0,0.800064,0.5999531287350539,0.0,0.3199745020318694,0.1599872510159347,0.0,0.0,False,HiFi2
Wormhole,n150,1000.0,MATRIX,INT8,TTNN,Matmul2Tensors_1,sweep_32_to_4096_bf16,1,119,ttsim.ttnn.Op_120,True,True,MatMul,1,"{'compute_kernel_config': WormholeComputeKernelConfig(math_fidelity=<MathFidelity.HiFi4: 4>, math_approx_mode=False, dst_full_sync_en=False, fp32_dest_acc_en=False, packer_l1_acc=True), 'memory_config': <MemoryConfig.L1: 2>}","['ttsim.ttnn.Tensor_239', 'ttsim.ttnn.Tensor_240']",['ttsim.ttnn.Op_120.out'],ttsim.ttnn.Tensor_239[3840x3840]:float16;ttsim.ttnn.Tensor_240[3840x3840]:float16,ttsim.ttnn.Op_120.out[3840x3840]:float16,,,,False,False,,29491200,14745600,58982400,29491200,{'mac': 56623104000},0,29491200,14745600,56623104000,640001,256000,128000,50.0,COMP,640051.0,0.640051,800064.0,640001,0,0.800064,0.5999531287350539,0.0,0.3199745020318694,0.1599872510159347,0.0,0.0,False,HiFi4
Wormhole,n150,1000.0,MATRIX,INT8,TTNN,Matmul2Tensors_1,sweep_32_to_4096_bf16,1,120,ttsim.ttnn.Op_121,True,True,MatMul,1,"{'compute_kernel_config': WormholeComputeKernelConfig(math_fidelity=<MathFidelity.LoFi: 1>, math_approx_mode=False, dst_full_sync_en=False, fp32_dest_acc_en=False, packer_l1_acc=True), 'memory_config': <MemoryConfig.L1: 2>}","['ttsim.ttnn.Tensor_241', 'ttsim.ttnn.Tensor_242']",['ttsim.ttnn.Op_121.out'],ttsim.ttnn.Tensor_241[3872x3872]:float16;ttsim.ttnn.Tensor_242[3872x3872]:float16,ttsim.ttnn.Op_121.out[3872x3872]:float16,,,,False,False,,29984768,14992384,59969536,29984768,{'mac': 58050510848},0,29984768,14992384,58050510848,656134,260285,130143,50.0,COMP,656184.0,0.656184,820230.0,656134,0,0.82023,0.5999542811162722,0.0,0.3173317240286261,0.1586664715994294,0.0,0.0,False,LoFi
Wormhole,n150,1000.0,MATRIX,INT8,TTNN,Matmul2Tensors_1,sweep_32_to_4096_bf16,1,120,ttsim.ttnn.Op_121,True,True,MatMul,1,"{'compute_kernel_config': WormholeComputeKernelConfig(math_fidelity=<MathFidelity.HiFi2: 2>, math_approx_mode=False, dst_full_sync_en=False, fp32_dest_acc_en=False, packer_l1_acc=True), 'memory_config': <MemoryConfig.L1: 2>}","['ttsim.ttnn.Tensor_241', 'ttsim.ttnn.Tensor_242']",['ttsim.ttnn.Op_121.out'],ttsim.ttnn.Tensor_241[3872x3872]:float16;ttsim.ttnn.Tensor_242[3872x3872]:float16,ttsim.ttnn.Op_121.out[3872x3872]:float16,,,,False,False,,29984768,14992384,59969536,29984768,{'mac': 58050510848},0,29984768,14992384,58050510848,656134,260285,130143,50.0,COMP,656184.0,0.656184,820230.0,656134,0,0.82023,0.5999542811162722,0.0,0.3173317240286261,0.1586664715994294,0.0,0.0,False,HiFi2
Wormhole,n150,1000.0,MATRIX,INT8,TTNN,Matmul2Tensors_1,sweep_32_to_4096_bf16,1,120,ttsim.ttnn.Op_121,True,True,MatMul,1,"{'compute_kernel_config': WormholeComputeKernelConfig(math_fidelity=<MathFidelity.HiFi4: 4>, math_approx_mode=False, dst_full_sync_en=False, fp32_dest_acc_en=False, packer_l1_acc=True), 'memory_config': <MemoryConfig.L1: 2>}","['ttsim.ttnn.Tensor_241', 'ttsim.ttnn.Tensor_242']",['ttsim.ttnn.Op_121.out'],ttsim.ttnn.Tensor_241[3872x3872]:float16;ttsim.ttnn.Tensor_242[3872x3872]:float16,ttsim.ttnn.Op_121.out[3872x3872]:float16,,,,False,False,,29984768,14992384,59969536,29984768,{'mac': 58050510848},0,29984768,14992384,58050510848,656134,260285,130143,50.0,COMP,656184.0,0.656184,820230.0,656134,0,0.82023,0.5999542811162722,0.0,0.3173317240286261,0.1586664715994294,0.0,0.0,False,HiFi4
Wormhole,n150,1000.0,MATRIX,INT8,TTNN,Matmul2Tensors_1,sweep_32_to_4096_bf16,1,121,ttsim.ttnn.Op_122,True,True,MatMul,1,"{'compute_kernel_config': WormholeComputeKernelConfig(math_fidelity=<MathFidelity.LoFi: 1>, math_approx_mode=False, dst_full_sync_en=False, fp32_dest_acc_en=False, packer_l1_acc=True), 'memory_config': <MemoryConfig.L1: 2>}","['ttsim.ttnn.Tensor_243', 'ttsim.ttnn.Tensor_244']",['ttsim.ttnn.Op_122.out'],ttsim.ttnn.Tensor_243[3904x3904]:float16;ttsim.ttnn.Tensor_244[3904x3904]:float16,ttsim.ttnn.Op_122.out[3904x3904]:float16,,,,False,False,,30482432,15241216,60964864,30482432,{'mac': 59501707264},0,30482432,15241216,59501707264,672537,264605,132303,50.0,COMP,672587.0,0.6725869999999999,840734.0,672537,0,0.8407340000000001,0.5999553961048905,0.0,0.3147310310785073,0.1573661102578551,0.0,0.0,False,LoFi
Wormhole,n150,1000.0,MATRIX,INT8,TTNN,Matmul2Tensors_1,sweep_32_to_4096_bf16,1,121,ttsim.ttnn.Op_122,True,True,MatMul,1,"{'compute_kernel_config': WormholeComputeKernelConfig(math_fidelity=<MathFidelity.HiFi2: 2>, math_approx_mode=False, dst_full_sync_en=False, fp32_dest_acc_en=False, packer_l1_acc=True), 'memory_config': <MemoryConfig.L1: 2>}","['ttsim.ttnn.Tensor_243', 'ttsim.ttnn.Tensor_244']",['ttsim.ttnn.Op_122.out'],ttsim.ttnn.Tensor_243[3904x3904]:float16;ttsim.ttnn.Tensor_244[3904x3904]:float16,ttsim.ttnn.Op_122.out[3904x3904]:float16,,,,False,False,,30482432,15241216,60964864,30482432,{'mac': 59501707264},0,30482432,15241216,59501707264,672537,264605,132303,50.0,COMP,672587.0,0.6725869999999999,840734.0,672537,0,0.8407340000000001,0.5999553961048905,0.0,0.3147310310785073,0.1573661102578551,0.0,0.0,False,HiFi2
Wormhole,n150,1000.0,MATRIX,INT8,TTNN,Matmul2Tensors_1,sweep_32_to_4096_bf16,1,121,ttsim.ttnn.Op_122,True,True,MatMul,1,"{'compute_kernel_config': WormholeComputeKernelConfig(math_fidelity=<MathFidelity.HiFi4: 4>, math_approx_mode=False, dst_full_sync_en=False, fp32_dest_acc_en=False, packer_l1_acc=True), 'memory_config': <MemoryConfig.L1: 2>}","['ttsim.ttnn.Tensor_243', 'ttsim.ttnn.Tensor_244']",['ttsim.ttnn.Op_122.out'],ttsim.ttnn.Tensor_243[3904x3904]:float16;ttsim.ttnn.Tensor_244[3904x3904]:float16,ttsim.ttnn.Op_122.out[3904x3904]:float16,,,,False,False,,30482432,15241216,60964864,30482432,{'mac': 59501707264},0,30482432,15241216,59501707264,672537,264605,132303,50.0,COMP,672587.0,0.6725869999999999,840734.0,672537,0,0.8407340000000001,0.5999553961048905,0.0,0.3147310310785073,0.1573661102578551,0.0,0.0,False,HiFi4
Wormhole,n150,1000.0,MATRIX,INT8,TTNN,Matmul2Tensors_1,sweep_32_to_4096_bf16,1,122,ttsim.ttnn.Op_123,True,True,MatMul,1,"{'compute_kernel_config': WormholeComputeKernelConfig(math_fidelity=<MathFidelity.LoFi: 1>, math_approx_mode=False, dst_full_sync_en=False, fp32_dest_acc_en=False, packer_l1_acc=True), 'memory_config': <MemoryConfig.L1: 2>}","['ttsim.ttnn.Tensor_245', 'ttsim.ttnn.Tensor_246']",['ttsim.ttnn.Op_123.out'],ttsim.ttnn.Tensor_245[3936x3936]:float16;ttsim.ttnn.Tensor_246[3936x3936]:float16,ttsim.ttnn.Op_123.out[3936x3936]:float16,,,,False,False,,30984192,15492096,61968384,30984192,{'mac': 60976889856},0,30984192,15492096,60976889856,689211,268960,134480,50.0,COMP,689261.0,0.689261,861577.0,689211,0,0.861577,0.5999564751233567,0.0,0.3121720219191279,0.1560860109595639,0.0,0.0,False,LoFi
Wormhole,n150,1000.0,MATRIX,INT8,TTNN,Matmul2Tensors_1,sweep_32_to_4096_bf16,1,122,ttsim.ttnn.Op_123,True,True,MatMul,1,"{'compute_kernel_config': WormholeComputeKernelConfig(math_fidelity=<MathFidelity.HiFi2: 2>, math_approx_mode=False, dst_full_sync_en=False, fp32_dest_acc_en=False, packer_l1_acc=True), 'memory_config': <MemoryConfig.L1: 2>}","['ttsim.ttnn.Tensor_245', 'ttsim.ttnn.Tensor_246']",['ttsim.ttnn.Op_123.out'],ttsim.ttnn.Tensor_245[3936x3936]:float16;ttsim.ttnn.Tensor_246[3936x3936]:float16,ttsim.ttnn.Op_123.out[3936x3936]:float16,,,,False,False,,30984192,15492096,61968384,30984192,{'mac': 60976889856},0,30984192,15492096,60976889856,689211,268960,134480,50.0,COMP,689261.0,0.689261,861577.0,689211,0,0.861577,0.5999564751233567,0.0,0.3121720219191279,0.1560860109595639,0.0,0.0,False,HiFi2
Wormhole,n150,1000.0,MATRIX,INT8,TTNN,Matmul2Tensors_1,sweep_32_to_4096_bf16,1,122,ttsim.ttnn.Op_123,True,True,MatMul,1,"{'compute_kernel_config': WormholeComputeKernelConfig(math_fidelity=<MathFidelity.HiFi4: 4>, math_approx_mode=False, dst_full_sync_en=False, fp32_dest_acc_en=False, packer_l1_acc=True), 'memory_config': <MemoryConfig.L1: 2>}","['ttsim.ttnn.Tensor_245', 'ttsim.ttnn.Tensor_246']",['ttsim.ttnn.Op_123.out'],ttsim.ttnn.Tensor_245[3936x3936]:float16;ttsim.ttnn.Tensor_246[3936x3936]:float16,ttsim.ttnn.Op_123.out[3936x3936]:float16,,,,False,False,,30984192,15492096,61968384,30984192,{'mac': 60976889856},0,30984192,15492096,60976889856,689211,268960,134480,50.0,COMP,689261.0,0.689261,861577.0,689211,0,0.861577,0.5999564751233567,0.0,0.3121720219191279,0.1560860109595639,0.0,0.0,False,HiFi4
Wormhole,n150,1000.0,MATRIX,INT8,TTNN,Matmul2Tensors_1,sweep_32_to_4096_bf16,1,123,ttsim.ttnn.Op_124,True,True,MatMul,1,"{'compute_kernel_config': WormholeComputeKernelConfig(math_fidelity=<MathFidelity.LoFi: 1>, math_approx_mode=False, dst_full_sync_en=False, fp32_dest_acc_en=False, packer_l1_acc=True), 'memory_config': <MemoryConfig.L1: 2>}","['ttsim.ttnn.Tensor_247', 'ttsim.ttnn.Tensor_248']",['ttsim.ttnn.Op_124.out'],ttsim.ttnn.Tensor_247[3968x3968]:float16;ttsim.ttnn.Tensor_248[3968x3968]:float16,ttsim.ttnn.Op_124.out[3968x3968]:float16,,,,False,False,,31490048,15745024,62980096,31490048,{'mac': 62476255232},0,31490048,15745024,62476255232,706158,273352,136676,50.0,COMP,706208.0,0.706208,882760.0,706158,0,0.88276,0.5999575195976257,0.0,0.3096560786623771,0.1548280393311885,0.0,0.0,False,LoFi
Wormhole,n150,1000.0,MATRIX,INT8,TTNN,Matmul2Tensors_1,sweep_32_to_4096_bf16,1,123,ttsim.ttnn.Op_124,True,True,MatMul,1,"{'compute_kernel_config': WormholeComputeKernelConfig(math_fidelity=<MathFidelity.HiFi2: 2>, math_approx_mode=False, dst_full_sync_en=False, fp32_dest_acc_en=False, packer_l1_acc=True), 'memory_config': <MemoryConfig.L1: 2>}","['ttsim.ttnn.Tensor_247', 'ttsim.ttnn.Tensor_248']",['ttsim.ttnn.Op_124.out'],ttsim.ttnn.Tensor_247[3968x3968]:float16;ttsim.ttnn.Tensor_248[3968x3968]:float16,ttsim.ttnn.Op_124.out[3968x3968]:float16,,,,False,False,,31490048,15745024,62980096,31490048,{'mac': 62476255232},0,31490048,15745024,62476255232,706158,273352,136676,50.0,COMP,706208.0,0.706208,882760.0,706158,0,0.88276,0.5999575195976257,0.0,0.3096560786623771,0.1548280393311885,0.0,0.0,False,HiFi2
Wormhole,n150,1000.0,MATRIX,INT8,TTNN,Matmul2Tensors_1,sweep_32_to_4096_bf16,1,123,ttsim.ttnn.Op_124,True,True,MatMul,1,"{'compute_kernel_config': WormholeComputeKernelConfig(math_fidelity=<MathFidelity.HiFi4: 4>, math_approx_mode=False, dst_full_sync_en=False, fp32_dest_acc_en=False, packer_l1_acc=True), 'memory_config': <MemoryConfig.L1: 2>}","['ttsim.ttnn.Tensor_247', 'ttsim.ttnn.Tensor_248']",['ttsim.ttnn.Op_124.out'],ttsim.ttnn.Tensor_247[3968x3968]:float16;ttsim.ttnn.Tensor_248[3968x3968]:float16,ttsim.ttnn.Op_124.out[3968x3968]:float16,,,,False,False,,31490048,15745024,62980096,31490048,{'mac': 62476255232},0,31490048,15745024,62476255232,706158,273352,136676,50.0,COMP,706208.0,0.706208,882760.0,706158,0,0.88276,0.5999575195976257,0.0,0.3096560786623771,0.1548280393311885,0.0,0.0,False,HiFi4
Wormhole,n150,1000.0,MATRIX,INT8,TTNN,Matmul2Tensors_1,sweep_32_to_4096_bf16,1,124,ttsim.ttnn.Op_125,True,True,MatMul,1,"{'compute_kernel_config': WormholeComputeKernelConfig(math_fidelity=<MathFidelity.LoFi: 1>, math_approx_mode=False, dst_full_sync_en=False, fp32_dest_acc_en=False, packer_l1_acc=True), 'memory_config': <MemoryConfig.L1: 2>}","['ttsim.ttnn.Tensor_249', 'ttsim.ttnn.Tensor_250']",['ttsim.ttnn.Op_125.out'],ttsim.ttnn.Tensor_249[4000x4000]:float16;ttsim.ttnn.Tensor_250[4000x4000]:float16,ttsim.ttnn.Op_125.out[4000x4000]:float16,,,,False,False,,32000000,16000000,64000000,32000000,{'mac': 64000000000},0,32000000,16000000,64000000000,723380,277778,138889,50.0,COMP,723430.0,0.7234299999999999,904288.0,723380,0,0.904288,0.5999585308875772,0.0,0.3071788562818794,0.1535894281409397,0.0,0.0,False,LoFi
Wormhole,n150,1000.0,MATRIX,INT8,TTNN,Matmul2Tensors_1,sweep_32_to_4096_bf16,1,124,ttsim.ttnn.Op_125,True,True,MatMul,1,"{'compute_kernel_config': WormholeComputeKernelConfig(math_fidelity=<MathFidelity.HiFi2: 2>, math_approx_mode=False, dst_full_sync_en=False, fp32_dest_acc_en=False, packer_l1_acc=True), 'memory_config': <MemoryConfig.L1: 2>}","['ttsim.ttnn.Tensor_249', 'ttsim.ttnn.Tensor_250']",['ttsim.ttnn.Op_125.out'],ttsim.ttnn.Tensor_249[4000x4000]:float16;ttsim.ttnn.Tensor_250[4000x4000]:float16,ttsim.ttnn.Op_125.out[4000x4000]:float16,,,,False,False,,32000000,16000000,64000000,32000000,{'mac': 64000000000},0,32000000,16000000,64000000000,723380,277778,138889,50.0,COMP,723430.0,0.7234299999999999,904288.0,723380,0,0.904288,0.5999585308875772,0.0,0.3071788562818794,0.1535894281409397,0.0,0.0,False,HiFi2
Wormhole,n150,1000.0,MATRIX,INT8,TTNN,Matmul2Tensors_1,sweep_32_to_4096_bf16,1,124,ttsim.ttnn.Op_125,True,True,MatMul,1,"{'compute_kernel_config': WormholeComputeKernelConfig(math_fidelity=<MathFidelity.HiFi4: 4>, math_approx_mode=False, dst_full_sync_en=False, fp32_dest_acc_en=False, packer_l1_acc=True), 'memory_config': <MemoryConfig.L1: 2>}","['ttsim.ttnn.Tensor_249', 'ttsim.ttnn.Tensor_250']",['ttsim.ttnn.Op_125.out'],ttsim.ttnn.Tensor_249[4000x4000]:float16;ttsim.ttnn.Tensor_250[4000x4000]:float16,ttsim.ttnn.Op_125.out[4000x4000]:float16,,,,False,False,,32000000,16000000,64000000,32000000,{'mac': 64000000000},0,32000000,16000000,64000000000,723380,277778,138889,50.0,COMP,723430.0,0.7234299999999999,904288.0,723380,0,0.904288,0.5999585308875772,0.0,0.3071788562818794,0.1535894281409397,0.0,0.0,False,HiFi4
Wormhole,n150,1000.0,MATRIX,INT8,TTNN,Matmul2Tensors_1,sweep_32_to_4096_bf16,1,125,ttsim.ttnn.Op_126,True,True,MatMul,1,"{'compute_kernel_config': WormholeComputeKernelConfig(math_fidelity=<MathFidelity.LoFi: 1>, math_approx_mode=False, dst_full_sync_en=False, fp32_dest_acc_en=False, packer_l1_acc=True), 'memory_config': <MemoryConfig.L1: 2>}","['ttsim.ttnn.Tensor_251', 'ttsim.ttnn.Tensor_252']",['ttsim.ttnn.Op_126.out'],ttsim.ttnn.Tensor_251[4032x4032]:float16;ttsim.ttnn.Tensor_252[4032x4032]:float16,ttsim.ttnn.Op_126.out[4032x4032]:float16,,,,False,False,,32514048,16257024,65028096,32514048,{'mac': 65548320768},0,32514048,16257024,65548320768,740881,282240,141120,50.0,COMP,740931.0,0.740931,926164.0,740881,0,0.926164,0.5999595103997538,0.0,0.3047409272928248,0.1523704636464124,0.0,0.0,False,LoFi
Wormhole,n150,1000.0,MATRIX,INT8,TTNN,Matmul2Tensors_1,sweep_32_to_4096_bf16,1,125,ttsim.ttnn.Op_126,True,True,MatMul,1,"{'compute_kernel_config': WormholeComputeKernelConfig(math_fidelity=<MathFidelity.HiFi2: 2>, math_approx_mode=False, dst_full_sync_en=False, fp32_dest_acc_en=False, packer_l1_acc=True), 'memory_config': <MemoryConfig.L1: 2>}","['ttsim.ttnn.Tensor_251', 'ttsim.ttnn.Tensor_252']",['ttsim.ttnn.Op_126.out'],ttsim.ttnn.Tensor_251[4032x4032]:float16;ttsim.ttnn.Tensor_252[4032x4032]:float16,ttsim.ttnn.Op_126.out[4032x4032]:float16,,,,False,False,,32514048,16257024,65028096,32514048,{'mac': 65548320768},0,32514048,16257024,65548320768,740881,282240,141120,50.0,COMP,740931.0,0.740931,926164.0,740881,0,0.926164,0.5999595103997538,0.0,0.3047409272928248,0.1523704636464124,0.0,0.0,False,HiFi2
Wormhole,n150,1000.0,MATRIX,INT8,TTNN,Matmul2Tensors_1,sweep_32_to_4096_bf16,1,125,ttsim.ttnn.Op_126,True,True,MatMul,1,"{'compute_kernel_config': WormholeComputeKernelConfig(math_fidelity=<MathFidelity.HiFi4: 4>, math_approx_mode=False, dst_full_sync_en=False, fp32_dest_acc_en=False, packer_l1_acc=True), 'memory_config': <MemoryConfig.L1: 2>}","['ttsim.ttnn.Tensor_251', 'ttsim.ttnn.Tensor_252']",['ttsim.ttnn.Op_126.out'],ttsim.ttnn.Tensor_251[4032x4032]:float16;ttsim.ttnn.Tensor_252[4032x4032]:float16,ttsim.ttnn.Op_126.out[4032x4032]:float16,,,,False,False,,32514048,16257024,65028096,32514048,{'mac': 65548320768},0,32514048,16257024,65548320768,740881,282240,141120,50.0,COMP,740931.0,0.740931,926164.0,740881,0,0.926164,0.5999595103997538,0.0,0.3047409272928248,0.1523704636464124,0.0,0.0,False,HiFi4
Wormhole,n150,1000.0,MATRIX,INT8,TTNN,Matmul2Tensors_1,sweep_32_to_4096_bf16,1,126,ttsim.ttnn.Op_127,True,True,MatMul,1,"{'compute_kernel_config': WormholeComputeKernelConfig(math_fidelity=<MathFidelity.LoFi: 1>, math_approx_mode=False, dst_full_sync_en=False, fp32_dest_acc_en=False, packer_l1_acc=True), 'memory_config': <MemoryConfig.L1: 2>}","['ttsim.ttnn.Tensor_253', 'ttsim.ttnn.Tensor_254']",['ttsim.ttnn.Op_127.out'],ttsim.ttnn.Tensor_253[4064x4064]:float16;ttsim.ttnn.Tensor_254[4064x4064]:float16,ttsim.ttnn.Op_127.out[4064x4064]:float16,,,,False,False,,33032192,16516096,66064384,33032192,{'mac': 67121414144},0,33032192,16516096,67121414144,758661,286738,143369,50.0,COMP,758711.0,0.758711,948389.0,758661,0,0.948389,0.5999604592526008,0.0,0.3023422620734377,0.1511711310367188,0.0,0.0,False,LoFi
Wormhole,n150,1000.0,MATRIX,INT8,TTNN,Matmul2Tensors_1,sweep_32_to_4096_bf16,1,126,ttsim.ttnn.Op_127,True,True,MatMul,1,"{'compute_kernel_config': WormholeComputeKernelConfig(math_fidelity=<MathFidelity.HiFi2: 2>, math_approx_mode=False, dst_full_sync_en=False, fp32_dest_acc_en=False, packer_l1_acc=True), 'memory_config': <MemoryConfig.L1: 2>}","['ttsim.ttnn.Tensor_253', 'ttsim.ttnn.Tensor_254']",['ttsim.ttnn.Op_127.out'],ttsim.ttnn.Tensor_253[4064x4064]:float16;ttsim.ttnn.Tensor_254[4064x4064]:float16,ttsim.ttnn.Op_127.out[4064x4064]:float16,,,,False,False,,33032192,16516096,66064384,33032192,{'mac': 67121414144},0,33032192,16516096,67121414144,758661,286738,143369,50.0,COMP,758711.0,0.758711,948389.0,758661,0,0.948389,0.5999604592526008,0.0,0.3023422620734377,0.1511711310367188,0.0,0.0,False,HiFi2
Wormhole,n150,1000.0,MATRIX,INT8,TTNN,Matmul2Tensors_1,sweep_32_to_4096_bf16,1,126,ttsim.ttnn.Op_127,True,True,MatMul,1,"{'compute_kernel_config': WormholeComputeKernelConfig(math_fidelity=<MathFidelity.HiFi4: 4>, math_approx_mode=False, dst_full_sync_en=False, fp32_dest_acc_en=False, packer_l1_acc=True), 'memory_config': <MemoryConfig.L1: 2>}","['ttsim.ttnn.Tensor_253', 'ttsim.ttnn.Tensor_254']",['ttsim.ttnn.Op_127.out'],ttsim.ttnn.Tensor_253[4064x4064]:float16;ttsim.ttnn.Tensor_254[4064x4064]:float16,ttsim.ttnn.Op_127.out[4064x4064]:float16,,,,False,False,,33032192,16516096,66064384,33032192,{'mac': 67121414144},0,33032192,16516096,67121414144,758661,286738,143369,50.0,COMP,758711.0,0.758711,948389.0,758661,0,0.948389,0.5999604592526008,0.0,0.3023422620734377,0.1511711310367188,0.0,0.0,False,HiFi4
Wormhole,n150,1000.0,MATRIX,INT8,TTNN,Matmul2Tensors_1,sweep_32_to_4096_bf16,1,127,ttsim.ttnn.Op_128,True,True,MatMul,1,"{'compute_kernel_config': WormholeComputeKernelConfig(math_fidelity=<MathFidelity.LoFi: 1>, math_approx_mode=False, dst_full_sync_en=False, fp32_dest_acc_en=False, packer_l1_acc=True), 'memory_config': <MemoryConfig.L1: 2>}","['ttsim.ttnn.Tensor_255', 'ttsim.ttnn.Tensor_256']",['ttsim.ttnn.Op_128.out'],ttsim.ttnn.Tensor_255[4096x4096]:float16;ttsim.ttnn.Tensor_256[4096x4096]:float16,ttsim.ttnn.Op_128.out[4096x4096]:float16,,,,False,False,,33554432,16777216,67108864,33554432,{'mac': 68719476736},0,33554432,16777216,68719476736,776723,291272,145636,50.0,COMP,776773.0,0.776773,970967.0,776723,0,0.970967,0.5999613786781981,0.0,0.2999815905032745,0.1499907952516372,0.0,0.0,False,LoFi
Wormhole,n150,1000.0,MATRIX,INT8,TTNN,Matmul2Tensors_1,sweep_32_to_4096_bf16,1,127,ttsim.ttnn.Op_128,True,True,MatMul,1,"{'compute_kernel_config': WormholeComputeKernelConfig(math_fidelity=<MathFidelity.HiFi2: 2>, math_approx_mode=False, dst_full_sync_en=False, fp32_dest_acc_en=False, packer_l1_acc=True), 'memory_config': <MemoryConfig.L1: 2>}","['ttsim.ttnn.Tensor_255', 'ttsim.ttnn.Tensor_256']",['ttsim.ttnn.Op_128.out'],ttsim.ttnn.Tensor_255[4096x4096]:float16;ttsim.ttnn.Tensor_256[4096x4096]:float16,ttsim.ttnn.Op_128.out[4096x4096]:float16,,,,False,False,,33554432,16777216,67108864,33554432,{'mac': 68719476736},0,33554432,16777216,68719476736,776723,291272,145636,50.0,COMP,776773.0,0.776773,970967.0,776723,0,0.970967,0.5999613786781981,0.0,0.2999815905032745,0.1499907952516372,0.0,0.0,False,HiFi2
Wormhole,n150,1000.0,MATRIX,INT8,TTNN,Matmul2Tensors_1,sweep_32_to_4096_bf16,1,127,ttsim.ttnn.Op_128,True,True,MatMul,1,"{'compute_kernel_config': WormholeComputeKernelConfig(math_fidelity=<MathFidelity.HiFi4: 4>, math_approx_mode=False, dst_full_sync_en=False, fp32_dest_acc_en=False, packer_l1_acc=True), 'memory_config': <MemoryConfig.L1: 2>}","['ttsim.ttnn.Tensor_255', 'ttsim.ttnn.Tensor_256']",['ttsim.ttnn.Op_128.out'],ttsim.ttnn.Tensor_255[4096x4096]:float16;ttsim.ttnn.Tensor_256[4096x4096]:float16,ttsim.ttnn.Op_128.out[4096x4096]:float16,,,,False,False,,33554432,16777216,67108864,33554432,{'mac': 68719476736},0,33554432,16777216,68719476736,776723,291272,145636,50.0,COMP,776773.0,0.776773,970967.0,776723,0,0.970967,0.5999613786781981,0.0,0.2999815905032745,0.1499907952516372,0.0,0.0,False,HiFi4
